day,timestamp,product,bid_price_1,bid_volume_1,bid_price_2,bid_volume_2,bid_price_3,bid_volume_3,ask_price_1,ask_volume_1,ask_price_2,ask_volume_2,ask_price_3,ask_volume_3,mid_price,profit_and_loss
1,0,SQUID_INK,1835,1,1834,22,,,1837,1,1838,21,,,1836.0,0.0
1,0,PICNIC_BASKET1,58706,1,58705,10,58704,27,58715,1,58716,10,58717,27,58710.5,0.0
1,0,PICNIC_BASKET2,30252,11,30251,27,,,30257,1,30258,37,,,30254.5,0.0
1,0,RAINFOREST_RESIN,9992,35,,,,,10008,35,,,,,10000.0,0.0
1,0,KELP,2032,23,,,,,2035,22,,,,,2033.5,0.0
1,0,CROISSANTS,4274,123,,,,,4276,123,,,,,4275.0,0.0
1,0,JAMS,6541,255,,,,,6543,255,,,,,6542.0,0.0
1,0,DJEMBES,13409,62,,,,,13410,27,13411,35,,,13409.5,0.0
1,100,KELP,2032,26,,,,,2034,5,2035,26,,,2033.0,0.0
1,100,CROISSANTS,4275,48,4274,54,,,4276,102,,,,,4275.5,0.0
1,100,JAMS,6541,224,,,,,6543,224,,,,,6542.0,0.0
1,100,SQUID_INK,1836,26,,,,,1838,5,1839,26,,,1837.0,0.0
1,100,PICNIC_BASKET1,58710,3,58705,19,58704,20,58716,19,58717,20,,,58713.0,0.0
1,100,PICNIC_BASKET2,30257,3,30255,19,30254,20,30261,39,,,,,30259.0,0.0
1,100,RAINFOREST_RESIN,9992,27,,,,,9999,1,10008,27,,,9995.5,0.0
1,100,DJEMBES,13408,67,,,,,13410,67,,,,,13409.0,0.0
1,200,RAINFOREST_RESIN,9992,35,,,,,10008,35,,,,,10000.0,-3.0
1,200,DJEMBES,13409,65,,,,,13410,65,,,,,13409.5,0.0
1,200,KELP,2034,1,2032,2,2031,30,2035,32,,,,,2034.5,0.0
1,200,CROISSANTS,4275,62,4274,50,,,4276,112,,,,,4275.5,0.0
1,200,JAMS,6542,50,6541,123,,,6543,50,6544,123,,,6542.5,0.0
1,200,SQUID_INK,1841,1,1839,32,,,1842,32,,,,,1841.5,0.0
1,200,PICNIC_BASKET1,58707,2,58706,13,58705,20,58716,2,58717,13,58718,20,58711.5,0.0
1,200,PICNIC_BASKET2,30256,2,30255,33,,,30261,15,30262,20,,,30258.5,0.0
1,300,DJEMBES,13408,62,,,,,13410,62,,,,,13409.0,0.0
1,300,KELP,2032,27,,,,,2035,28,,,,,2033.5,0.0
1,300,CROISSANTS,4275,36,4274,73,,,4276,109,,,,,4275.5,0.0
1,300,SQUID_INK,1841,27,,,,,1844,28,,,,,1842.5,0.0
1,300,PICNIC_BASKET2,30257,1,30256,33,,,30262,16,30263,18,,,30259.5,0.0
1,300,PICNIC_BASKET1,58706,1,58705,15,58704,18,58715,1,58716,15,58717,18,58710.5,0.0
1,300,JAMS,6542,10,6541,236,,,6543,236,,,,,6542.5,0.0
1,300,RAINFOREST_RESIN,9992,35,,,,,10008,35,,,,,10000.0,-3.0
1,400,SQUID_INK,1842,30,,,,,1845,25,,,,,1843.5,0.0
1,400,PICNIC_BASKET2,30255,16,30254,30,,,30261,46,,,,,30258.0,0.0
1,400,PICNIC_BASKET1,58698,16,58697,30,,,58709,16,58710,30,,,58703.5,0.0
1,400,RAINFOREST_RESIN,9992,33,,,,,10008,33,,,,,10000.0,-3.0
1,400,DJEMBES,13410,30,13409,38,,,13411,68,,,,,13410.5,0.0
1,400,KELP,2032,5,2031,25,,,2035,25,,,,,2033.5,0.0
1,400,CROISSANTS,4274,107,,,,,4275,55,4276,52,,,4274.5,0.0
1,400,JAMS,6540,173,,,,,6542,173,,,,,6541.0,0.0
1,500,KELP,2031,22,,,,,2035,22,,,,,2033.0,0.0
1,500,SQUID_INK,1838,22,,,,,1842,22,,,,,1840.0,0.0
1,500,PICNIC_BASKET2,30256,34,,,,,30262,14,30263,20,,,30259.0,0.0
1,500,PICNIC_BASKET1,58697,14,58696,20,,,58708,34,,,,,58702.5,0.0
1,500,CROISSANTS,4274,127,,,,,4275,39,4276,88,,,4274.5,0.0
1,500,JAMS,6541,88,6540,160,,,6542,88,6543,160,,,6541.5,0.0
1,500,RAINFOREST_RESIN,9992,25,,,,,10008,25,,,,,10000.0,-3.0
1,500,DJEMBES,13410,20,13409,37,,,13411,57,,,,,13410.5,0.0
1,600,RAINFOREST_RESIN,9992,30,,,,,10008,30,,,,,10000.0,-3.0
1,600,DJEMBES,13410,66,,,,,13412,66,,,,,13411.0,0.0
1,600,KELP,2031,25,,,,,2033,2,2035,25,,,2032.0,0.0
1,600,CROISSANTS,4274,121,,,,,4276,121,,,,,4275.0,0.0
1,600,JAMS,6541,187,,,,,6543,187,,,,,6542.0,0.0
1,600,SQUID_INK,1838,25,,,,,1840,2,1841,25,,,1839.0,0.0
1,600,PICNIC_BASKET2,30256,37,,,,,30262,14,30263,23,,,30259.0,0.0
1,600,PICNIC_BASKET1,58694,14,58693,23,,,58705,14,58706,23,,,58699.5,0.0
1,700,DJEMBES,13411,62,,,,,13412,62,,,,,13411.5,0.0
1,700,KELP,2032,5,2031,23,,,2035,23,,,,,2033.5,0.0
1,700,SQUID_INK,1834,28,,,,,1837,23,,,,,1835.5,0.0
1,700,PICNIC_BASKET2,30250,30,,,,,30256,12,30257,18,,,30253.0,0.0
1,700,PICNIC_BASKET1,58687,12,58686,18,,,58698,12,58699,18,,,58692.5,0.0
1,700,CROISSANTS,4274,141,,,,,4275,141,,,,,4274.5,0.0
1,700,JAMS,6542,74,6541,143,,,6543,77,6544,143,,,6542.5,0.0
1,700,RAINFOREST_RESIN,9992,30,,,,,9997,9,10008,30,,,9994.5,-3.0
1,800,SQUID_INK,1833,28,,,,,1836,28,,,,,1834.5,0.0
1,800,PICNIC_BASKET2,30251,1,30250,38,,,30256,1,30257,38,,,30253.5,0.0
1,800,PICNIC_BASKET1,58686,1,58685,10,58684,28,58695,1,58696,10,58697,28,58690.5,0.0
1,800,RAINFOREST_RESIN,9992,35,,,,,10008,35,,,,,10000.0,-39.0
1,800,DJEMBES,13411,60,,,,,13412,28,13413,32,,,13411.5,0.0
1,800,KELP,2032,1,2031,27,,,2035,28,,,,,2033.5,0.0
1,800,CROISSANTS,4274,48,4273,69,,,4275,117,,,,,4274.5,0.0
1,800,JAMS,6542,69,6541,145,,,6543,69,6544,145,,,6542.5,0.0
1,900,SQUID_INK,1834,21,,,,,1837,21,,,,,1835.5,0.0
1,900,KELP,2031,21,,,,,2035,21,,,,,2033.0,0.0
1,900,PICNIC_BASKET2,30253,3,30248,38,,,30255,38,,,,,30254.0,0.0
1,900,PICNIC_BASKET1,58697,3,58687,38,,,58698,14,58699,24,,,58697.5,0.0
1,900,CROISSANTS,4274,56,4273,65,,,4275,121,,,,,4274.5,0.0
1,900,JAMS,6542,65,6541,109,,,6543,65,6544,109,,,6542.5,0.0
1,900,RAINFOREST_RESIN,9992,32,,,,,9998,4,10008,32,,,9995.0,-39.0
1,900,DJEMBES,13412,71,,,,,13413,24,13414,41,,,13412.5,0.0
1,1000,RAINFOREST_RESIN,9992,35,,,,,10008,35,,,,,10000.0,-55.0
1,1000,DJEMBES,13413,30,13412,48,,,13414,78,,,,,13413.5,0.0
1,1000,KELP,2032,30,,,,,2035,30,,,,,2033.5,0.0
1,1000,CROISSANTS,4274,40,4273,65,,,4275,105,,,,,4274.5,0.0
1,1000,JAMS,6543,265,,,,,6545,265,,,,,6544.0,0.0
1,1000,SQUID_INK,1835,30,,,,,1838,30,,,,,1836.5,0.0
1,1000,PICNIC_BASKET2,30256,2,30255,48,,,30261,20,30262,30,,,30258.5,0.0
1,1000,PICNIC_BASKET1,58693,2,58692,18,58691,30,58702,2,58703,18,58704,30,58697.5,0.0
1,1100,DJEMBES,13413,63,,,,,13414,63,,,,,13413.5,0.0
1,1100,SQUID_INK,1836,30,,,,,1839,30,,,,,1837.5,0.0
1,1100,KELP,2032,30,,,,,2035,30,,,,,2033.5,0.0
1,1100,PICNIC_BASKET2,30252,21,30251,27,,,30257,2,30258,46,,,30254.5,0.0
1,1100,PICNIC_BASKET1,58687,2,58686,19,58685,27,58696,2,58697,19,58698,27,58691.5,0.0
1,1100,CROISSANTS,4274,40,4273,87,,,4275,127,,,,,4274.5,0.0
1,1100,JAMS,6542,270,,,,,6544,270,,,,,6543.0,0.0
1,1100,RAINFOREST_RESIN,9992,26,,,,,10008,26,,,,,10000.0,-55.0
1,1200,SQUID_INK,1836,29,,,,,1839,1,1840,28,,,1837.5,0.0
1,1200,PICNIC_BASKET2,30252,1,30251,32,,,30257,1,30258,32,,,30254.5,0.0
1,1200,PICNIC_BASKET1,58681,1,58680,12,58679,20,58690,1,58691,12,58692,20,58685.5,0.0
1,1200,RAINFOREST_RESIN,9992,25,,,,,10008,25,,,,,10000.0,-55.0
1,1200,DJEMBES,13412,20,13411,36,,,13413,56,,,,,13412.5,0.0
1,1200,KELP,2032,29,,,,,2035,29,,,,,2033.5,0.0
1,1200,CROISSANTS,4273,117,,,,,4275,117,,,,,4274.0,0.0
1,1200,JAMS,6542,80,6541,110,,,6543,80,6544,110,,,6542.5,0.0
1,1300,SQUID_INK,1839,23,,,,,1842,23,,,,,1840.5,0.0
1,1300,KELP,2032,23,,,,,2035,23,,,,,2033.5,0.0
1,1300,PICNIC_BASKET2,30250,6,30248,5,30245,27,30251,10,30252,17,,,30250.5,0.0
1,1300,PICNIC_BASKET1,58693,6,58688,5,58683,10,58694,10,58695,17,,,58693.5,0.0
1,1300,CROISSANTS,4273,126,,,,,4275,126,,,,,4274.0,0.0
1,1300,JAMS,6542,77,6541,151,,,6543,77,6544,151,,,6542.5,0.0
1,1300,RAINFOREST_RESIN,9992,28,,,,,10003,5,10008,28,,,9997.5,-55.0
1,1300,DJEMBES,13412,52,,,,,13414,52,,,,,13413.0,0.0
1,1400,RAINFOREST_RESIN,9992,28,,,,,10008,28,,,,,10000.0,-56.0
1,1400,DJEMBES,13413,56,,,,,13414,56,,,,,13413.5,0.0
1,1400,KELP,2032,26,,,,,2035,26,,,,,2033.5,0.0
1,1400,JAMS,6542,98,6541,110,,,6543,98,6544,110,,,6542.5,0.0
1,1400,CROISSANTS,4273,158,,,,,4275,158,,,,,4274.0,0.0
1,1400,SQUID_INK,1841,26,,,,,1844,26,,,,,1842.5,0.0
1,1400,PICNIC_BASKET1,58692,2,58691,16,58690,23,58701,2,58702,16,58703,23,58696.5,0.0
1,1400,PICNIC_BASKET2,30245,2,30244,39,,,30250,18,30251,23,,,30247.5,0.0
1,1500,DJEMBES,13412,66,,,,,13414,66,,,,,13413.0,0.0
1,1500,SQUID_INK,1843,1,1842,29,,,1846,31,,,,,1844.5,0.0
1,1500,PICNIC_BASKET1,58690,2,58689,16,58688,26,58699,2,58700,16,58701,26,58694.5,0.0
1,1500,PICNIC_BASKET2,30244,44,,,,,30250,18,30251,26,,,30247.0,0.0
1,1500,KELP,2032,30,,,,,2035,31,,,,,2033.5,0.0
1,1500,CROISSANTS,4273,125,,,,,4274,56,4275,69,,,4273.5,0.0
1,1500,JAMS,6542,69,6541,162,,,6543,69,6544,162,,,6542.5,0.0
1,1500,RAINFOREST_RESIN,9992,28,,,,,10008,28,,,,,10000.0,-56.0
1,1600,SQUID_INK,1842,24,,,,,1845,24,,,,,1843.5,0.0
1,1600,PICNIC_BASKET1,58688,1,58687,12,58686,29,58697,1,58698,12,58699,29,58692.5,0.0
1,1600,PICNIC_BASKET2,30246,1,30245,41,,,30251,1,30252,41,,,30248.5,0.0
1,1600,RAINFOREST_RESIN,9992,31,,,,,10008,31,,,,,10000.0,-56.0
1,1600,DJEMBES,13412,70,,,,,13413,70,,,,,13412.5,0.0
1,1600,KELP,2032,24,,,,,2035,24,,,,,2033.5,0.0
1,1600,CROISSANTS,4273,151,,,,,4275,151,,,,,4274.0,0.0
1,1600,JAMS,6542,89,6541,171,,,6543,89,6544,171,,,6542.5,0.0
1,1700,SQUID_INK,1844,24,,,,,1848,24,,,,,1846.0,0.0
1,1700,PICNIC_BASKET1,58688,18,58687,29,,,58699,18,58700,29,,,58693.5,0.0
1,1700,PICNIC_BASKET2,30245,47,,,,,30251,18,30252,29,,,30248.0,0.0
1,1700,KELP,2032,24,,,,,2036,24,,,,,2034.0,0.0
1,1700,CROISSANTS,4274,122,,,,,4275,122,,,,,4274.5,0.0
1,1700,JAMS,6542,86,6541,139,,,6543,86,6544,139,,,6542.5,0.0
1,1700,RAINFOREST_RESIN,9992,25,,,,,10008,25,,,,,10000.0,-56.0
1,1700,DJEMBES,13412,75,,,,,13413,29,13414,46,,,13412.5,0.0
1,1800,RAINFOREST_RESIN,9992,28,,,,,10008,28,,,,,10000.0,-56.0
1,1800,DJEMBES,13413,15,13412,30,,,13414,45,,,,,13413.5,0.0
1,1800,KELP,2032,30,,,,,2036,30,,,,,2034.0,0.0
1,1800,CROISSANTS,4274,125,,,,,4275,125,,,,,4274.5,0.0
1,1800,JAMS,6542,90,6541,161,,,6543,90,6544,161,,,6542.5,0.0
1,1800,SQUID_INK,1846,30,,,,,1849,30,,,,,1847.5,0.0
1,1800,PICNIC_BASKET1,58685,17,58684,15,,,58695,2,58696,30,,,58690.0,0.0
1,1800,PICNIC_BASKET2,30244,17,30243,15,,,30249,2,30250,30,,,30246.5,0.0
1,1900,DJEMBES,13413,68,,,,,13414,30,13415,38,,,13413.5,0.0
1,1900,KELP,2032,26,,,,,2036,26,,,,,2034.0,0.0
1,1900,PICNIC_BASKET1,58687,2,58686,11,58685,30,58696,2,58697,11,58698,30,58691.5,0.0
1,1900,PICNIC_BASKET2,30243,13,30242,30,,,30249,13,30250,30,,,30246.0,0.0
1,1900,CROISSANTS,4274,47,4273,55,,,4275,102,,,,,4274.5,0.0
1,1900,JAMS,6541,173,,,,,6543,173,,,,,6542.0,0.0
1,1900,SQUID_INK,1847,2,1846,24,,,1850,26,,,,,1848.5,0.0
1,1900,RAINFOREST_RESIN,9992,30,,,,,10008,30,,,,,10000.0,-56.0
1,2000,KELP,2032,22,,,,,2034,1,2036,22,,,2033.0,0.0
1,2000,PICNIC_BASKET1,58686,11,58685,17,,,58697,11,58698,17,,,58691.5,0.0
1,2000,PICNIC_BASKET2,30243,28,,,,,30249,11,30250,17,,,30246.0,0.0
1,2000,SQUID_INK,1847,22,,,,,1849,1,1851,22,,,1848.0,0.0
1,2000,RAINFOREST_RESIN,9992,30,,,,,10008,30,,,,,10000.0,-56.0
1,2000,DJEMBES,13413,56,,,,,13414,56,,,,,13413.5,0.0
1,2000,CROISSANTS,4274,55,4273,89,,,4275,139,,,,,4274.5,0.0
1,2000,JAMS,6541,219,,,,,6543,219,,,,,6542.0,0.0
1,2100,PICNIC_BASKET1,58686,16,58685,15,,,58697,16,58698,15,,,58691.5,0.0
1,2100,PICNIC_BASKET2,30243,31,,,,,30249,16,30250,15,,,30246.0,0.0
1,2100,CROISSANTS,4273,140,,,,,4275,140,,,,,4274.0,0.0
1,2100,JAMS,6541,178,,,,,6543,178,,,,,6542.0,0.0
1,2100,SQUID_INK,1848,25,,,,,1851,25,,,,,1849.5,0.0
1,2100,RAINFOREST_RESIN,9992,30,,,,,10008,30,,,,,10000.0,-56.0
1,2100,DJEMBES,13414,50,,,,,13415,45,,,,,13414.5,0.0
1,2100,KELP,2032,25,,,,,2036,25,,,,,2034.0,0.0
1,2200,RAINFOREST_RESIN,9992,32,,,,,10008,32,,,,,10000.0,-56.0
1,2200,DJEMBES,13415,19,13414,39,,,13416,58,,,,,13415.5,0.0
1,2200,CROISSANTS,4273,133,,,,,4275,133,,,,,4274.0,0.0
1,2200,JAMS,6542,71,6541,131,,,6543,71,6544,131,,,6542.5,0.0
1,2200,KELP,2032,31,,,,,2036,31,,,,,2034.0,0.0
1,2200,PICNIC_BASKET1,58680,2,58679,12,58678,19,58689,2,58690,12,58691,19,58684.5,0.0
1,2200,PICNIC_BASKET2,30243,33,,,,,30249,14,30250,19,,,30246.0,0.0
1,2200,SQUID_INK,1849,31,,,,,1852,31,,,,,1850.5,0.0
1,2300,DJEMBES,13414,66,,,,,13416,66,,,,,13415.0,0.0
1,2300,KELP,2032,21,,,,,2036,21,,,,,2034.0,0.0
1,2300,PICNIC_BASKET1,58682,2,58678,1,58677,44,58687,1,58688,18,58689,26,58684.5,0.0
1,2300,PICNIC_BASKET2,30240,2,30238,1,30237,44,30243,19,30244,26,,,30241.5,0.0
1,2300,CROISSANTS,4273,120,,,,,4274,38,4275,82,,,4273.5,0.0
1,2300,JAMS,6542,82,6541,117,,,6543,82,6544,117,,,6542.5,0.0
1,2300,SQUID_INK,1849,21,,,,,1852,21,,,,,1850.5,0.0
1,2300,RAINFOREST_RESIN,9992,28,,,,,10008,28,,,,,10000.0,-56.0
1,2400,KELP,2035,1,2033,3,2032,26,2036,26,,,,,2035.5,0.0
1,2400,PICNIC_BASKET1,58674,1,58673,16,58672,28,58683,1,58684,16,58685,28,58678.5,0.0
1,2400,PICNIC_BASKET2,30236,1,30235,44,,,30241,17,30242,28,,,30238.5,0.0
1,2400,SQUID_INK,1849,1,1848,3,1847,26,1850,26,,,,,1849.5,0.0
1,2400,RAINFOREST_RESIN,9992,32,,,,,10008,32,,,,,10000.0,-56.0
1,2400,DJEMBES,13415,58,,,,,13416,58,,,,,13415.5,0.0
1,2400,CROISSANTS,4273,106,,,,,4274,48,4275,58,,,4273.5,0.0
1,2400,JAMS,6542,160,,,,,6544,160,,,,,6543.0,0.0
1,2500,PICNIC_BASKET2,30237,11,30236,18,,,30243,29,,,,,30240.0,0.0
1,2500,PICNIC_BASKET1,58670,11,58669,18,,,58681,11,58682,18,,,58675.5,0.0
1,2500,CROISSANTS,4273,157,,,,,4275,157,,,,,4274.0,0.0
1,2500,SQUID_INK,1850,27,,,,,1853,27,,,,,1851.5,-2.162353515625
1,2500,RAINFOREST_RESIN,9992,29,,,,,10008,29,,,,,10000.0,-56.0
1,2500,JAMS,6542,92,6541,191,,,6543,92,6544,191,,,6542.5,0.0
1,2500,DJEMBES,13415,56,,,,,13416,56,,,,,13415.5,0.0
1,2500,KELP,2032,27,,,,,2036,27,,,,,2034.0,0.912353515625
1,2600,RAINFOREST_RESIN,9992,35,,,,,10008,35,,,,,10000.0,-56.0
1,2600,DJEMBES,13415,74,,,,,13417,74,,,,,13416.0,0.0
1,2600,CROISSANTS,4274,136,,,,,4275,136,,,,,4274.5,0.0
1,2600,JAMS,6542,250,,,,,6544,250,,,,,6543.0,0.0
1,2600,KELP,2033,21,,,,,2036,21,,,,,2034.5,0.6591796875
1,2600,PICNIC_BASKET2,30238,11,30237,25,,,30243,1,30244,35,,,30240.5,0.0
1,2600,PICNIC_BASKET1,58675,1,58674,10,58673,25,58684,1,58685,10,58686,25,58679.5,0.0
1,2600,SQUID_INK,1851,21,,,,,1854,21,,,,,1852.5,-3.54931640625
1,2700,CROISSANTS,4274,106,,,,,4275,106,,,,,4274.5,0.0
1,2700,JAMS,6542,190,,,,,6544,190,,,,,6543.0,0.0
1,2700,DJEMBES,13415,78,,,,,13416,28,13417,50,,,13415.5,0.0
1,2700,KELP,2035,1,2033,33,,,2036,31,,,,,2035.5,0.72900390625
1,2700,PICNIC_BASKET2,30238,2,30237,39,,,30243,2,30244,39,,,30240.5,0.0
1,2700,PICNIC_BASKET1,58672,2,58671,11,58670,28,58681,2,58682,11,58683,28,58676.5,0.0
1,2700,SQUID_INK,1855,1,1853,33,,,1856,31,,,,,1855.5,-5.560546875
1,2700,RAINFOREST_RESIN,9992,32,,,,,10008,32,,,,,10000.0,-56.0
1,2800,CROISSANTS,4274,49,4273,80,,,4275,129,,,,,4274.5,0.0
1,2800,JAMS,6542,80,6541,155,,,6543,80,6544,155,,,6542.5,0.0
1,2800,KELP,2033,27,,,,,2036,22,,,,,2034.5,1.253173828125
1,2800,PICNIC_BASKET2,30241,12,30240,22,,,30247,34,,,,,30244.0,0.0
1,2800,PICNIC_BASKET1,58671,12,58670,22,,,58682,12,58683,22,,,58676.5,0.0
1,2800,SQUID_INK,1854,5,1853,22,,,1857,22,,,,,1855.5,-6.03369140625
1,2800,RAINFOREST_RESIN,9992,25,,,,,10008,25,,,,,10000.0,-56.0
1,2800,DJEMBES,13416,33,13415,42,,,13417,64,,,,,13416.5,0.0
1,2900,PICNIC_BASKET2,30243,17,30242,26,,,30248,1,30249,42,,,30245.5,0.0
1,2900,PICNIC_BASKET1,58671,1,58670,16,58669,26,58680,1,58681,16,58682,26,58675.5,0.0
1,2900,SQUID_INK,1853,22,,,,,1856,22,,,,,1854.5,-4.9267578125
1,2900,RAINFOREST_RESIN,9992,33,,,,,10008,33,,,,,10000.0,-56.0
1,2900,CROISSANTS,4274,117,,,,,4275,117,,,,,4274.5,0.0
1,2900,JAMS,6542,222,,,,,6544,222,,,,,6543.0,0.0
1,2900,DJEMBES,13416,66,,,,,13417,66,,,,,13416.5,0.0
1,2900,KELP,2032,22,,,,,2036,22,,,,,2034.0,2.052001953125
1,3000,RAINFOREST_RESIN,9992,30,,,,,10008,30,,,,,10000.0,-56.0
1,3000,DJEMBES,13417,16,13416,32,,,13418,48,,,,,13417.5,0.0
1,3000,CROISSANTS,4274,91,,,,,4275,91,,,,,4274.5,0.0
1,3000,JAMS,6543,213,,,,,6545,213,,,,,6544.0,0.0
1,3000,KELP,2033,28,,,,,2036,28,,,,,2034.5,1.31884765625
1,3000,PICNIC_BASKET2,30247,12,30246,16,,,30249,6,30252,1,30253,27,30248.0,0.0
1,3000,PICNIC_BASKET1,58679,12,58678,16,,,58684,6,58689,1,58690,27,58681.5,0.0
1,3000,SQUID_INK,1853,28,,,,,1856,28,,,,,1854.5,-4.325439453125
1,3100,CROISSANTS,4274,115,,,,,4276,115,,,,,4275.0,0.0
1,3100,JAMS,6543,248,,,,,6545,248,,,,,6544.0,0.0
1,3100,DJEMBES,13416,62,,,,,13417,62,,,,,13416.5,0.0
1,3100,KELP,2032,25,,,,,2036,25,,,,,2034.0,1.845458984375
1,3100,PICNIC_BASKET2,30247,33,,,,,30254,33,,,,,30250.5,0.0
1,3100,PICNIC_BASKET1,58674,18,58673,15,,,58685,18,58686,15,,,58679.5,0.0
1,3100,SQUID_INK,1851,25,,,,,1854,25,,,,,1852.5,-1.1953125
1,3100,RAINFOREST_RESIN,9992,34,,,,,10008,34,,,,,10000.0,-56.0
1,3200,CROISSANTS,4274,130,,,,,4275,130,,,,,4274.5,0.0
1,3200,JAMS,6543,203,,,,,6545,203,,,,,6544.0,0.0
1,3200,KELP,2033,1,2032,28,,,2035,7,2036,29,,,2034.0,1.605712890625
1,3200,PICNIC_BASKET2,30250,1,30249,41,,,30255,13,30256,29,,,30252.5,0.0
1,3200,PICNIC_BASKET1,58677,13,58676,29,,,58687,1,58688,41,,,58682.0,0.0
1,3200,SQUID_INK,1851,29,,,,,1853,7,1854,29,,,1852.0,-1.683837890625
1,3200,RAINFOREST_RESIN,9992,34,,,,,10008,34,,,,,10000.0,-56.0
1,3200,DJEMBES,13417,61,,,,,13418,61,,,,,13417.5,0.0
1,3300,PICNIC_BASKET2,30248,2,30247,40,,,30253,14,30254,28,,,30250.5,0.0
1,3300,PICNIC_BASKET1,58671,2,58670,12,58669,28,58680,2,58681,12,58682,28,58675.5,0.0
1,3300,SQUID_INK,1851,28,,,,,1854,28,,,,,1852.5,-0.468505859375
1,3300,RAINFOREST_RESIN,9992,28,,,,,10008,28,,,,,10000.0,-56.0
1,3300,CROISSANTS,4274,123,,,,,4275,123,,,,,4274.5,0.0
1,3300,JAMS,6543,79,6542,139,,,6544,79,6545,139,,,6543.5,0.0
1,3300,DJEMBES,13415,63,,,,,13416,63,,,,,13415.5,0.0
1,3300,KELP,2033,2,2032,26,,,2036,28,,,,,2034.5,1.6455078125
1,3400,RAINFOREST_RESIN,9997,8,9992,34,,,10008,34,,,,,10002.5,-56.0
1,3400,DJEMBES,13416,22,13415,41,,,13417,63,,,,,13416.5,0.0
1,3400,CROISSANTS,4274,102,,,,,4275,102,,,,,4274.5,0.0
1,3400,JAMS,6543,50,6542,116,,,6544,50,6545,116,,,6543.5,0.0
1,3400,KELP,2034,3,2033,1,2032,25,2036,26,,,,,2035.0,1.74609375
1,3400,PICNIC_BASKET2,30246,20,30245,22,,,30251,1,30252,41,,,30248.5,0.0
1,3400,PICNIC_BASKET1,58674,1,58673,19,58672,22,58683,1,58684,19,58685,22,58678.5,0.0
1,3400,SQUID_INK,1851,3,1850,26,,,1853,26,,,,,1852.0,0.52783203125
1,3500,CROISSANTS,4274,140,,,,,4275,140,,,,,4274.5,0.0
1,3500,JAMS,6544,193,,,,,6546,193,,,,,6545.0,0.0
1,3500,DJEMBES,13414,78,,,,,13415,78,,,,,13414.5,0.0
1,3500,KELP,2033,2,2032,21,,,2035,1,2036,23,,,2034.0,1.604736328125
1,3500,PICNIC_BASKET2,30248,2,30247,42,,,30253,16,30254,28,,,30250.5,0.0
1,3500,PICNIC_BASKET1,58680,2,58679,14,58678,28,58689,2,58690,14,58691,28,58684.5,0.0
1,3500,SQUID_INK,1852,23,,,,,1853,1,1855,23,,,1852.5,-2.27294921875
1,3500,RAINFOREST_RESIN,9992,35,,,,,10008,35,,,,,10000.0,-56.0
1,3600,JAMS,6543,257,,,,,6545,257,,,,,6544.0,0.0
1,3600,CROISSANTS,4274,57,4273,97,,,4275,154,,,,,4274.5,0.0
1,3600,PICNIC_BASKET1,58676,15,58675,23,,,58687,15,58688,23,,,58681.5,0.0
1,3600,PICNIC_BASKET2,30244,38,,,,,30250,15,30251,23,,,30247.0,0.0
1,3600,KELP,2034,3,2033,30,,,2036,30,,,,,2035.0,1.4619140625
1,3600,SQUID_INK,1851,3,1850,30,,,1853,30,,,,,1852.0,0.986572265625
1,3600,DJEMBES,13414,61,,,,,13416,61,,,,,13415.0,0.0
1,3600,RAINFOREST_RESIN,9992,33,,,,,10008,33,,,,,10000.0,-56.0
1,3700,SQUID_INK,1851,20,,,,,1852,2,1854,25,,,1851.5,-0.3671875
1,3700,RAINFOREST_RESIN,9997,5,9992,35,,,10008,35,,,,,10002.5,-56.0
1,3700,PICNIC_BASKET1,58675,1,58674,16,58673,15,58684,1,58685,16,58686,15,58679.5,0.0
1,3700,PICNIC_BASKET2,30244,1,30243,31,,,30249,17,30250,15,,,30246.5,0.0
1,3700,CROISSANTS,4274,58,4273,75,,,4275,133,,,,,4274.5,0.0
1,3700,JAMS,6543,198,,,,,6545,198,,,,,6544.0,0.0
1,3700,DJEMBES,13413,15,13412,44,,,13414,59,,,,,13413.5,0.0
1,3700,KELP,2033,20,,,,,2035,2,2036,25,,,2034.0,1.501220703125
1,3800,DJEMBES,13414,60,,,,,13415,60,,,,,13414.5,0.0
1,3800,RAINFOREST_RESIN,9992,31,,,,,10008,31,,,,,10000.0,-56.0
1,3800,CROISSANTS,4274,49,4273,97,,,4275,146,,,,,4274.5,0.0
1,3800,JAMS,6543,198,,,,,6545,198,,,,,6544.0,0.0
1,3800,PICNIC_BASKET1,58680,1,58679,11,58678,25,58689,1,58690,11,58691,25,58684.5,0.0
1,3800,PICNIC_BASKET2,30245,37,,,,,30251,12,30252,25,,,30248.0,0.0
1,3800,KELP,2033,30,,,,,2036,30,,,,,2034.5,1.50244140625
1,3800,SQUID_INK,1849,30,,,,,1852,30,,,,,1850.5,2.444091796875
1,3900,CROISSANTS,4273,135,,,,,4275,135,,,,,4274.0,0.0
1,3900,JAMS,6542,247,,,,,6544,247,,,,,6543.0,0.0
1,3900,DJEMBES,13414,63,,,,,13415,63,,,,,13414.5,0.0
1,3900,KELP,2033,33,,,,,2036,28,,,,,2034.5,1.4609375
1,3900,SQUID_INK,1850,33,,,,,1853,28,,,,,1851.5,1.211669921875
1,3900,RAINFOREST_RESIN,9992,34,,,,,10008,34,,,,,10000.0,-56.0
1,3900,PICNIC_BASKET1,58675,2,58674,11,58673,23,58684,2,58685,11,58686,23,58679.5,0.0
1,3900,PICNIC_BASKET2,30241,13,30240,23,,,30246,2,30247,34,,,30243.5,0.0
1,4000,CROISSANTS,4273,142,,,,,4275,142,,,,,4274.0,0.0
1,4000,JAMS,6542,242,,,,,6544,242,,,,,6543.0,0.0
1,4000,PICNIC_BASKET1,58681,2,58680,16,58679,22,58690,2,58691,16,58692,22,58685.5,0.0
1,4000,PICNIC_BASKET2,30245,2,30244,38,,,30250,2,30251,38,,,30247.5,0.0
1,4000,KELP,2033,2,2032,30,,,2036,32,,,,,2034.5,1.646240234375
1,4000,SQUID_INK,1850,32,,,,,1853,2,1854,30,,,1851.5,0.044189453125
1,4000,DJEMBES,13414,52,,,,,13416,52,,,,,13415.0,0.0
1,4000,RAINFOREST_RESIN,9992,33,,,,,10008,33,,,,,10000.0,-56.0
1,4100,RAINFOREST_RESIN,9992,34,,,,,10008,34,,,,,10000.0,-56.0
1,4100,SQUID_INK,1851,26,,,,,1854,26,,,,,1852.5,-0.94287109375
1,4100,PICNIC_BASKET1,58677,1,58676,11,58675,19,58686,1,58687,11,58688,19,58681.5,0.0
1,4100,PICNIC_BASKET2,30243,12,30242,19,,,30249,31,,,,,30246.0,0.0
1,4100,KELP,2032,26,,,,,2036,26,,,,,2034.0,2.018798828125
1,4100,CROISSANTS,4273,136,,,,,4274,136,,,,,4273.5,0.0
1,4100,JAMS,6542,244,,,,,6544,244,,,,,6543.0,0.0
1,4100,DJEMBES,13414,57,,,,,13415,19,13416,38,,,13414.5,0.0
1,4200,DJEMBES,13415,53,,,,,13416,48,,,,,13415.5,0.0
1,4200,RAINFOREST_RESIN,9992,26,,,,,9999,1,10008,26,,,9995.5,-56.0
1,4200,KELP,2032,28,,,,,2036,28,,,,,2034.0,1.809814453125
1,4200,CROISSANTS,4273,46,4272,82,,,4274,128,,,,,4273.5,0.0
1,4200,JAMS,6542,197,,,,,6544,197,,,,,6543.0,0.0
1,4200,SQUID_INK,1852,28,,,,,1855,28,,,,,1853.5,-3.019775390625
1,4200,PICNIC_BASKET1,58674,2,58673,20,58672,16,58683,2,58684,20,58685,16,58678.5,0.0
1,4200,PICNIC_BASKET2,30243,2,30242,36,,,30248,22,30249,16,,,30245.5,0.0
1,4300,KELP,2032,25,,,,,2033,5,2035,1,2036,24,2032.5,2.2412109375
1,4300,CROISSANTS,4273,55,4272,59,,,4274,114,,,,,4273.5,0.0
1,4300,JAMS,6542,195,,,,,6544,195,,,,,6543.0,0.0
1,4300,DJEMBES,13415,24,13414,48,,,13416,72,,,,,13415.5,0.0
1,4300,RAINFOREST_RESIN,9992,35,,,,,10008,35,,,,,10000.0,-56.0
1,4300,SQUID_INK,1854,1,1853,24,,,1855,5,1857,25,,,1854.5,-6.127685546875
1,4300,PICNIC_BASKET1,58674,1,58673,42,,,58684,19,58685,24,,,58679.0,0.0
1,4300,PICNIC_BASKET2,30245,19,30244,24,,,30250,1,30251,42,,,30247.5,0.0
1,4400,KELP,2032,22,,,,,2035,22,,,,,2033.5,2.462646484375
1,4400,CROISSANTS,4273,91,,,,,4274,91,,,,,4273.5,0.0
1,4400,JAMS,6542,249,,,,,6544,249,,,,,6543.0,0.0
1,4400,SQUID_INK,1853,22,,,,,1856,22,,,,,1854.5,-6.4619140625
1,4400,PICNIC_BASKET1,58678,46,,,,,58689,16,58690,30,,,58683.5,0.0
1,4400,PICNIC_BASKET2,30246,16,30245,30,,,30252,46,,,,,30249.0,0.0
1,4400,DJEMBES,13415,64,,,,,13416,30,13417,34,,,13415.5,0.0
1,4400,RAINFOREST_RESIN,9992,30,,,,,10008,30,,,,,10000.0,-56.0
1,4500,RAINFOREST_RESIN,9992,33,,,,,9998,3,10008,33,,,9995.0,-56.0
1,4500,SQUID_INK,1852,26,,,,,1855,26,,,,,1853.5,-3.23486328125
1,4500,PICNIC_BASKET1,58675,11,58674,18,,,58686,11,58687,18,,,58680.5,0.0
1,4500,PICNIC_BASKET2,30245,29,,,,,30252,29,,,,,30248.5,0.0
1,4500,KELP,2032,26,,,,,2036,26,,,,,2034.0,2.397705078125
1,4500,CROISSANTS,4272,144,,,,,4274,144,,,,,4273.0,0.0
1,4500,JAMS,6542,265,,,,,6544,265,,,,,6543.0,0.0
1,4500,DJEMBES,13416,18,13415,48,,,13417,66,,,,,13416.5,0.0
1,4600,DJEMBES,13415,71,,,,,13416,28,13417,43,,,13415.5,0.0
1,4600,RAINFOREST_RESIN,9992,31,,,,,10008,31,,,,,10000.0,-80.0
1,4600,KELP,2034,1,2032,22,,,2035,1,2036,21,,,2034.5,2.333984375
1,4600,CROISSANTS,4273,63,4272,52,,,4274,115,,,,,4273.5,0.0
1,4600,JAMS,6542,225,,,,,6544,235,,,,,6543.0,0.0
1,4600,SQUID_INK,1856,1,1854,22,,,1857,22,,,,,1856.5,-8.8212890625
1,4600,PICNIC_BASKET1,58672,1,58671,12,58670,28,58681,1,58682,12,58683,28,58676.5,0.0
1,4600,PICNIC_BASKET2,30245,13,30244,28,,,30251,13,30252,28,,,30248.0,0.0
1,4700,DJEMBES,13415,70,,,,,13416,22,13417,48,,,13415.5,0.0
1,4700,KELP,2032,35,,,,,2035,27,,,,,2033.5,2.8759765625
1,4700,CROISSANTS,4271,149,,,,,4272,58,4273,91,,,4271.5,0.0
1,4700,JAMS,6542,195,,,,,6544,195,,,,,6543.0,0.0
1,4700,RAINFOREST_RESIN,9992,25,,,,,10008,25,,,,,10000.0,-80.0
1,4700,SQUID_INK,1854,35,,,,,1857,27,,,,,1855.5,-7.474609375
1,4700,PICNIC_BASKET2,30240,41,,,,,30246,19,30247,22,,,30243.0,0.0
1,4700,PICNIC_BASKET1,58669,19,58668,22,,,58680,19,58681,22,,,58674.5,0.0
1,4800,KELP,2032,29,,,,,2036,29,,,,,2034.0,2.3193359375
1,4800,CROISSANTS,4271,120,,,,,4272,40,4273,80,,,4271.5,0.0
1,4800,SQUID_INK,1854,29,,,,,1857,29,,,,,1855.5,-9.935546875
1,4800,PICNIC_BASKET2,30240,1,30239,37,,,30245,1,30246,37,,,30242.5,0.0
1,4800,PICNIC_BASKET1,58665,1,58664,17,58663,20,58674,1,58675,17,58676,20,58669.5,0.0
1,4800,JAMS,6542,266,,,,,6544,266,,,,,6543.0,0.0
1,4800,DJEMBES,13415,62,,,,,13416,20,13417,42,,,13415.5,0.0
1,4800,RAINFOREST_RESIN,9992,35,,,,,10008,35,,,,,10000.0,-80.0
1,4900,RAINFOREST_RESIN,9992,26,,,,,10008,26,,,,,10000.0,-66.0
1,4900,SQUID_INK,1853,29,,,,,1856,29,,,,,1854.5,-3.369140625
1,4900,PICNIC_BASKET2,30239,17,30238,22,,,30244,2,30245,37,,,30241.5,0.0
1,4900,PICNIC_BASKET1,58666,2,58665,15,58664,22,58675,2,58676,15,58677,22,58670.5,0.0
1,4900,DJEMBES,13414,70,,,,,13415,7,13416,70,,,13414.5,0.0
1,4900,KELP,2032,29,,,,,2035,2,2036,27,,,2033.5,2.6533203125
1,4900,CROISSANTS,4271,144,,,,,4272,138,,,,,4271.5,0.0
1,4900,JAMS,6542,203,,,,,6544,203,,,,,6543.0,0.0
1,5000,DJEMBES,13415,72,,,,,13416,72,,,,,13415.5,0.0
1,5000,RAINFOREST_RESIN,9992,25,,,,,10008,25,,,,,10000.0,-66.0
1,5000,KELP,2033,6,2032,31,,,2035,2,2036,29,,,2034.0,2.49951171875
1,5000,SQUID_INK,1854,8,1853,29,,,1857,31,,,,,1855.5,-6.7783203125
1,5000,PICNIC_BASKET2,30238,18,30237,26,,,30243,2,30244,42,,,30240.5,0.0
1,5000,PICNIC_BASKET1,58660,2,58659,42,,,58670,18,58671,26,,,58665.0,0.0
1,5000,CROISSANTS,4271,120,,,,,4272,124,,,,,4271.5,0.0
1,5000,JAMS,6542,202,,,,,6544,202,,,,,6543.0,0.0
1,5100,DJEMBES,13416,27,13415,46,,,13417,73,,,,,13416.5,0.0
1,5100,KELP,2033,1,2032,25,,,2035,1,2036,24,,,2034.0,2.5576171875
1,5100,CROISSANTS,4271,39,4270,74,,,4272,113,,,,,4271.5,0.0
1,5100,JAMS,6542,272,,,,,6544,272,,,,,6543.0,0.0
1,5100,RAINFOREST_RESIN,9992,28,,,,,10003,8,10008,28,,,9997.5,-66.0
1,5100,SQUID_INK,1853,1,1852,25,,,1855,25,,,,,1854.0,3.431640625
1,5100,PICNIC_BASKET2,30235,14,30234,27,,,30240,1,30241,40,,,30237.5,0.0
1,5100,PICNIC_BASKET1,58659,1,58658,13,58657,27,58668,1,58669,13,58670,27,58663.5,0.0
1,5200,SQUID_INK,1853,30,,,,,1856,30,,,,,1854.5,-0.3466796875
1,5200,KELP,2032,30,,,,,2035,1,2036,29,,,2033.5,2.58740234375
1,5200,PICNIC_BASKET2,30236,5,30234,1,30233,37,30239,14,30240,24,,,30237.5,0.0
1,5200,PICNIC_BASKET1,58659,5,58655,1,58654,13,58664,1,58665,13,58666,24,58661.5,0.0
1,5200,CROISSANTS,4271,44,4270,79,,,4272,123,,,,,4271.5,0.0
1,5200,JAMS,6542,79,6541,195,,,6543,79,6544,195,,,6542.5,0.0
1,5200,DJEMBES,13414,61,,,,,13416,61,,,,,13415.0,0.0
1,5200,RAINFOREST_RESIN,9997,5,9992,26,,,10008,26,,,,,10002.5,-70.0
1,5300,RAINFOREST_RESIN,9992,35,,,,,10008,35,,,,,10000.0,-70.0
1,5300,SQUID_INK,1854,1,1852,22,,,1855,22,,,,,1854.5,3.2314453125
1,5300,PICNIC_BASKET2,30235,12,30234,26,,,30240,1,30241,37,,,30237.5,0.0
1,5300,PICNIC_BASKET1,58650,1,58649,37,,,58660,12,58661,26,,,58655.0,0.0
1,5300,DJEMBES,13412,66,,,,,13414,66,,,,,13413.0,0.0
1,5300,KELP,2034,1,2032,22,,,2036,22,,,,,2035.0,2.1337890625
1,5300,CROISSANTS,4271,40,4270,97,,,4272,137,,,,,4271.5,0.0
1,5300,JAMS,6541,97,6540,152,,,6542,97,6543,152,,,6541.5,0.0
1,5400,DJEMBES,13412,63,,,,,13413,63,,,,,13412.5,0.0
1,5400,RAINFOREST_RESIN,10001,1,9992,28,,,10008,28,,,,,10004.5,-56.0
1,5400,SQUID_INK,1853,17,,,,,1854,7,1856,22,,,1853.5,0.4248046875
1,5400,KELP,2032,22,,,,,2033,5,2034,7,2036,22,2032.5,2.07421875
1,5400,PICNIC_BASKET2,30237,2,30236,39,,,30242,15,30243,26,,,30239.5,0.0
1,5400,PICNIC_BASKET1,58652,2,58651,13,58650,26,58661,2,58662,13,58663,26,58656.5,0.0
1,5400,CROISSANTS,4271,144,,,,,4272,55,4273,89,,,4271.5,0.0
1,5400,JAMS,6540,224,,,,,6542,224,,,,,6541.0,0.0
1,5500,DJEMBES,13412,60,,,,,13414,60,,,,,13413.0,0.0
1,5500,KELP,2032,29,,,,,2036,29,,,,,2034.0,1.89111328125
1,5500,CROISSANTS,4271,115,,,,,4272,115,,,,,4271.5,0.0
1,5500,JAMS,6540,201,,,,,6542,205,,,,,6541.0,0.0
1,5500,RAINFOREST_RESIN,9992,31,,,,,10008,31,,,,,10000.0,-56.0
1,5500,SQUID_INK,1854,29,,,,,1857,29,,,,,1855.5,-9.3447265625
1,5500,PICNIC_BASKET2,30234,19,30233,21,,,30239,1,30240,39,,,30236.5,0.0
1,5500,PICNIC_BASKET1,58652,1,58651,39,,,58662,19,58663,21,,,58657.0,0.0
1,5600,SQUID_INK,1852,8,1851,21,,,1855,21,,,,,1853.5,10.7041015625
1,5600,KELP,2033,8,2032,21,,,2036,21,,,,,2034.5,1.890625
1,5600,PICNIC_BASKET2,30232,38,,,,,30235,3,30239,38,,,30233.5,0.0
1,5600,PICNIC_BASKET1,58648,17,58647,21,,,58653,3,58659,17,58660,21,58650.5,0.0
1,5600,CROISSANTS,4271,128,,,,,4272,128,,,,,4271.5,0.0
1,5600,JAMS,6540,248,,,,,6542,248,,,,,6541.0,0.0
1,5600,DJEMBES,13413,21,13412,49,,,13414,70,,,,,13413.5,0.0
1,5600,RAINFOREST_RESIN,9992,32,,,,,10008,32,,,,,10000.0,-56.0
1,5700,RAINFOREST_RESIN,9997,5,9992,31,,,10008,31,,,,,10002.5,-56.0
1,5700,SQUID_INK,1850,37,,,,,1853,30,,,,,1851.5,23.5654296875
1,5700,PICNIC_BASKET2,30231,37,,,,,30237,20,30238,19,,,30234.0,0.0
1,5700,PICNIC_BASKET1,58649,18,58648,19,,,58659,1,58660,38,,,58654.0,0.0
1,5700,DJEMBES,13413,69,,,,,13414,19,13415,50,,,13413.5,0.0
1,5700,KELP,2033,8,2032,29,,,2036,30,,,,,2034.5,1.53369140625
1,5700,CROISSANTS,4271,54,4270,89,,,4272,143,,,,,4271.5,0.0
1,5700,JAMS,6540,243,,,,,6542,243,,,,,6541.0,0.0
1,5800,DJEMBES,13413,51,,,,,13414,21,13415,30,,,13413.5,0.0
1,5800,RAINFOREST_RESIN,9992,28,,,,,10003,4,10008,28,,,9997.5,-56.0
1,5800,SQUID_INK,1851,9,1850,28,,,1854,30,,,,,1852.5,17.6708984375
1,5800,PICNIC_BASKET1,58650,2,58649,15,58648,21,58659,2,58660,15,58661,21,58654.5,0.0
1,5800,PICNIC_BASKET2,30234,2,30233,36,,,30239,2,30240,36,,,30236.5,0.0
1,5800,KELP,2033,7,2032,30,,,2036,30,,,,,2034.5,0.0546875
1,5800,JAMS,6540,239,,,,,6542,239,,,,,6541.0,0.0
1,5800,CROISSANTS,4271,114,,,,,4272,114,,,,,4271.5,0.0
1,5900,DJEMBES,13414,75,,,,,13415,75,,,,,13414.5,0.0
1,5900,KELP,2034,4,2032,31,,,2036,31,,,,,2035.0,-0.63671875
1,5900,JAMS,6540,244,,,,,6542,244,,,,,6541.0,0.0
1,5900,CROISSANTS,4271,124,,,,,4272,124,,,,,4271.5,0.0
1,5900,RAINFOREST_RESIN,9992,30,,,,,10008,30,,,,,10000.0,-56.0
1,5900,SQUID_INK,1852,4,1851,2,1850,29,1854,31,,,,,1853.0,17.7900390625
1,5900,PICNIC_BASKET1,58652,2,58648,2,58647,40,58658,16,58659,26,,,58655.0,0.0
1,5900,PICNIC_BASKET2,30232,2,30230,16,30229,26,30235,2,30236,40,,,30233.5,0.0
1,6000,SQUID_INK,1853,32,,,,,1856,32,,,,,1854.5,-1.9833984375
1,6000,PICNIC_BASKET1,58649,2,58648,18,58647,23,58658,2,58659,18,58660,23,58653.5,0.0
1,6000,PICNIC_BASKET2,30229,20,30228,23,,,30234,2,30235,41,,,30231.5,0.0
1,6000,KELP,2032,32,,,,,2036,32,,,,,2034.0,12.5625
1,6000,CROISSANTS,4271,53,4270,64,,,4272,117,,,,,4271.5,0.0
1,6000,JAMS,6540,210,,,,,6542,210,,,,,6541.0,0.0
1,6000,DJEMBES,13414,58,,,,,13415,58,,,,,13414.5,0.0
1,6000,RAINFOREST_RESIN,9997,6,9992,34,,,10008,34,,,,,10002.5,-56.0
1,6100,RAINFOREST_RESIN,10003,11,9997,7,9992,31,10008,31,,,,,10005.5,-56.0
1,6100,SQUID_INK,1853,24,,,,,1855,8,1856,29,,,1854.0,-0.185546875
1,6100,PICNIC_BASKET1,58648,14,58647,16,,,58658,1,58659,29,,,58653.0,0.0
1,6100,PICNIC_BASKET2,30231,14,30230,16,,,30237,30,,,,,30234.0,0.0
1,6100,DJEMBES,13413,50,,,,,13414,50,,,,,13413.5,0.0
1,6100,KELP,2032,28,,,,,2033,4,2034,8,2036,29,2032.5,8.328125
1,6100,CROISSANTS,4271,114,,,,,4272,44,4273,70,,,4271.5,0.0
1,6100,JAMS,6540,183,,,,,6542,183,,,,,6541.0,0.0
1,6200,DJEMBES,13414,76,,,,,13415,76,,,,,13414.5,0.0
1,6200,RAINFOREST_RESIN,10001,1,9997,5,9992,29,10008,29,,,,,10004.5,-56.0
1,6200,SQUID_INK,1853,21,,,,,1856,21,,,,,1854.5,-3.0263671875
1,6200,PICNIC_BASKET1,58652,1,58651,14,58650,27,58661,1,58662,14,58663,27,58656.5,0.0
1,6200,PICNIC_BASKET2,30231,1,30230,41,,,30236,15,30237,27,,,30233.5,0.0
1,6200,KELP,2032,21,,,,,2036,21,,,,,2034.0,12.2265625
1,6200,CROISSANTS,4271,144,,,,,4272,61,4273,83,,,4271.5,0.0
1,6200,JAMS,6540,276,,,,,6542,279,,,,,6541.0,0.0
1,6300,KELP,2032,22,,,,,2036,22,,,,,2034.0,10.875
1,6300,DJEMBES,13413,30,13412,44,,,13414,74,,,,,13413.5,0.0
1,6300,CROISSANTS,4271,146,,,,,4273,146,,,,,4272.0,0.0
1,6300,JAMS,6540,259,,,,,6542,259,,,,,6541.0,0.0
1,6300,RAINFOREST_RESIN,10001,1,9992,34,,,10003,3,10008,34,,,10002.0,-56.0
1,6300,PICNIC_BASKET1,58652,15,58651,30,,,58663,15,58664,30,,,58657.5,0.0
1,6300,PICNIC_BASKET2,30233,15,30232,30,,,30239,45,,,,,30236.0,0.0
1,6300,SQUID_INK,1855,22,,,,,1858,22,,,,,1856.5,-15.9052734375
1,6400,PICNIC_BASKET1,58653,2,58652,18,58651,28,58662,2,58663,18,58664,28,58657.5,0.0
1,6400,PICNIC_BASKET2,30235,20,30234,28,,,30240,2,30241,46,,,30237.5,0.0
1,6400,CROISSANTS,4271,140,,,,,4272,51,4273,89,,,4271.5,0.0
1,6400,JAMS,6540,262,,,,,6542,262,,,,,6541.0,0.0
1,6400,SQUID_INK,1857,3,1855,25,,,1858,25,,,,,1857.5,-20.2060546875
1,6400,KELP,2034,3,2033,2,2032,23,2036,25,,,,,2035.0,7.65625
1,6400,DJEMBES,13413,65,,,,,13414,28,13415,37,,,13413.5,0.0
1,6400,RAINFOREST_RESIN,10001,1,9992,31,,,10008,31,,,,,10004.5,-56.0
1,6500,RAINFOREST_RESIN,9992,32,,,,,9998,3,10008,32,,,9995.0,-68.0
1,6500,PICNIC_BASKET1,58656,2,58655,13,58654,16,58665,2,58666,13,58667,16,58660.5,0.0
1,6500,PICNIC_BASKET2,30233,2,30232,29,,,30238,15,30239,16,,,30235.5,0.0
1,6500,SQUID_INK,1856,26,,,,,1859,26,,,,,1857.5,-24.6953125
1,6500,KELP,2033,2,2032,24,,,2036,26,,,,,2034.5,7.1640625
1,6500,DJEMBES,13413,62,,,,,13415,62,,,,,13414.0,0.0
1,6500,CROISSANTS,4271,149,,,,,4272,54,4273,95,,,4271.5,0.0
1,6500,JAMS,6540,214,,,,,6542,214,,,,,6541.0,0.0
1,6600,DJEMBES,13414,28,13413,45,,,13415,73,,,,,13414.5,0.0
1,6600,RAINFOREST_RESIN,9997,7,9992,26,,,9999,1,10008,26,,,9998.0,-68.0
1,6600,PICNIC_BASKET1,58649,13,58648,28,,,58660,13,58661,28,,,58654.5,0.0
1,6600,PICNIC_BASKET2,30230,41,,,,,30236,13,30237,28,,,30233.0,0.0
1,6600,CROISSANTS,4271,51,4270,100,,,4272,151,,,,,4271.5,0.0
1,6600,JAMS,6540,100,6539,106,,,6541,100,6542,106,,,6540.5,0.0
1,6600,SQUID_INK,1856,25,,,,,1860,25,,,,,1858.0,-33.708984375
1,6600,KELP,2032,25,,,,,2036,25,,,,,2034.0,5.40625
1,6700,KELP,2033,30,,,,,2036,30,,,,,2034.5,-4.9375
1,6700,DJEMBES,13413,56,,,,,13414,56,,,,,13413.5,0.0
1,6700,CROISSANTS,4271,135,,,,,4272,135,,,,,4271.5,0.0
1,6700,JAMS,6540,81,6539,125,,,6541,81,6542,125,,,6540.5,0.0
1,6700,RAINFOREST_RESIN,9992,32,,,,,10008,32,,,,,10000.0,-68.0
1,6700,PICNIC_BASKET1,58648,14,58647,24,,,58658,1,58659,37,,,58653.0,0.0
1,6700,PICNIC_BASKET2,30228,14,30227,24,,,30233,1,30234,37,,,30230.5,0.0
1,6700,SQUID_INK,1857,30,,,,,1860,30,,,,,1858.5,-37.001953125
1,6800,PICNIC_BASKET1,58654,1,58653,15,58652,30,58663,1,58664,15,58665,30,58658.5,0.0
1,6800,PICNIC_BASKET2,30232,16,30231,30,,,30238,16,30239,30,,,30235.0,0.0
1,6800,CROISSANTS,4271,137,,,,,4272,137,,,,,4271.5,0.0
1,6800,JAMS,6540,230,,,,,6542,230,,,,,6541.0,0.0
1,6800,SQUID_INK,1857,33,,,,,1860,31,,,,,1858.5,-35.18359375
1,6800,DJEMBES,13413,71,,,,,13415,71,,,,,13414.0,0.0
1,6800,KELP,2033,3,2032,30,,,2036,31,,,,,2034.5,6.5625
1,6800,RAINFOREST_RESIN,9992,32,,,,,10008,32,,,,,10000.0,-68.0
1,6900,RAINFOREST_RESIN,9992,28,,,,,10008,28,,,,,10000.0,-60.0
1,6900,DJEMBES,13414,61,,,,,13415,61,,,,,13414.5,0.0
1,6900,PICNIC_BASKET2,30236,2,30235,34,,,30241,16,30242,20,,,30238.5,0.0
1,6900,PICNIC_BASKET1,58659,2,58658,14,58657,20,58668,2,58669,14,58670,20,58663.5,0.0
1,6900,SQUID_INK,1858,24,,,,,1861,24,,,,,1859.5,-48.56640625
1,6900,JAMS,6541,75,6540,148,,,6542,75,6543,148,,,6541.5,0.0
1,6900,KELP,2033,24,,,,,2036,24,,,,,2034.5,3.9609375
1,6900,CROISSANTS,4271,120,,,,,4272,120,,,,,4271.5,0.0
1,7000,RAINFOREST_RESIN,9992,30,,,,,10008,30,,,,,10000.0,-60.0
1,7000,PICNIC_BASKET2,30234,1,30233,40,,,30239,1,30240,40,,,30236.5,0.0
1,7000,PICNIC_BASKET1,58658,1,58657,16,58656,24,58667,1,58668,16,58669,24,58662.5,0.0
1,7000,CROISSANTS,4271,60,4270,73,,,4272,133,,,,,4271.5,0.0
1,7000,SQUID_INK,1860,2,1858,24,,,1861,23,,,,,1860.5,-50.39453125
1,7000,JAMS,6541,73,6540,183,,,6542,73,6543,183,,,6541.5,0.0
1,7000,DJEMBES,13414,24,13413,46,,,13415,70,,,,,13414.5,0.0
1,7000,KELP,2034,2,2033,24,,,2036,23,,,,,2035.0,3.078125
1,7100,CROISSANTS,4271,119,,,,,4272,126,,,,,4271.5,0.0
1,7100,JAMS,6540,214,,,,,6542,214,,,,,6541.0,0.0
1,7100,KELP,2033,2,2032,25,,,2036,27,,,,,2034.5,4.859375
1,7100,RAINFOREST_RESIN,9992,34,,,,,10008,34,,,,,10000.0,-60.0
1,7100,DJEMBES,13414,65,,,,,13415,65,,,,,13414.5,0.0
1,7100,PICNIC_BASKET2,30231,20,30230,18,,,30237,38,,,,,30234.0,0.0
1,7100,PICNIC_BASKET1,58656,2,58655,36,,,58666,20,58667,18,,,58661.0,0.0
1,7100,SQUID_INK,1859,27,,,,,1862,27,,,,,1860.5,-64.212890625
1,7200,PICNIC_BASKET2,30231,10,30230,17,,,30237,27,,,,,30234.0,0.0
1,7200,PICNIC_BASKET1,58656,10,58655,17,,,58667,10,58668,17,,,58661.5,0.0
1,7200,SQUID_INK,1859,20,,,,,1862,20,,,,,1860.5,-63.751953125
1,7200,CROISSANTS,4271,44,4270,56,,,4272,105,,,,,4271.5,0.0
1,7200,JAMS,6540,170,,,,,6542,160,,,,,6541.0,0.0
1,7200,DJEMBES,13414,55,,,,,13415,55,,,,,13414.5,0.0
1,7200,KELP,2032,20,,,,,2036,20,,,,,2034.0,6.1640625
1,7200,RAINFOREST_RESIN,9992,34,,,,,10008,34,,,,,10000.0,-60.0
1,7300,RAINFOREST_RESIN,10001,1,9992,30,,,10008,30,,,,,10004.5,-60.0
1,7300,DJEMBES,13414,60,,,,,13415,60,,,,,13414.5,0.0
1,7300,PICNIC_BASKET2,30235,1,30230,16,30229,21,30236,36,,,,,30235.5,0.0
1,7300,PICNIC_BASKET1,58663,2,58655,1,58654,15,58664,1,58665,36,,,58663.5,0.0
1,7300,SQUID_INK,1860,22,,,,,1862,8,1863,22,,,1861.0,-79.21875
1,7300,CROISSANTS,4270,109,,,,,4272,109,,,,,4271.0,0.0
1,7300,JAMS,6540,163,,,,,6542,163,,,,,6541.0,0.0
1,7300,KELP,2033,1,2032,21,,,2034,8,2036,22,,,2033.5,6.59375
1,7400,RAINFOREST_RESIN,9992,28,,,,,9999,1,10008,28,,,9995.5,-70.0
1,7400,PICNIC_BASKET2,30233,2,30232,35,,,30238,2,30239,35,,,30235.5,0.0
1,7400,PICNIC_BASKET1,58656,2,58655,10,58654,25,58665,2,58666,10,58667,25,58660.5,0.0
1,7400,SQUID_INK,1860,27,,,,,1863,28,,,,,1861.5,-77.875
1,7400,CROISSANTS,4270,110,,,,,4272,110,,,,,4271.0,0.0
1,7400,JAMS,6540,218,,,,,6542,224,,,,,6541.0,0.0
1,7400,DJEMBES,13414,74,,,,,13415,74,,,,,13414.5,0.0
1,7400,KELP,2032,27,,,,,2036,28,,,,,2034.0,18.484375
1,7500,CROISSANTS,4270,115,,,,,4271,59,4272,56,,,4270.5,0.0
1,7500,JAMS,6540,56,6539,132,,,6541,56,6542,132,,,6540.5,0.0
1,7500,KELP,2032,21,,,,,2036,21,,,,,2034.0,11.3203125
1,7500,RAINFOREST_RESIN,9992,32,,,,,10008,32,,,,,10000.0,-70.0
1,7500,DJEMBES,13414,64,,,,,13415,64,,,,,13414.5,0.0
1,7500,PICNIC_BASKET2,30227,26,,,,,30233,11,30234,15,,,30230.0,0.0
1,7500,PICNIC_BASKET1,58652,26,,,,,58663,11,58664,15,,,58657.5,0.0
1,7500,SQUID_INK,1860,21,,,,,1863,21,,,,,1861.5,-71.029296875
1,7600,PICNIC_BASKET2,30224,15,30223,24,,,30229,1,30230,38,,,30226.5,0.0
1,7600,PICNIC_BASKET1,58649,1,58648,14,58647,24,58658,1,58659,14,58660,24,58653.5,0.0
1,7600,SQUID_INK,1859,31,,,,,1862,31,,,,,1860.5,-60.0546875
1,7600,CROISSANTS,4270,138,,,,,4271,41,4272,97,,,4270.5,0.0
1,7600,JAMS,6539,248,,,,,6541,248,,,,,6540.0,0.0
1,7600,DJEMBES,13413,24,13412,38,,,13414,62,,,,,13413.5,0.0
1,7600,KELP,2032,31,,,,,2036,31,,,,,2034.0,12.1328125
1,7600,RAINFOREST_RESIN,9992,34,,,,,10008,34,,,,,10000.0,-70.0
1,7700,RAINFOREST_RESIN,9992,35,,,,,10003,7,10008,35,,,9997.5,-70.0
1,7700,DJEMBES,13413,59,,,,,13415,59,,,,,13414.0,0.0
1,7700,PICNIC_BASKET2,30227,12,30226,24,,,30233,36,,,,,30230.0,0.0
1,7700,PICNIC_BASKET1,58652,12,58651,24,,,58663,12,58664,24,,,58657.5,0.0
1,7700,SQUID_INK,1859,25,,,,,1862,25,,,,,1860.5,-65.6640625
1,7700,CROISSANTS,4270,160,,,,,4272,160,,,,,4271.0,0.0
1,7700,JAMS,6539,199,,,,,6541,199,,,,,6540.0,0.0
1,7700,KELP,2032,25,,,,,2036,25,,,,,2034.0,12.984375
1,7800,RAINFOREST_RESIN,9992,31,,,,,10008,31,,,,,10000.0,-70.0
1,7800,PICNIC_BASKET2,30225,11,30224,16,,,30231,27,,,,,30228.0,0.0
1,7800,PICNIC_BASKET1,58646,11,58645,16,,,58657,11,58658,16,,,58651.5,0.0
1,7800,SQUID_INK,1863,1,1860,22,,,1864,22,,,,,1863.5,-82.462890625
1,7800,CROISSANTS,4270,130,,,,,4271,41,4272,89,,,4270.5,0.0
1,7800,JAMS,6538,192,,,,,6540,192,,,,,6539.0,0.0
1,7800,DJEMBES,13413,63,,,,,13415,63,,,,,13414.0,0.0
1,7800,KELP,2035,1,2032,22,,,2036,22,,,,,2035.5,6.390625
1,7900,CROISSANTS,4270,150,,,,,4271,55,4272,95,,,4270.5,0.0
1,7900,JAMS,6539,95,6538,196,,,6540,95,6541,196,,,6539.5,0.0
1,7900,KELP,2033,24,,,,,2035,1,2036,24,,,2034.0,-2.65625
1,7900,RAINFOREST_RESIN,9992,30,,,,,10008,30,,,,,10000.0,-70.0
1,7900,DJEMBES,13413,55,,,,,13415,55,,,,,13414.0,0.0
1,7900,PICNIC_BASKET2,30225,1,30224,31,,,30230,13,30231,19,,,30227.5,0.0
1,7900,PICNIC_BASKET1,58646,1,58645,12,58644,19,58655,1,58656,12,58657,19,58650.5,0.0
1,7900,SQUID_INK,1861,24,,,,,1863,1,1864,24,,,1862.0,-84.95703125
1,8000,PICNIC_BASKET2,30221,47,,,,,30228,47,,,,,30224.5,0.0
1,8000,PICNIC_BASKET1,58640,17,58639,30,,,58651,17,58652,30,,,58645.5,0.0
1,8000,SQUID_INK,1861,22,,,,,1864,22,,,,,1862.5,-82.994140625
1,8000,JAMS,6538,196,,,,,6540,196,,,,,6539.0,0.0
1,8000,CROISSANTS,4270,136,,,,,4271,50,4272,86,,,4270.5,0.0
1,8000,DJEMBES,13413,62,,,,,13414,30,13415,32,,,13413.5,0.0
1,8000,KELP,2033,22,,,,,2036,22,,,,,2034.5,-3.0078125
1,8000,RAINFOREST_RESIN,10000,2,9992,25,,,10008,25,,,,,10004.0,-70.0
1,8100,DJEMBES,13414,11,13413,56,,,13415,56,,,,,13414.5,0.0
1,8100,SQUID_INK,1860,31,,,,,1864,31,,,,,1862.0,-80.048828125
1,8100,JAMS,6538,251,,,,,6540,251,,,,,6539.0,0.0
1,8100,CROISSANTS,4270,144,,,,,4271,60,4272,84,,,4270.5,0.0
1,8100,PICNIC_BASKET1,58642,1,58641,11,58640,15,58651,1,58652,11,58653,15,58646.5,0.0
1,8100,PICNIC_BASKET2,30220,12,30219,15,,,30225,1,30226,26,,,30222.5,0.0
1,8100,KELP,2033,31,,,,,2036,31,,,,,2034.5,-3.328125
1,8100,RAINFOREST_RESIN,9992,32,,,,,10008,32,,,,,10000.0,-70.0
1,8200,PICNIC_BASKET1,58642,14,58641,29,,,58653,14,58654,29,,,58647.5,0.0
1,8200,PICNIC_BASKET2,30220,14,30219,29,,,30226,43,,,,,30223.0,0.0
1,8200,SQUID_INK,1861,24,,,,,1863,7,1865,24,,,1862.0,-94.49609375
1,8200,RAINFOREST_RESIN,9992,27,,,,,10008,27,,,,,10000.0,-70.0
1,8200,CROISSANTS,4270,109,,,,,4272,109,,,,,4271.0,0.0
1,8200,JAMS,6538,259,,,,,6540,259,,,,,6539.0,0.0
1,8200,DJEMBES,13412,29,13411,37,,,13413,66,,,,,13412.5,0.0
1,8200,KELP,2033,24,,,,,2035,7,2036,24,,,2034.0,-4.765625
1,8300,CROISSANTS,4270,102,,,,,4271,48,4272,54,,,4270.5,0.0
1,8300,JAMS,6538,224,,,,,6540,213,,,,,6539.0,0.0
1,8300,PICNIC_BASKET1,58641,1,58640,14,58639,30,58650,1,58651,14,58652,30,58645.5,0.0
1,8300,PICNIC_BASKET2,30220,1,30219,44,,,30225,15,30226,30,,,30222.5,0.0
1,8300,KELP,2033,32,,,,,2036,24,,,,,2034.5,-7.3828125
1,8300,RAINFOREST_RESIN,9992,34,,,,,10008,34,,,,,10000.0,-70.0
1,8300,DJEMBES,13410,30,13409,49,,,13411,79,,,,,13410.5,0.0
1,8300,SQUID_INK,1861,32,,,,,1864,24,,,,,1862.5,-84.037109375
1,8400,SQUID_INK,1861,1,1860,23,,,1864,24,,,,,1862.5,-80.853515625
1,8400,RAINFOREST_RESIN,9992,33,,,,,10008,33,,,,,10000.0,-70.0
1,8400,CROISSANTS,4270,137,,,,,4271,59,4272,78,,,4270.5,0.0
1,8400,JAMS,6538,78,6537,147,,,6539,78,6540,147,,,6538.5,0.0
1,8400,DJEMBES,13410,60,,,,,13412,60,,,,,13411.0,0.0
1,8400,KELP,2033,24,,,,,2036,24,,,,,2034.5,-3.28125
1,8400,PICNIC_BASKET1,58646,1,58645,14,58644,18,58655,1,58656,14,58657,18,58650.5,0.0
1,8400,PICNIC_BASKET2,30220,1,30219,32,,,30225,1,30226,32,,,30222.5,0.0
1,8500,DJEMBES,13411,63,,,,,13412,63,,,,,13411.5,0.0
1,8500,CROISSANTS,4270,140,,,,,4271,53,4272,87,,,4270.5,0.0
1,8500,JAMS,6538,211,,,,,6540,211,,,,,6539.0,0.0
1,8500,SQUID_INK,1861,21,,,,,1864,21,,,,,1862.5,-86.888671875
1,8500,PICNIC_BASKET1,58644,11,58643,18,,,58655,11,58656,18,,,58649.5,0.0
1,8500,PICNIC_BASKET2,30221,29,,,,,30227,11,30228,18,,,30224.0,0.0
1,8500,KELP,2033,21,,,,,2036,21,,,,,2034.5,-2.21875
1,8500,RAINFOREST_RESIN,9992,35,,,,,10008,35,,,,,10000.0,-70.0
1,8600,SQUID_INK,1861,25,,,,,1864,1,1865,24,,,1862.5,-92.966796875
1,8600,PICNIC_BASKET1,58653,1,58652,14,58651,19,58662,1,58663,14,58664,19,58657.5,0.0
1,8600,PICNIC_BASKET2,30226,1,30225,33,,,30231,15,30232,19,,,30228.5,0.0
1,8600,RAINFOREST_RESIN,9992,26,,,,,10008,26,,,,,10000.0,-70.0
1,8600,KELP,2033,25,,,,,2036,25,,,,,2034.5,-7.8046875
1,8600,CROISSANTS,4270,113,,,,,4271,37,4272,76,,,4270.5,0.0
1,8600,JAMS,6539,240,,,,,6541,240,,,,,6540.0,0.0
1,8600,DJEMBES,13411,59,,,,,13412,59,,,,,13411.5,0.0
1,8700,KELP,2033,30,,,,,2036,30,,,,,2034.5,-9.2890625
1,8700,CROISSANTS,4270,140,,,,,4271,140,,,,,4270.5,0.0
1,8700,JAMS,6539,236,,,,,6541,236,,,,,6540.0,0.0
1,8700,SQUID_INK,1860,30,,,,,1864,30,,,,,1862.0,-81.07421875
1,8700,PICNIC_BASKET1,58651,7,58646,14,58645,26,58657,14,58658,26,,,58654.0,0.0
1,8700,PICNIC_BASKET2,30227,7,30224,40,,,30230,14,30231,26,,,30228.5,0.0
1,8700,RAINFOREST_RESIN,9992,27,,,,,10008,27,,,,,10000.0,-70.0
1,8700,DJEMBES,13411,69,,,,,13412,69,,,,,13411.5,0.0
1,8800,RAINFOREST_RESIN,9992,31,,,,,10003,4,10008,31,,,9997.5,-70.0
1,8800,KELP,2033,24,,,,,2036,24,,,,,2034.5,-12.3515625
1,8800,CROISSANTS,4270,115,,,,,4271,115,,,,,4270.5,0.0
1,8800,JAMS,6540,75,6539,128,,,6541,75,6542,128,,,6540.5,0.0
1,8800,DJEMBES,13411,63,,,,,13412,63,,,,,13411.5,0.0
1,8800,SQUID_INK,1863,24,,,,,1866,24,,,,,1864.5,-109.658203125
1,8800,PICNIC_BASKET1,58646,2,58645,14,58644,19,58655,2,58656,14,58657,19,58650.5,0.0
1,8800,PICNIC_BASKET2,30222,16,30221,19,,,30227,2,30228,33,,,30224.5,0.0
1,8900,DJEMBES,13412,46,,,,,13413,15,13414,31,,,13412.5,0.0
1,8900,KELP,2033,29,,,,,2036,29,,,,,2034.5,-15.5234375
1,8900,CROISSANTS,4270,133,,,,,4271,133,,,,,4270.5,0.0
1,8900,JAMS,6539,185,,,,,6541,185,,,,,6540.0,0.0
1,8900,SQUID_INK,1864,29,,,,,1867,29,,,,,1865.5,-131.5078125
1,8900,PICNIC_BASKET1,58657,3,58648,14,58647,15,58658,2,58659,27,,,58657.5,0.0
1,8900,PICNIC_BASKET2,30224,3,30220,2,30219,27,30225,14,30226,15,,,30224.5,0.0
1,8900,RAINFOREST_RESIN,9992,32,,,,,10008,32,,,,,10000.0,-70.0
1,9000,SQUID_INK,1864,20,,,,,1866,2,1867,20,,,1865.0,-128.63671875
1,9000,PICNIC_BASKET1,58652,1,58647,48,,,58658,20,58659,28,,,58655.0,0.0
1,9000,PICNIC_BASKET2,30222,1,30220,20,30219,28,30226,20,30227,28,,,30224.0,0.0
1,9000,RAINFOREST_RESIN,9992,34,,,,,10003,8,10008,34,,,9997.5,-70.0
1,9000,KELP,2033,20,,,,,2035,2,2036,20,,,2034.0,-14.5078125
1,9000,CROISSANTS,4270,125,,,,,4271,125,,,,,4270.5,0.0
1,9000,JAMS,6539,269,,,,,6541,269,,,,,6540.0,0.0
1,9000,DJEMBES,13411,68,,,,,13412,68,,,,,13411.5,0.0
1,9100,KELP,2033,26,,,,,2036,26,,,,,2034.5,-14.5
1,9100,CROISSANTS,4270,99,,,,,4271,104,,,,,4270.5,0.0
1,9100,SQUID_INK,1864,26,,,,,1867,26,,,,,1865.5,-132.90625
1,9100,PICNIC_BASKET1,58643,1,58642,13,58641,22,58652,1,58653,13,58654,22,58647.5,0.0
1,9100,PICNIC_BASKET2,30224,1,30223,35,,,30229,14,30230,22,,,30226.5,0.0
1,9100,JAMS,6539,249,,,,,6541,249,,,,,6540.0,0.0
1,9100,RAINFOREST_RESIN,9997,6,9992,27,,,10008,27,,,,,10002.5,-86.0
1,9100,DJEMBES,13410,70,,,,,13411,22,13412,48,,,13410.5,0.0
1,9200,RAINFOREST_RESIN,9992,33,,,,,10008,33,,,,,10000.0,-86.0
1,9200,DJEMBES,13411,29,13410,49,,,13412,78,,,,,13411.5,0.0
1,9200,KELP,2033,21,,,,,2035,6,2036,21,,,2034.0,-6.3046875
1,9200,CROISSANTS,4270,110,,,,,4271,38,4272,72,,,4270.5,0.0
1,9200,JAMS,6539,270,,,,,6541,270,,,,,6540.0,0.0
1,9200,SQUID_INK,1865,21,,,,,1866,6,1868,21,,,1865.5,-137.974609375
1,9200,PICNIC_BASKET2,30227,17,30226,29,,,30233,46,,,,,30230.0,0.0
1,9200,PICNIC_BASKET1,58645,17,58644,29,,,58656,46,,,,,58650.5,0.0
1,9300,DJEMBES,13410,65,,,,,13412,65,,,,,13411.0,0.0
1,9300,KELP,2035,1,2033,25,,,2036,25,,,,,2035.5,-14.078125
1,9300,SQUID_INK,1866,1,1864,25,,,1868,25,,,,,1867.0,-172.8828125
1,9300,PICNIC_BASKET2,30225,1,30223,2,30222,42,30228,14,30229,30,,,30226.5,0.0
1,9300,PICNIC_BASKET1,58651,1,58647,2,58646,12,58656,2,58657,12,58658,30,58653.5,0.0
1,9300,CROISSANTS,4270,123,,,,,4271,53,4272,70,,,4270.5,0.0
1,9300,JAMS,6539,61,6538,178,,,6540,70,6541,178,,,6539.5,0.0
1,9300,RAINFOREST_RESIN,9992,30,,,,,10008,30,,,,,10000.0,-86.0
1,9400,SQUID_INK,1865,29,,,,,1868,30,,,,,1866.5,-209.640625
1,9400,PICNIC_BASKET2,30225,10,30224,26,,,30231,36,,,,,30228.0,0.0
1,9400,PICNIC_BASKET1,58643,10,58642,26,,,58654,10,58655,26,,,58648.5,0.0
1,9400,RAINFOREST_RESIN,9992,35,,,,,10008,35,,,,,10000.0,-76.0
1,9400,DJEMBES,13410,73,,,,,13411,26,13412,47,,,13410.5,0.0
1,9400,KELP,2033,29,,,,,2036,30,,,,,2034.5,-3.203125
1,9400,CROISSANTS,4270,133,,,,,4271,133,,,,,4270.5,0.0
1,9400,JAMS,6539,88,6538,194,,,6540,88,6541,194,,,6539.5,0.0
1,9500,KELP,2033,34,,,,,2036,28,,,,,2034.5,-3.2109375
1,9500,SQUID_INK,1865,34,,,,,1868,28,,,,,1866.5,-206.5234375
1,9500,PICNIC_BASKET2,30224,1,30223,31,,,30229,14,30230,18,,,30226.5,0.0
1,9500,PICNIC_BASKET1,58647,1,58646,13,58645,18,58656,1,58657,13,58658,18,58651.5,0.0
1,9500,CROISSANTS,4270,128,,,,,4271,39,4272,89,,,4270.5,0.0
1,9500,JAMS,6538,226,,,,,6540,226,,,,,6539.0,0.0
1,9500,RAINFOREST_RESIN,10001,1,9992,34,,,10003,8,10008,34,,,10002.0,-76.0
1,9500,DJEMBES,13411,18,13410,47,,,13412,65,,,,,13411.5,0.0
1,9600,RAINFOREST_RESIN,9992,26,,,,,10008,26,,,,,10000.0,-76.0
1,9600,DJEMBES,13411,64,,,,,13412,64,,,,,13411.5,0.0
1,9600,KELP,2035,1,2033,32,,,2036,32,,,,,2035.5,-13.3359375
1,9600,CROISSANTS,4270,100,,,,,4271,44,4272,56,,,4270.5,0.0
1,9600,JAMS,6538,205,,,,,6540,205,,,,,6539.0,0.0
1,9600,SQUID_INK,1869,1,1867,32,,,1870,32,,,,,1869.5,-289.8515625
1,9600,PICNIC_BASKET2,30225,2,30224,28,,,30230,12,30231,18,,,30227.5,0.0
1,9600,PICNIC_BASKET1,58648,2,58647,10,58646,18,58657,2,58658,10,58659,18,58652.5,0.0
1,9700,DJEMBES,13412,68,,,,,13414,68,,,,,13413.0,0.0
1,9700,SQUID_INK,1866,29,,,,,1869,27,,,,,1867.5,-253.7890625
1,9700,KELP,2033,29,,,,,2036,27,,,,,2034.5,-9.8125
1,9700,PICNIC_BASKET2,30222,20,30221,25,,,30227,1,30228,44,,,30224.5,0.0
1,9700,PICNIC_BASKET1,58653,1,58652,19,58651,25,58662,1,58663,19,58664,25,58657.5,0.0
1,9700,CROISSANTS,4270,97,,,,,4271,97,,,,,4270.5,0.0
1,9700,JAMS,6538,183,,,,,6539,54,6540,129,,,6538.5,0.0
1,9700,RAINFOREST_RESIN,9992,33,,,,,10008,33,,,,,10000.0,-76.0
1,9800,SQUID_INK,1865,30,,,,,1867,2,1868,30,,,1866.0,-202.734375
1,9800,PICNIC_BASKET2,30222,11,30221,30,,,30227,1,30228,40,,,30224.5,0.0
1,9800,PICNIC_BASKET1,58646,1,58645,10,58644,30,58655,1,58656,10,58657,30,58650.5,0.0
1,9800,RAINFOREST_RESIN,9992,27,,,,,10008,27,,,,,10000.0,-76.0
1,9800,DJEMBES,13413,61,,,,,13415,61,,,,,13414.0,0.0
1,9800,KELP,2033,30,,,,,2035,2,2036,30,,,2034.0,-6.8046875
1,9800,CROISSANTS,4270,130,,,,,4271,130,,,,,4270.5,0.0
1,9800,JAMS,6538,95,6537,130,,,6539,225,,,,,6538.5,0.0
1,9900,SQUID_INK,1866,31,,,,,1867,5,1869,31,,,1866.5,-234.7109375
1,9900,KELP,2033,31,,,,,2034,5,2036,31,,,2033.5,-9.90625
1,9900,PICNIC_BASKET2,30225,22,30224,28,,,30230,2,30231,48,,,30227.5,0.0
1,9900,PICNIC_BASKET1,58643,2,58642,20,58641,28,58652,2,58653,20,58654,28,58647.5,0.0
1,9900,CROISSANTS,4270,104,,,,,4271,104,,,,,4270.5,0.0
1,9900,JAMS,6538,254,,,,,6540,254,,,,,6539.0,0.0
1,9900,RAINFOREST_RESIN,9992,31,,,,,10008,31,,,,,10000.0,-76.0
1,9900,DJEMBES,13413,71,,,,,13414,28,13415,43,,,13413.5,0.0
1,10000,RAINFOREST_RESIN,9997,6,9992,26,,,10008,26,,,,,10002.5,-76.0
1,10000,DJEMBES,13412,59,,,,,13414,59,,,,,13413.0,0.0
1,10000,KELP,2033,30,,,,,2036,23,,,,,2034.5,0.3125
1,10000,CROISSANTS,4270,147,,,,,4271,55,4272,92,,,4270.5,0.0
1,10000,JAMS,6538,289,,,,,6540,289,,,,,6539.0,0.0
1,10000,SQUID_INK,1867,30,,,,,1870,23,,,,,1868.5,-280.71875
1,10000,PICNIC_BASKET2,30224,43,,,,,30230,14,30231,29,,,30227.0,0.0
1,10000,PICNIC_BASKET1,58642,14,58641,29,,,58653,14,58654,29,,,58647.5,0.0
1,10100,DJEMBES,13410,67,,,,,13411,26,13412,41,,,13410.5,0.0
1,10100,SQUID_INK,1867,22,,,,,1870,22,,,,,1868.5,-305.2734375
1,10100,KELP,2032,22,,,,,2036,22,,,,,2034.0,7.015625
1,10100,PICNIC_BASKET2,30225,38,,,,,30231,12,30232,26,,,30228.0,0.0
1,10100,PICNIC_BASKET1,58643,38,,,,,58654,12,58655,26,,,58648.5,0.0
1,10100,CROISSANTS,4270,120,,,,,4271,120,,,,,4270.5,0.0
1,10100,JAMS,6538,240,,,,,6540,240,,,,,6539.0,0.0
1,10100,RAINFOREST_RESIN,10000,4,9992,28,,,10008,28,,,,,10004.0,-76.0
1,10200,SQUID_INK,1869,25,,,,,1872,25,,,,,1870.5,-378.3203125
1,10200,PICNIC_BASKET2,30228,2,30227,49,,,30233,22,30234,29,,,30230.5,0.0
1,10200,PICNIC_BASKET1,58643,2,58642,20,58641,29,58652,2,58653,20,58654,29,58647.5,0.0
1,10200,RAINFOREST_RESIN,9997,8,9992,26,,,10008,26,,,,,10002.5,-76.0
1,10200,DJEMBES,13410,76,,,,,13412,76,,,,,13411.0,0.0
1,10200,KELP,2033,25,,,,,2036,25,,,,,2034.5,1.9921875
1,10200,CROISSANTS,4270,126,,,,,4271,126,,,,,4270.5,0.0
1,10200,JAMS,6538,279,,,,,6540,279,,,,,6539.0,0.0
1,10300,SQUID_INK,1868,21,,,,,1871,21,,,,,1869.5,-365.2109375
1,10300,PICNIC_BASKET1,58642,18,58641,27,,,58647,4,58653,45,,,58644.5,0.0
1,10300,PICNIC_BASKET2,30227,18,30226,27,,,30229,4,30233,45,,,30228.0,0.0
1,10300,KELP,2033,21,,,,,2036,21,,,,,2034.5,3.5
1,10300,JAMS,6538,200,,,,,6540,200,,,,,6539.0,0.0
1,10300,CROISSANTS,4270,113,,,,,4271,113,,,,,4270.5,0.0
1,10300,RAINFOREST_RESIN,9992,28,,,,,9998,5,10008,28,,,9995.0,-76.0
1,10300,DJEMBES,13410,59,,,,,13412,59,,,,,13411.0,0.0
1,10400,RAINFOREST_RESIN,9992,33,,,,,10008,33,,,,,10000.0,-96.0
1,10400,DJEMBES,13410,69,,,,,13411,19,13412,50,,,13410.5,0.0
1,10400,KELP,2032,21,,,,,2036,21,,,,,2034.0,5.609375
1,10400,CROISSANTS,4270,118,,,,,4272,118,,,,,4271.0,0.0
1,10400,JAMS,6538,185,,,,,6540,185,,,,,6539.0,0.0
1,10400,SQUID_INK,1869,21,,,,,1873,21,,,,,1871.0,-424.28125
1,10400,PICNIC_BASKET1,58644,18,58643,19,,,58655,18,58656,19,,,58649.5,0.0
1,10400,PICNIC_BASKET2,30230,37,,,,,30236,18,30237,19,,,30233.0,0.0
1,10500,DJEMBES,13410,62,,,,,13412,62,,,,,13411.0,0.0
1,10500,SQUID_INK,1870,36,,,,,1873,29,,,,,1871.5,-445.09375
1,10500,PICNIC_BASKET1,58645,20,58644,22,,,58656,20,58657,22,,,58650.5,0.0
1,10500,PICNIC_BASKET2,30232,20,30231,22,,,30238,42,,,,,30235.0,0.0
1,10500,KELP,2033,7,2032,29,,,2036,29,,,,,2034.5,6.609375
1,10500,CROISSANTS,4270,155,,,,,4272,155,,,,,4271.0,0.0
1,10500,JAMS,6539,105,6538,153,,,6540,246,,,,,6539.5,0.0
1,10500,RAINFOREST_RESIN,9992,33,,,,,10008,33,,,,,10000.0,-96.0
1,10600,SQUID_INK,1870,27,,,,,1871,2,1873,27,,,1870.5,-429.2890625
1,10600,PICNIC_BASKET1,58645,1,58644,19,58643,16,58654,1,58655,19,58656,16,58649.5,0.0
1,10600,PICNIC_BASKET2,30230,1,30229,35,,,30235,1,30236,35,,,30232.5,0.0
1,10600,RAINFOREST_RESIN,9992,34,,,,,10008,34,,,,,10000.0,-96.0
1,10600,DJEMBES,13410,59,,,,,13411,16,13412,43,,,13410.5,0.0
1,10600,KELP,2033,1,2032,26,,,2034,2,2036,27,,,2033.5,6.0390625
1,10600,CROISSANTS,4270,107,,,,,4271,107,,,,,4270.5,0.0
1,10600,JAMS,6539,51,6538,102,,,6540,51,6541,102,,,6539.5,0.0
1,10700,SQUID_INK,1870,23,,,,,1873,22,,,,,1871.5,-456.5234375
1,10700,PICNIC_BASKET1,58636,1,58635,12,58634,27,58645,1,58646,12,58647,27,58640.5,0.0
1,10700,PICNIC_BASKET2,30228,13,30227,27,,,30234,40,,,,,30231.0,0.0
1,10700,KELP,2033,2,2032,21,,,2036,22,,,,,2034.5,7.09375
1,10700,CROISSANTS,4270,127,,,,,4271,47,4272,80,,,4270.5,0.0
1,10700,JAMS,6538,80,6537,147,,,6539,80,6540,147,,,6538.5,0.0
1,10700,RAINFOREST_RESIN,9992,30,,,,,10008,30,,,,,10000.0,-96.0
1,10700,DJEMBES,13410,63,,,,,13411,27,13412,36,,,13410.5,0.0
1,10800,RAINFOREST_RESIN,9992,33,,,,,10008,33,,,,,10000.0,-96.0
1,10800,DJEMBES,13410,78,,,,,13411,28,13412,50,,,13410.5,0.0
1,10800,CROISSANTS,4270,123,,,,,4271,59,4272,64,,,4270.5,0.0
1,10800,JAMS,6538,189,,,,,6540,189,,,,,6539.0,0.0
1,10800,KELP,2035,1,2033,8,2032,25,2036,25,,,,,2035.5,11.1875
1,10800,PICNIC_BASKET1,58638,2,58637,18,58636,28,58647,2,58648,18,58649,28,58642.5,0.0
1,10800,PICNIC_BASKET2,30227,20,30226,28,,,30232,2,30233,46,,,30229.5,0.0
1,10800,SQUID_INK,1873,1,1872,8,1871,25,1874,25,,,,,1873.5,-513.859375
1,10900,DJEMBES,13410,72,,,,,13411,72,,,,,13410.5,0.0
1,10900,KELP,2032,32,,,,,2036,32,,,,,2034.0,15.7421875
1,10900,PICNIC_BASKET1,58640,2,58639,12,58638,25,58649,2,58650,12,58651,25,58644.5,0.0
1,10900,PICNIC_BASKET2,30232,2,30231,37,,,30237,2,30238,37,,,30234.5,0.0
1,10900,CROISSANTS,4270,150,,,,,4271,55,4272,95,,,4270.5,0.0
1,10900,JAMS,6539,217,,,,,6541,217,,,,,6540.0,0.0
1,10900,SQUID_INK,1870,32,,,,,1874,32,,,,,1872.0,-473.3515625
1,10900,RAINFOREST_RESIN,9992,33,,,,,10008,33,,,,,10000.0,-96.0
1,11000,KELP,2032,25,,,,,2035,25,,,,,2033.5,33.6484375
1,11000,PICNIC_BASKET1,58638,1,58637,10,58636,27,58647,1,58648,10,58649,27,58642.5,0.0
1,11000,PICNIC_BASKET2,30229,11,30228,27,,,30234,1,30235,37,,,30231.5,0.0
1,11000,SQUID_INK,1871,25,,,,,1874,25,,,,,1872.5,-511.640625
1,11000,RAINFOREST_RESIN,9992,31,,,,,10008,31,,,,,10000.0,-96.0
1,11000,DJEMBES,13408,73,,,,,13409,73,,,,,13408.5,0.0
1,11000,CROISSANTS,4270,132,,,,,4271,132,,,,,4270.5,0.0
1,11000,JAMS,6540,77,6539,101,,,6541,77,6542,101,,,6540.5,0.0
1,11100,PICNIC_BASKET1,58638,2,58637,38,,,58648,16,58649,24,,,58643.0,0.0
1,11100,PICNIC_BASKET2,30228,2,30227,38,,,30233,2,30234,38,,,30230.5,0.0
1,11100,CROISSANTS,4270,60,4269,64,,,4271,124,,,,,4270.5,0.0
1,11100,JAMS,6540,64,6539,179,,,6541,64,6542,179,,,6540.5,0.0
1,11100,SQUID_INK,1870,27,,,,,1872,8,1873,27,,,1871.0,-448.234375
1,11100,RAINFOREST_RESIN,9992,30,,,,,10008,30,,,,,10000.0,-96.0
1,11100,DJEMBES,13409,24,13408,30,,,13410,54,,,,,13409.5,0.0
1,11100,KELP,2032,27,,,,,2034,8,2035,2,2036,25,2033.0,25.8984375
1,11200,RAINFOREST_RESIN,9992,27,,,,,10008,27,,,,,10000.0,-96.0
1,11200,DJEMBES,13409,18,13408,47,,,13410,65,,,,,13409.5,0.0
1,11200,CROISSANTS,4270,63,4269,50,,,4271,113,,,,,4270.5,0.0
1,11200,JAMS,6541,196,,,,,6543,196,,,,,6542.0,0.0
1,11200,KELP,2032,27,,,,,2035,1,2036,26,,,2033.5,24.3359375
1,11200,PICNIC_BASKET1,58640,21,58639,18,,,58650,1,58651,38,,,58645.0,0.0
1,11200,PICNIC_BASKET2,30228,1,30227,38,,,30233,21,30234,18,,,30230.5,0.0
1,11200,SQUID_INK,1870,27,,,,,1873,27,,,,,1871.5,-465.1875
1,11300,DJEMBES,13409,49,,,,,13410,18,13411,31,,,13409.5,0.0
1,11300,KELP,2032,29,,,,,2035,29,,,,,2033.5,36.046875
1,11300,PICNIC_BASKET1,58637,13,58636,18,,,58648,13,58649,18,,,58642.5,0.0
1,11300,PICNIC_BASKET2,30230,31,,,,,30237,31,,,,,30233.5,0.0
1,11300,CROISSANTS,4270,44,4269,74,,,4271,118,,,,,4270.5,0.0
1,11300,JAMS,6541,227,,,,,6543,227,,,,,6542.0,0.0
1,11300,SQUID_INK,1871,29,,,,,1874,29,,,,,1872.5,-508.8515625
1,11300,RAINFOREST_RESIN,9992,35,,,,,10008,35,,,,,10000.0,-96.0
1,11400,JAMS,6540,281,,,,,6542,281,,,,,6541.0,0.0
1,11400,KELP,2032,28,,,,,2035,22,,,,,2033.5,36.4609375
1,11400,PICNIC_BASKET2,30233,29,,,,,30239,12,30240,17,,,30236.0,0.0
1,11400,PICNIC_BASKET1,58634,12,58633,17,,,58645,12,58646,17,,,58639.5,0.0
1,11400,SQUID_INK,1870,28,,,,,1873,22,,,,,1871.5,-457.609375
1,11400,RAINFOREST_RESIN,9992,31,,,,,10008,31,,,,,10000.0,-96.0
1,11400,DJEMBES,13409,17,13408,40,,,13410,57,,,,,13409.5,0.0
1,11400,CROISSANTS,4270,41,4269,91,,,4271,132,,,,,4270.5,0.0
1,11500,PICNIC_BASKET2,30234,16,30233,15,,,30240,31,,,,,30237.0,0.0
1,11500,PICNIC_BASKET1,58633,16,58632,15,,,58644,16,58645,15,,,58638.5,0.0
1,11500,SQUID_INK,1869,33,,,,,1872,27,,,,,1870.5,-382.8515625
1,11500,RAINFOREST_RESIN,9992,27,,,,,10008,27,,,,,10000.0,-96.0
1,11500,CROISSANTS,4269,156,,,,,4271,156,,,,,4270.0,0.0
1,11500,JAMS,6540,209,,,,,6542,209,,,,,6541.0,0.0
1,11500,DJEMBES,13409,15,13408,32,,,13410,47,,,,,13409.5,0.0
1,11500,KELP,2032,33,,,,,2035,27,,,,,2033.5,42.0859375
1,11600,RAINFOREST_RESIN,9992,28,,,,,10008,28,,,,,10000.0,-96.0
1,11600,DJEMBES,13409,3,13408,57,,,13410,57,,,,,13409.5,0.0
1,11600,CROISSANTS,4269,110,,,,,4270,37,4271,73,,,4269.5,0.0
1,11600,JAMS,6540,269,,,,,6542,269,,,,,6541.0,0.0
1,11600,KELP,2032,31,,,,,2035,31,,,,,2033.5,36.4296875
1,11600,PICNIC_BASKET2,30236,41,,,,,30242,18,30243,23,,,30239.0,0.0
1,11600,PICNIC_BASKET1,58631,1,58630,40,,,58641,18,58642,23,,,58636.0,0.0
1,11600,SQUID_INK,1868,31,,,,,1871,31,,,,,1869.5,-365.4765625
1,11700,CROISSANTS,4269,151,,,,,4270,51,4271,100,,,4269.5,0.0
1,11700,JAMS,6541,100,6540,102,,,6542,100,6543,102,,,6541.5,0.0
1,11700,DJEMBES,13409,50,,,,,13410,50,,,,,13409.5,0.0
1,11700,KELP,2032,23,,,,,2033,3,2035,23,,,2032.5,37.84375
1,11700,PICNIC_BASKET2,30241,1,30240,32,,,30246,16,30247,17,,,30243.5,0.0
1,11700,PICNIC_BASKET1,58629,1,58628,15,58627,17,58638,1,58639,15,58640,17,58633.5,0.0
1,11700,SQUID_INK,1869,23,,,,,1870,3,1872,23,,,1869.5,-396.1640625
1,11700,RAINFOREST_RESIN,9992,34,,,,,10008,34,,,,,10000.0,-96.0
1,11800,CROISSANTS,4269,106,,,,,4270,38,4271,68,,,4269.5,0.0
1,11800,JAMS,6541,68,6540,141,,,6542,68,6543,141,,,6541.5,0.0
1,11800,KELP,2032,27,,,,,2035,27,,,,,2033.5,39.3828125
1,11800,PICNIC_BASKET2,30241,13,30240,22,,,30246,2,30247,33,,,30243.5,0.0
1,11800,PICNIC_BASKET1,58627,2,58626,11,58625,22,58636,2,58637,11,58638,22,58631.5,0.0
1,11800,SQUID_INK,1869,27,,,,,1872,27,,,,,1870.5,-395.875
1,11800,RAINFOREST_RESIN,9992,29,,,,,10008,29,,,,,10000.0,-96.0
1,11800,DJEMBES,13410,22,13409,32,,,13411,54,,,,,13410.5,0.0
1,11900,PICNIC_BASKET2,30238,13,30237,17,,,30244,30,,,,,30241.0,0.0
1,11900,PICNIC_BASKET1,58626,1,58625,12,58624,17,58635,1,58636,12,58637,17,58630.5,0.0
1,11900,SQUID_INK,1870,8,1868,21,,,1871,1,1872,20,,,1870.5,-368.3046875
1,11900,RAINFOREST_RESIN,9992,33,,,,,10008,33,,,,,10000.0,-96.0
1,11900,CROISSANTS,4269,127,,,,,4270,36,4271,91,,,4269.5,0.0
1,11900,JAMS,6541,91,6540,155,,,6542,91,6543,155,,,6541.5,0.0
1,11900,DJEMBES,13410,54,,,,,13411,17,13412,37,,,13410.5,0.0
1,11900,KELP,2034,8,2032,21,,,2035,21,,,,,2034.5,39.78125
1,12000,RAINFOREST_RESIN,9992,29,,,,,10008,29,,,,,10000.0,-96.0
1,12000,DJEMBES,13410,64,,,,,13412,64,,,,,13411.0,0.0
1,12000,CROISSANTS,4269,98,,,,,4271,98,,,,,4270.0,0.0
1,12000,JAMS,6541,60,6540,157,,,6542,60,6543,157,,,6541.5,0.0
1,12000,KELP,2032,24,,,,,2035,24,,,,,2033.5,40.1875
1,12000,PICNIC_BASKET2,30239,2,30238,39,,,30244,13,30245,28,,,30241.5,0.0
1,12000,PICNIC_BASKET1,58632,2,58631,11,58630,28,58641,2,58642,11,58643,28,58636.5,0.0
1,12000,SQUID_INK,1870,2,1869,22,,,1873,24,,,,,1871.5,-425.9765625
1,12100,CROISSANTS,4269,140,,,,,4271,140,,,,,4270.0,0.0
1,12100,JAMS,6541,94,6540,173,,,6542,94,6543,173,,,6541.5,0.0
1,12100,DJEMBES,13413,78,,,,,13415,78,,,,,13414.0,0.0
1,12100,KELP,2032,24,,,,,2034,8,2035,24,,,2033.0,37.6328125
1,12100,PICNIC_BASKET2,30234,41,,,,,30240,11,30241,30,,,30237.0,0.0
1,12100,PICNIC_BASKET1,58639,41,,,,,58650,11,58651,30,,,58644.5,0.0
1,12100,SQUID_INK,1870,24,,,,,1872,8,1874,24,,,1871.0,-473.9453125
1,12100,RAINFOREST_RESIN,9992,26,,,,,10008,26,,,,,10000.0,-96.0
1,12200,CROISSANTS,4269,85,,,,,4271,85,,,,,4270.0,0.0
1,12200,JAMS,6542,189,,,,,6544,189,,,,,6543.0,0.0
1,12200,KELP,2032,32,,,,,2035,25,,,,,2033.5,34.65625
1,12200,PICNIC_BASKET2,30238,1,30237,33,,,30243,13,30244,21,,,30240.5,0.0
1,12200,PICNIC_BASKET1,58644,1,58643,12,58642,21,58653,1,58654,12,58655,21,58648.5,0.0
1,12200,SQUID_INK,1872,8,1871,24,,,1875,25,,,,,1873.5,-523.5859375
1,12200,RAINFOREST_RESIN,10002,3,9992,30,,,10008,30,,,,,10005.0,-96.0
1,12200,DJEMBES,13414,21,13413,39,,,13415,60,,,,,13414.5,0.0
1,12300,PICNIC_BASKET2,30238,1,30236,1,30235,37,30241,12,30242,26,,,30239.5,0.0
1,12300,PICNIC_BASKET1,58647,1,58643,1,58642,11,58652,1,58653,11,58654,26,58649.5,0.0
1,12300,SQUID_INK,1871,21,,,,,1872,3,1874,21,,,1871.5,-512.7734375
1,12300,RAINFOREST_RESIN,9992,26,,,,,10008,26,,,,,10000.0,-96.0
1,12300,CROISSANTS,4269,146,,,,,4270,63,4271,83,,,4269.5,0.0
1,12300,JAMS,6543,83,6542,193,,,6544,83,6545,193,,,6543.5,0.0
1,12300,DJEMBES,13414,26,13413,45,,,13415,71,,,,,13414.5,0.0
1,12300,KELP,2032,21,,,,,2033,3,2035,21,,,2032.5,34.21875
1,12400,RAINFOREST_RESIN,9992,30,,,,,10008,30,,,,,10000.0,-96.0
1,12400,DJEMBES,13414,56,,,,,13415,56,,,,,13414.5,0.0
1,12400,CROISSANTS,4269,141,,,,,4270,141,,,,,4269.5,0.0
1,12400,JAMS,6543,96,6542,121,,,6544,96,6545,121,,,6543.5,0.0
1,12400,KELP,2032,28,,,,,2035,29,,,,,2033.5,38.9375
1,12400,PICNIC_BASKET2,30234,21,30233,16,,,30239,1,30240,36,,,30236.5,0.0
1,12400,PICNIC_BASKET1,58638,1,58637,20,58636,16,58647,1,58648,20,58649,16,58642.5,0.0
1,12400,SQUID_INK,1871,28,,,,,1874,29,,,,,1872.5,-499.5859375
1,12500,JAMS,6543,97,6542,107,,,6544,97,6545,107,,,6543.5,0.0
1,12500,CROISSANTS,4269,55,4268,97,,,4270,152,,,,,4269.5,0.0
1,12500,DJEMBES,13414,64,,,,,13415,29,13416,35,,,13414.5,0.0
1,12500,KELP,2032,24,,,,,2035,24,,,,,2033.5,38.84375
1,12500,SQUID_INK,1870,24,,,,,1873,24,,,,,1871.5,-443.6015625
1,12500,RAINFOREST_RESIN,9992,34,,,,,10008,34,,,,,10000.0,-96.0
1,12500,PICNIC_BASKET1,58638,2,58637,18,58636,29,58647,2,58648,18,58649,29,58642.5,0.0
1,12500,PICNIC_BASKET2,30231,2,30230,47,,,30236,2,30237,47,,,30233.5,0.0
1,12600,CROISSANTS,4267,118,,,,,4268,118,,,,,4267.5,0.0
1,12600,JAMS,6542,214,,,,,6544,214,,,,,6543.0,0.0
1,12600,PICNIC_BASKET1,58628,2,58627,10,58626,20,58637,2,58638,10,58639,20,58632.5,0.0
1,12600,PICNIC_BASKET2,30224,12,30223,20,,,30230,12,30231,20,,,30227.0,0.0
1,12600,KELP,2032,32,,,,,2035,30,,,,,2033.5,38.84375
1,12600,SQUID_INK,1871,2,1870,30,,,1873,30,,,,,1872.0,-461.828125
1,12600,DJEMBES,13414,60,,,,,13415,60,,,,,13414.5,0.0
1,12600,RAINFOREST_RESIN,9992,27,,,,,10008,27,,,,,10000.0,-96.0
1,12700,SQUID_INK,1869,24,,,,,1872,24,,,,,1870.5,-378.96875
1,12700,RAINFOREST_RESIN,9992,28,,,,,10008,28,,,,,10000.0,-96.0
1,12700,PICNIC_BASKET1,58623,1,58622,14,58621,18,58632,1,58633,14,58634,18,58627.5,0.0
1,12700,PICNIC_BASKET2,30226,15,30225,18,,,30231,1,30232,32,,,30228.5,0.0
1,12700,CROISSANTS,4267,147,,,,,4268,147,,,,,4267.5,0.0
1,12700,JAMS,6542,262,,,,,6544,262,,,,,6543.0,0.0
1,12700,DJEMBES,13415,18,13414,37,,,13416,55,,,,,13415.5,0.0
1,12700,KELP,2032,24,,,,,2035,24,,,,,2033.5,33.453125
1,12800,DJEMBES,13417,72,,,,,13418,22,13419,50,,,13417.5,0.0
1,12800,RAINFOREST_RESIN,10002,5,9992,30,,,10008,30,,,,,10005.0,-96.0
1,12800,CROISSANTS,4268,63,4267,53,,,4269,116,,,,,4268.5,0.0
1,12800,JAMS,6542,181,,,,,6544,181,,,,,6543.0,0.0
1,12800,PICNIC_BASKET1,58631,4,58627,1,58626,19,58636,1,58637,19,58638,22,58633.5,0.0
1,12800,PICNIC_BASKET2,30234,4,30231,42,,,30237,20,30238,22,,,30235.5,0.0
1,12800,KELP,2032,24,,,,,2034,1,2035,24,,,2033.0,38.9921875
1,12800,SQUID_INK,1867,24,,,,,1869,1,1870,24,,,1868.0,-292.9140625
1,12900,CROISSANTS,4268,39,4267,86,,,4269,125,,,,,4268.5,0.0
1,12900,JAMS,6542,225,,,,,6544,225,,,,,6543.0,0.0
1,12900,DJEMBES,13417,54,,,,,13418,54,,,,,13417.5,0.0
1,12900,KELP,2034,1,2032,29,,,2035,29,,,,,2034.5,37.5
1,12900,SQUID_INK,1868,1,1866,29,,,1870,29,,,,,1869.0,-271.4296875
1,12900,RAINFOREST_RESIN,9992,31,,,,,10008,31,,,,,10000.0,-96.0
1,12900,PICNIC_BASKET1,58634,6,58629,20,58628,15,58640,35,,,,,58637.0,0.0
1,12900,PICNIC_BASKET2,30234,6,30232,20,30231,15,30238,35,,,,,30236.0,0.0
1,13000,KELP,2032,26,,,,,2035,26,,,,,2033.5,36.3828125
1,13000,CROISSANTS,4268,52,4267,53,,,4269,105,,,,,4268.5,0.0
1,13000,JAMS,6542,194,,,,,6543,8,6544,194,,,6542.5,0.0
1,13000,SQUID_INK,1865,26,,,,,1868,26,,,,,1866.5,-183.71875
1,13000,PICNIC_BASKET1,58629,1,58628,18,58627,21,58633,8,58638,1,58639,18,58631.0,0.0
1,13000,PICNIC_BASKET2,30231,19,30230,21,,,30233,8,30236,1,30237,39,30232.0,0.0
1,13000,DJEMBES,13417,65,,,,,13418,21,13419,44,,,13417.5,0.0
1,13000,RAINFOREST_RESIN,9992,35,,,,,10008,35,,,,,10000.0,-96.0
1,13100,RAINFOREST_RESIN,9992,31,,,,,9998,3,10008,31,,,9995.0,-96.0
1,13100,SQUID_INK,1865,1,1864,24,,,1868,25,,,,,1866.5,-175.140625
1,13100,PICNIC_BASKET1,58638,1,58637,14,58636,18,58647,1,58648,14,58649,18,58642.5,0.0
1,13100,PICNIC_BASKET2,30231,15,30230,18,,,30236,1,30237,32,,,30233.5,0.0
1,13100,KELP,2032,25,,,,,2035,25,,,,,2033.5,36.3671875
1,13100,CROISSANTS,4268,39,4267,99,,,4269,138,,,,,4268.5,0.0
1,13100,JAMS,6542,215,,,,,6544,215,,,,,6543.0,0.0
1,13100,DJEMBES,13417,52,,,,,13419,52,,,,,13418.0,0.0
1,13200,DJEMBES,13415,75,,,,,13417,75,,,,,13416.0,0.0
1,13200,RAINFOREST_RESIN,9992,29,,,,,10008,29,,,,,10000.0,-96.0
1,13200,KELP,2032,21,,,,,2035,21,,,,,2033.5,36.46875
1,13200,CROISSANTS,4268,59,4267,68,,,4269,127,,,,,4268.5,0.0
1,13200,JAMS,6542,198,,,,,6544,198,,,,,6543.0,0.0
1,13200,SQUID_INK,1868,21,,,,,1871,21,,,,,1869.5,-340.4453125
1,13200,PICNIC_BASKET1,58636,1,58635,17,58634,26,58645,1,58646,17,58647,26,58640.5,0.0
1,13200,PICNIC_BASKET2,30228,1,30227,43,,,30233,1,30234,43,,,30230.5,0.0
1,13300,KELP,2032,30,,,,,2035,30,,,,,2033.5,37.453125
1,13300,CROISSANTS,4267,124,,,,,4269,124,,,,,4268.0,0.0
1,13300,JAMS,6542,192,,,,,6544,192,,,,,6543.0,0.0
1,13300,DJEMBES,13414,76,,,,,13415,27,13416,49,,,13414.5,0.0
1,13300,RAINFOREST_RESIN,9992,31,,,,,10008,31,,,,,10000.0,-96.0
1,13300,SQUID_INK,1869,1,1868,29,,,1872,30,,,,,1870.5,-376.53125
1,13300,PICNIC_BASKET1,58637,1,58636,20,58635,27,58646,1,58647,20,58648,27,58641.5,0.0
1,13300,PICNIC_BASKET2,30227,21,30226,27,,,30232,1,30233,47,,,30229.5,0.0
1,13400,KELP,2032,31,,,,,2035,31,,,,,2033.5,31.8046875
1,13400,CROISSANTS,4268,63,4267,65,,,4269,128,,,,,4268.5,0.0
1,13400,JAMS,6543,65,6542,197,,,6544,65,6545,197,,,6543.5,0.0
1,13400,SQUID_INK,1869,31,,,,,1872,31,,,,,1870.5,-400.2890625
1,13400,PICNIC_BASKET1,58641,2,58640,18,58639,15,58650,2,58651,18,58652,15,58645.5,0.0
1,13400,PICNIC_BASKET2,30230,20,30229,15,,,30235,2,30236,33,,,30232.5,0.0
1,13400,DJEMBES,13415,55,,,,,13416,55,,,,,13415.5,0.0
1,13400,RAINFOREST_RESIN,9992,33,,,,,10008,33,,,,,10000.0,-96.0
1,13500,RAINFOREST_RESIN,9992,30,,,,,10008,30,,,,,10000.0,-96.0
1,13500,SQUID_INK,1868,23,,,,,1870,1,1871,2,1872,21,1869.0,-369.4140625
1,13500,PICNIC_BASKET1,58636,2,58635,19,58634,26,58645,2,58646,19,58647,26,58640.5,0.0
1,13500,PICNIC_BASKET2,30226,2,30225,45,,,30231,2,30232,45,,,30228.5,0.0
1,13500,DJEMBES,13414,76,,,,,13416,76,,,,,13415.0,0.0
1,13500,KELP,2032,23,,,,,2034,1,2035,23,,,2033.0,31.2578125
1,13500,CROISSANTS,4267,136,,,,,4269,136,,,,,4268.0,0.0
1,13500,JAMS,6541,236,,,,,6543,236,,,,,6542.0,0.0
1,13600,DJEMBES,13414,72,,,,,13416,72,,,,,13415.0,0.0
1,13600,RAINFOREST_RESIN,9997,6,9992,31,,,10008,31,,,,,10002.5,-92.0
1,13600,KELP,2033,3,2032,30,,,2035,30,,,,,2034.0,38.921875
1,13600,CROISSANTS,4267,120,,,,,4269,120,,,,,4268.0,0.0
1,13600,SQUID_INK,1868,3,1867,30,,,1871,30,,,,,1869.5,-317.1953125
1,13600,PICNIC_BASKET2,30225,35,,,,,30231,13,30232,22,,,30228.0,0.0
1,13600,PICNIC_BASKET1,58637,35,,,,,58648,13,58649,22,,,58642.5,0.0
1,13600,JAMS,6541,76,6540,193,,,6542,76,6543,193,,,6541.5,0.0
1,13700,DJEMBES,13415,61,,,,,13416,61,,,,,13415.5,0.0
1,13700,KELP,2032,30,,,,,2034,2,2035,30,,,2033.0,36.2734375
1,13700,CROISSANTS,4267,125,,,,,4268,37,4269,88,,,4267.5,0.0
1,13700,JAMS,6541,88,6540,158,,,6542,88,6543,158,,,6541.5,0.0
1,13700,RAINFOREST_RESIN,9992,32,,,,,10008,32,,,,,10000.0,-92.0
1,13700,SQUID_INK,1866,30,,,,,1868,2,1869,30,,,1867.0,-260.65625
1,13700,PICNIC_BASKET2,30226,1,30225,49,,,30231,21,30232,29,,,30228.5,0.0
1,13700,PICNIC_BASKET1,58641,1,58640,20,58639,29,58650,1,58651,20,58652,29,58645.5,0.0
1,13800,KELP,2032,26,,,,,2035,26,,,,,2033.5,36.25
1,13800,SQUID_INK,1867,26,,,,,1871,26,,,,,1869.0,-327.9765625
1,13800,PICNIC_BASKET2,30226,44,,,,,30232,15,30233,29,,,30229.0,0.0
1,13800,PICNIC_BASKET1,58637,15,58636,29,,,58648,15,58649,29,,,58642.5,0.0
1,13800,CROISSANTS,4267,151,,,,,4269,151,,,,,4268.0,0.0
1,13800,JAMS,6541,91,6540,141,,,6542,91,6543,141,,,6541.5,0.0
1,13800,DJEMBES,13416,29,13415,48,,,13417,77,,,,,13416.5,0.0
1,13800,RAINFOREST_RESIN,9992,25,,,,,9999,1,10003,5,10008,25,9995.5,-92.0
1,13900,RAINFOREST_RESIN,9992,32,,,,,10008,32,,,,,10000.0,-95.0
1,13900,SQUID_INK,1867,20,,,,,1868,3,1870,21,,,1867.5,-279.9765625
1,13900,PICNIC_BASKET2,30225,21,30224,17,,,30230,1,30231,37,,,30227.5,0.0
1,13900,PICNIC_BASKET1,58637,1,58636,20,58635,17,58646,1,58647,20,58648,17,58641.5,0.0
1,13900,DJEMBES,13415,52,,,,,13417,52,,,,,13416.0,0.0
1,13900,KELP,2032,20,,,,,2034,3,2035,21,,,2033.0,34.15625
1,13900,CROISSANTS,4267,134,,,,,4269,134,,,,,4268.0,0.0
1,13900,JAMS,6540,254,,,,,6542,254,,,,,6541.0,0.0
1,14000,DJEMBES,13416,61,,,,,13417,61,,,,,13416.5,0.0
1,14000,RAINFOREST_RESIN,9992,34,,,,,10008,34,,,,,10000.0,-95.0
1,14000,KELP,2032,29,,,,,2035,29,,,,,2033.5,37.6953125
1,14000,SQUID_INK,1867,29,,,,,1870,29,,,,,1868.5,-297.96875
1,14000,PICNIC_BASKET2,30227,1,30226,32,,,30232,16,30233,17,,,30229.5,0.0
1,14000,PICNIC_BASKET1,58638,1,58637,32,,,58648,16,58649,17,,,58643.0,0.0
1,14000,CROISSANTS,4267,150,,,,,4268,55,4269,95,,,4267.5,0.0
1,14000,JAMS,6540,291,,,,,6542,291,,,,,6541.0,0.0
1,14100,DJEMBES,13416,75,,,,,13418,75,,,,,13417.0,0.0
1,14100,KELP,2034,4,2032,28,,,2035,28,,,,,2034.5,36.1875
1,14100,CROISSANTS,4268,57,4267,86,,,4269,143,,,,,4268.5,0.0
1,14100,JAMS,6540,282,,,,,6542,282,,,,,6541.0,0.0
1,14100,RAINFOREST_RESIN,9992,25,,,,,10003,6,10008,25,,,9997.5,-93.0
1,14100,SQUID_INK,1868,4,1867,28,,,1870,28,,,,,1869.0,-291.0859375
1,14100,PICNIC_BASKET2,30229,1,30228,43,,,30234,14,30235,30,,,30231.5,0.0
1,14100,PICNIC_BASKET1,58641,14,58640,30,,,58651,1,58652,43,,,58646.0,0.0
1,14200,SQUID_INK,1867,27,,,,,1870,1,1871,26,,,1868.5,-320.3046875
1,14200,KELP,2032,27,,,,,2035,27,,,,,2033.5,35.6640625
1,14200,PICNIC_BASKET2,30227,38,,,,,30233,16,30234,22,,,30230.0,0.0
1,14200,PICNIC_BASKET1,58639,1,58638,15,58637,22,58648,1,58649,15,58650,22,58643.5,0.0
1,14200,CROISSANTS,4267,138,,,,,4269,138,,,,,4268.0,0.0
1,14200,JAMS,6540,252,,,,,6542,252,,,,,6541.0,0.0
1,14200,DJEMBES,13416,56,,,,,13418,56,,,,,13417.0,0.0
1,14200,RAINFOREST_RESIN,9992,29,,,,,10008,29,,,,,10000.0,-93.0
1,14300,RAINFOREST_RESIN,9992,28,,,,,10008,28,,,,,10000.0,-93.0
1,14300,SQUID_INK,1869,32,,,,,1872,32,,,,,1870.5,-378.65625
1,14300,PICNIC_BASKET2,30231,2,30230,41,,,30236,14,30237,29,,,30233.5,0.0
1,14300,PICNIC_BASKET1,58649,2,58648,12,58647,29,58658,2,58659,12,58660,29,58653.5,0.0
1,14300,DJEMBES,13416,69,,,,,13417,69,,,,,13416.5,0.0
1,14300,KELP,2032,32,,,,,2035,32,,,,,2033.5,34.1328125
1,14300,CROISSANTS,4268,118,,,,,4269,118,,,,,4268.5,0.0
1,14300,JAMS,6541,58,6540,115,,,6542,58,6543,115,,,6541.5,0.0
1,14400,DJEMBES,13417,66,,,,,13418,66,,,,,13417.5,0.0
1,14400,RAINFOREST_RESIN,9992,25,,,,,10008,25,,,,,10000.0,-93.0
1,14400,SQUID_INK,1869,32,,,,,1872,27,,,,,1870.5,-380.96875
1,14400,KELP,2032,32,,,,,2035,27,,,,,2033.5,37.1328125
1,14400,PICNIC_BASKET2,30227,19,30226,24,,,30232,1,30233,42,,,30229.5,0.0
1,14400,PICNIC_BASKET1,58650,1,58649,18,58648,24,58659,1,58660,18,58661,24,58654.5,0.0
1,14400,CROISSANTS,4267,139,,,,,4268,9,4269,139,,,4267.5,0.0
1,14400,JAMS,6541,86,6540,132,,,6542,86,6543,132,,,6541.5,0.0
1,14500,DJEMBES,13417,64,,,,,13418,64,,,,,13417.5,0.0
1,14500,KELP,2032,21,,,,,2033,5,2035,21,,,2032.5,34.046875
1,14500,CROISSANTS,4267,152,,,,,4269,152,,,,,4268.0,0.0
1,14500,JAMS,6540,222,,,,,6542,222,,,,,6541.0,0.0
1,14500,RAINFOREST_RESIN,9992,29,,,,,9997,9,10003,2,10008,29,9994.5,-93.0
1,14500,SQUID_INK,1869,16,,,,,1872,21,,,,,1870.5,-386.390625
1,14500,PICNIC_BASKET2,30227,15,30226,21,,,30232,1,30233,35,,,30229.5,0.0
1,14500,PICNIC_BASKET1,58650,15,58649,21,,,58660,15,58661,21,,,58655.0,0.0
1,14600,SQUID_INK,1866,23,,,,,1868,5,1869,23,,,1867.0,-254.3515625
1,14600,KELP,2032,23,,,,,2034,5,2035,23,,,2033.0,28.828125
1,14600,PICNIC_BASKET2,30225,13,30224,29,,,30231,42,,,,,30228.0,0.0
1,14600,PICNIC_BASKET1,58649,1,58648,12,58647,29,58658,1,58659,12,58660,29,58653.5,0.0
1,14600,CROISSANTS,4267,135,,,,,4268,35,4269,100,,,4267.5,0.0
1,14600,JAMS,6540,217,,,,,6542,217,,,,,6541.0,0.0
1,14600,DJEMBES,13415,68,,,,,13417,68,,,,,13416.0,0.0
1,14600,RAINFOREST_RESIN,9992,30,,,,,10008,30,,,,,10000.0,-93.0
1,14700,RAINFOREST_RESIN,9992,31,,,,,10008,31,,,,,10000.0,-93.0
1,14700,SQUID_INK,1868,1,1867,2,1866,28,1869,26,,,,,1868.5,-249.3515625
1,14700,PICNIC_BASKET1,58648,13,58647,20,,,58659,13,58660,20,,,58653.5,0.0
1,14700,PICNIC_BASKET2,30225,13,30224,20,,,30231,33,,,,,30228.0,0.0
1,14700,DJEMBES,13415,63,,,,,13416,20,13417,43,,,13415.5,0.0
1,14700,KELP,2034,1,2033,2,2032,28,2035,26,,,,,2034.5,27.21875
1,14700,JAMS,6540,203,,,,,6542,203,,,,,6541.0,0.0
1,14700,CROISSANTS,4267,122,,,,,4268,50,4269,72,,,4267.5,0.0
1,14800,DJEMBES,13416,46,,,,,13417,15,13418,31,,,13416.5,0.0
1,14800,RAINFOREST_RESIN,9992,33,,,,,10008,33,,,,,10000.0,-93.0
1,14800,SQUID_INK,1866,24,,,,,1869,24,,,,,1867.5,-260.96875
1,14800,PICNIC_BASKET1,58646,1,58645,15,58644,15,58655,1,58656,15,58657,15,58650.5,0.0
1,14800,PICNIC_BASKET2,30228,16,30227,15,,,30233,1,30234,30,,,30230.5,0.0
1,14800,KELP,2032,24,,,,,2035,24,,,,,2033.5,26.2109375
1,14800,CROISSANTS,4267,84,,,,,4268,35,4269,59,,,4267.5,0.0
1,14800,JAMS,6540,175,,,,,6542,175,,,,,6541.0,0.0
1,14900,DJEMBES,13416,29,13415,33,,,13417,62,,,,,13416.5,0.0
1,14900,KELP,2032,21,,,,,2034,7,2035,21,,,2033.0,32.3359375
1,14900,CROISSANTS,4267,161,,,,,4268,161,,,,,4267.5,0.0
1,14900,JAMS,6541,98,6540,121,,,6542,98,6543,121,,,6541.5,0.0
1,14900,RAINFOREST_RESIN,10002,3,9992,32,,,10008,32,,,,,10005.0,-93.0
1,14900,SQUID_INK,1868,21,,,,,1869,7,1871,21,,,1868.5,-328.6953125
1,14900,PICNIC_BASKET1,58641,1,58640,20,58639,29,58650,1,58651,20,58652,29,58645.5,0.0
1,14900,PICNIC_BASKET2,30227,21,30226,29,,,30232,1,30233,49,,,30229.5,0.0
1,15000,SQUID_INK,1870,1,1868,25,,,1871,25,,,,,1870.5,-336.6328125
1,15000,PICNIC_BASKET1,58650,8,58645,17,58644,26,58656,43,,,,,58653.0,0.0
1,15000,PICNIC_BASKET2,30229,8,30226,43,,,30232,17,30233,26,,,30230.5,0.0
1,15000,KELP,2034,1,2032,25,,,2035,25,,,,,2034.5,34.40625
1,15000,CROISSANTS,4267,157,,,,,4268,157,,,,,4267.5,0.0
1,15000,JAMS,6541,274,,,,,6543,274,,,,,6542.0,0.0
1,15000,DJEMBES,13416,65,,,,,13417,65,,,,,13416.5,0.0
1,15000,RAINFOREST_RESIN,9992,30,,,,,10008,30,,,,,10000.0,-93.0
1,15100,RAINFOREST_RESIN,9992,30,,,,,10008,30,,,,,10000.0,-93.0
1,15100,SQUID_INK,1870,26,,,,,1873,26,,,,,1871.5,-443.0078125
1,15100,PICNIC_BASKET1,58644,16,58643,19,,,58655,16,58656,19,,,58649.5,0.0
1,15100,PICNIC_BASKET2,30228,35,,,,,30234,16,30235,19,,,30231.0,0.0
1,15100,DJEMBES,13416,19,13415,40,,,13417,59,,,,,13416.5,0.0
1,15100,KELP,2032,26,,,,,2035,26,,,,,2033.5,28.859375
1,15100,CROISSANTS,4267,127,,,,,4268,127,,,,,4267.5,0.0
1,15100,JAMS,6541,226,,,,,6543,226,,,,,6542.0,0.0
1,15200,DJEMBES,13417,58,,,,,13418,58,,,,,13417.5,0.0
1,15200,RAINFOREST_RESIN,9992,33,,,,,10008,33,,,,,10000.0,-93.0
1,15200,PICNIC_BASKET1,58652,14,58651,26,,,58657,3,58663,14,58664,26,58654.5,0.0
1,15200,PICNIC_BASKET2,30229,40,,,,,30232,3,30235,14,30236,26,30230.5,0.0
1,15200,CROISSANTS,4267,152,,,,,4268,152,,,,,4267.5,0.0
1,15200,JAMS,6541,264,,,,,6543,264,,,,,6542.0,0.0
1,15200,SQUID_INK,1869,24,,,,,1872,25,,,,,1870.5,-383.90625
1,15200,KELP,2032,25,,,,,2033,1,2036,25,,,2032.5,17.6796875
1,15300,KELP,2033,1,2032,26,,,2036,26,,,,,2034.5,17.0859375
1,15300,DJEMBES,13417,67,,,,,13418,24,13419,43,,,13417.5,0.0
1,15300,CROISSANTS,4267,136,,,,,4268,136,,,,,4267.5,0.0
1,15300,JAMS,6540,278,,,,,6542,278,,,,,6541.0,0.0
1,15300,RAINFOREST_RESIN,10000,3,9992,34,,,10003,8,10008,34,,,10001.5,-93.0
1,15300,PICNIC_BASKET1,58649,2,58648,17,58647,24,58658,2,58659,17,58660,24,58653.5,0.0
1,15300,PICNIC_BASKET2,30228,2,30227,41,,,30233,19,30234,24,,,30230.5,0.0
1,15300,SQUID_INK,1869,3,1868,24,,,1872,26,,,,,1870.5,-374.4140625
1,15400,PICNIC_BASKET1,58650,20,58649,25,,,58660,1,58661,44,,,58655.0,0.0
1,15400,PICNIC_BASKET2,30227,1,30226,44,,,30232,1,30233,44,,,30229.5,0.0
1,15400,CROISSANTS,4267,117,,,,,4268,117,,,,,4267.5,0.0
1,15400,JAMS,6540,243,,,,,6542,243,,,,,6541.0,0.0
1,15400,SQUID_INK,1868,24,,,,,1870,1,1871,24,,,1869.0,-337.8984375
1,15400,KELP,2032,24,,,,,2034,1,2036,24,,,2033.0,19.03125
1,15400,DJEMBES,13417,64,,,,,13418,64,,,,,13417.5,0.0
1,15400,RAINFOREST_RESIN,9992,30,,,,,10008,30,,,,,10000.0,-93.0
1,15500,RAINFOREST_RESIN,9992,31,,,,,10008,31,,,,,10000.0,-93.0
1,15500,PICNIC_BASKET1,58650,2,58649,15,58648,29,58659,2,58660,15,58661,29,58654.5,0.0
1,15500,PICNIC_BASKET2,30225,2,30224,44,,,30230,17,30231,29,,,30227.5,0.0
1,15500,SQUID_INK,1869,4,1868,22,,,1872,24,,,,,1870.5,-377.859375
1,15500,KELP,2033,2,2032,24,,,2036,24,,,,,2034.5,17.5234375
1,15500,DJEMBES,13418,73,,,,,13420,73,,,,,13419.0,0.0
1,15500,CROISSANTS,4267,121,,,,,4268,121,,,,,4267.5,0.0
1,15500,JAMS,6540,194,,,,,6542,194,,,,,6541.0,0.0
1,15600,DJEMBES,13418,58,,,,,13420,58,,,,,13419.0,0.0
1,15600,RAINFOREST_RESIN,9992,28,,,,,10008,28,,,,,10000.0,-93.0
1,15600,PICNIC_BASKET1,58657,20,58656,24,,,58667,20,58668,24,,,58662.0,0.0
1,15600,PICNIC_BASKET2,30228,2,30227,42,,,30233,20,30234,24,,,30230.5,0.0
1,15600,CROISSANTS,4268,94,,,,,4269,94,,,,,4268.5,0.0
1,15600,JAMS,6540,218,,,,,6542,218,,,,,6541.0,0.0
1,15600,SQUID_INK,1869,25,,,,,1872,25,,,,,1870.5,-387.9453125
1,15600,KELP,2032,25,,,,,2036,25,,,,,2034.0,9.875
1,15700,KELP,2032,21,,,,,2036,21,,,,,2034.0,10.34375
1,15700,CROISSANTS,4268,62,4267,95,,,4269,157,,,,,4268.5,0.0
1,15700,JAMS,6540,293,,,,,6542,293,,,,,6541.0,0.0
1,15700,RAINFOREST_RESIN,9992,29,,,,,10000,5,10003,4,10008,29,9996.0,-93.0
1,15700,DJEMBES,13417,63,,,,,13418,63,,,,,13417.5,0.0
1,15700,PICNIC_BASKET1,58653,1,58652,10,58651,19,58662,1,58663,10,58664,19,58657.5,0.0
1,15700,PICNIC_BASKET2,30229,1,30228,29,,,30234,1,30235,29,,,30231.5,0.0
1,15700,SQUID_INK,1868,21,,,,,1872,21,,,,,1870.0,-372.90625
1,15800,PICNIC_BASKET2,30226,38,,,,,30232,20,30233,18,,,30229.0,0.0
1,15800,PICNIC_BASKET1,58652,20,58651,18,,,58662,2,58663,36,,,58657.0,0.0
1,15800,CROISSANTS,4268,40,4267,93,,,4269,133,,,,,4268.5,0.0
1,15800,SQUID_INK,1869,31,,,,,1872,25,,,,,1870.5,-396.703125
1,15800,JAMS,6540,249,,,,,6542,249,,,,,6541.0,0.0
1,15800,DJEMBES,13416,51,,,,,13418,51,,,,,13417.0,0.0
1,15800,KELP,2033,6,2032,25,,,2036,25,,,,,2034.5,9.3203125
1,15800,RAINFOREST_RESIN,9992,30,,,,,10008,30,,,,,10000.0,-93.0
1,15900,RAINFOREST_RESIN,9992,27,,,,,10008,27,,,,,10000.0,-93.0
1,15900,DJEMBES,13418,62,,,,,13419,22,13420,40,,,13418.5,0.0
1,15900,PICNIC_BASKET2,30227,13,30226,22,,,30232,1,30233,34,,,30229.5,0.0
1,15900,PICNIC_BASKET1,58651,1,58650,12,58649,22,58660,1,58661,12,58662,22,58655.5,0.0
1,15900,SQUID_INK,1868,39,,,,,1871,31,,,,,1869.5,-335.8828125
1,15900,JAMS,6540,94,6539,125,,,6541,94,6542,125,,,6540.5,0.0
1,15900,KELP,2033,8,2032,31,,,2036,31,,,,,2034.5,11.7890625
1,15900,CROISSANTS,4268,149,,,,,4269,149,,,,,4268.5,0.0
1,16000,RAINFOREST_RESIN,9992,28,,,,,10003,5,10008,28,,,9997.5,-93.0
1,16000,PICNIC_BASKET2,30228,32,,,,,30234,16,30235,16,,,30231.0,0.0
1,16000,PICNIC_BASKET1,58645,16,58644,16,,,58656,16,58657,16,,,58650.5,0.0
1,16000,SQUID_INK,1869,23,,,,,1871,1,1873,23,,,1870.0,-419.140625
1,16000,CROISSANTS,4268,59,4267,62,,,4269,121,,,,,4268.5,0.0
1,16000,JAMS,6540,245,,,,,6542,245,,,,,6541.0,0.0
1,16000,DJEMBES,13418,53,,,,,13420,53,,,,,13419.0,0.0
1,16000,KELP,2032,23,,,,,2034,1,2036,23,,,2033.0,13.3046875
1,16100,CROISSANTS,4268,97,,,,,4269,97,,,,,4268.5,0.0
1,16100,JAMS,6540,184,,,,,6542,184,,,,,6541.0,0.0
1,16100,KELP,2033,3,2032,27,,,2036,27,,,,,2034.5,9.21875
1,16100,RAINFOREST_RESIN,9997,2,9992,28,,,10008,28,,,,,10002.5,-93.0
1,16100,DJEMBES,13419,73,,,,,13420,26,13421,47,,,13419.5,0.0
1,16100,PICNIC_BASKET2,30225,2,30224,37,,,30230,13,30231,26,,,30227.5,0.0
1,16100,PICNIC_BASKET1,58651,13,58650,26,,,58661,2,58662,37,,,58656.0,0.0
1,16100,SQUID_INK,1870,30,,,,,1873,27,,,,,1871.5,-429.375
1,16200,PICNIC_BASKET2,30222,12,30221,25,,,30224,1,30227,2,30228,35,30223.0,0.0
1,16200,PICNIC_BASKET1,58649,2,58648,35,,,58653,1,58658,2,58659,10,58651.0,0.0
1,16200,SQUID_INK,1870,23,,,,,1873,23,,,,,1871.5,-458.1171875
1,16200,CROISSANTS,4268,121,,,,,4269,121,,,,,4268.5,0.0
1,16200,JAMS,6540,190,,,,,6542,190,,,,,6541.0,0.0
1,16200,DJEMBES,13418,66,,,,,13419,66,,,,,13418.5,0.0
1,16200,KELP,2033,2,2032,21,,,2036,23,,,,,2034.5,4.6328125
1,16200,RAINFOREST_RESIN,9992,27,,,,,10003,5,10008,27,,,9997.5,-93.0
1,16300,RAINFOREST_RESIN,9992,25,,,,,10008,25,,,,,10000.0,-93.0
1,16300,DJEMBES,13418,57,,,,,13419,57,,,,,13418.5,0.0
1,16300,PICNIC_BASKET2,30223,39,,,,,30229,21,30230,18,,,30226.0,0.0
1,16300,PICNIC_BASKET1,58651,2,58650,19,58649,18,58660,2,58661,19,58662,18,58655.5,0.0
1,16300,SQUID_INK,1871,24,,,,,1873,3,1874,24,,,1872.0,-490.765625
1,16300,CROISSANTS,4268,99,,,,,4269,99,,,,,4268.5,0.0
1,16300,JAMS,6540,242,,,,,6542,242,,,,,6541.0,0.0
1,16300,KELP,2033,24,,,,,2035,3,2036,24,,,2034.0,0.0859375
1,16400,RAINFOREST_RESIN,9992,32,,,,,10000,2,10008,32,,,9996.0,-91.0
1,16400,PICNIC_BASKET2,30225,1,30224,34,,,30230,20,30231,15,,,30227.5,0.0
1,16400,PICNIC_BASKET1,58649,1,58648,19,58647,15,58658,1,58659,19,58660,15,58653.5,0.0
1,16400,SQUID_INK,1872,27,,,,,1875,1,1876,26,,,1873.5,-570.1953125
1,16400,CROISSANTS,4268,116,,,,,4269,116,,,,,4268.5,0.0
1,16400,JAMS,6540,237,,,,,6542,237,,,,,6541.0,0.0
1,16400,DJEMBES,13417,56,,,,,13418,56,,,,,13417.5,0.0
1,16400,KELP,2033,27,,,,,2036,27,,,,,2034.5,-3.5390625
1,16500,CROISSANTS,4268,47,4267,56,,,4269,103,,,,,4268.5,0.0
1,16500,JAMS,6540,156,,,,,6542,156,,,,,6541.0,0.0
1,16500,KELP,2033,23,,,,,2036,23,,,,,2034.5,-2.5
1,16500,RAINFOREST_RESIN,9992,28,,,,,10008,28,,,,,10000.0,-91.0
1,16500,DJEMBES,13417,77,,,,,13418,77,,,,,13417.5,0.0
1,16500,PICNIC_BASKET2,30223,16,30222,29,,,30229,16,30230,29,,,30226.0,0.0
1,16500,PICNIC_BASKET1,58647,1,58646,44,,,58657,16,58658,29,,,58652.0,0.0
1,16500,SQUID_INK,1872,23,,,,,1875,23,,,,,1873.5,-554.9765625
1,16600,PICNIC_BASKET2,30227,4,30225,12,30224,23,30231,35,,,,,30229.0,0.0
1,16600,PICNIC_BASKET1,58651,4,58647,2,58646,10,58656,2,58657,10,58658,23,58653.5,0.0
1,16600,SQUID_INK,1872,29,,,,,1875,2,1876,27,,,1873.5,-565.921875
1,16600,CROISSANTS,4267,119,,,,,4269,119,,,,,4268.0,0.0
1,16600,JAMS,6540,183,,,,,6541,4,6542,183,,,6540.5,0.0
1,16600,DJEMBES,13418,66,,,,,13419,66,,,,,13418.5,0.0
1,16600,KELP,2033,29,,,,,2036,29,,,,,2034.5,-1.390625
1,16600,RAINFOREST_RESIN,10001,1,9992,26,,,10008,26,,,,,10004.5,-91.0
1,16700,RAINFOREST_RESIN,9992,34,,,,,10008,34,,,,,10000.0,-95.0
1,16700,DJEMBES,13418,67,,,,,13419,67,,,,,13418.5,0.0
1,16700,PICNIC_BASKET2,30225,15,30224,24,,,30230,2,30231,37,,,30227.5,0.0
1,16700,PICNIC_BASKET1,58647,2,58646,13,58645,24,58656,2,58657,13,58658,24,58651.5,0.0
1,16700,SQUID_INK,1872,32,,,,,1875,32,,,,,1873.5,-539.34375
1,16700,CROISSANTS,4267,118,,,,,4269,118,,,,,4268.0,0.0
1,16700,JAMS,6540,186,,,,,6542,186,,,,,6541.0,0.0
1,16700,KELP,2033,32,,,,,2036,32,,,,,2034.5,0.1796875
1,16800,RAINFOREST_RESIN,9992,34,,,,,10008,34,,,,,10000.0,-93.0
1,16800,PICNIC_BASKET2,30226,13,30225,17,,,30231,2,30232,28,,,30228.5,0.0
1,16800,PICNIC_BASKET1,58649,2,58648,28,,,58659,13,58660,17,,,58654.0,0.0
1,16800,SQUID_INK,1872,28,,,,,1874,2,1875,28,,,1873.0,-557.1796875
1,16800,CROISSANTS,4267,141,,,,,4268,141,,,,,4267.5,0.0
1,16800,JAMS,6540,280,,,,,6542,286,,,,,6541.0,0.0
1,16800,DJEMBES,13418,57,,,,,13419,57,,,,,13418.5,0.0
1,16800,KELP,2033,28,,,,,2035,2,2036,28,,,2034.0,-0.2734375
1,16900,JAMS,6540,178,,,,,6542,178,,,,,6541.0,0.0
1,16900,CROISSANTS,4267,121,,,,,4268,121,,,,,4267.5,0.0
1,16900,PICNIC_BASKET1,58649,19,58648,19,,,58660,19,58661,19,,,58654.5,0.0
1,16900,PICNIC_BASKET2,30224,19,30223,19,,,30230,38,,,,,30227.0,0.0
1,16900,KELP,2033,23,,,,,2036,23,,,,,2034.5,-3.4296875
1,16900,RAINFOREST_RESIN,9992,28,,,,,10008,28,,,,,10000.0,-93.0
1,16900,DJEMBES,13417,68,,,,,13418,19,13419,49,,,13417.5,0.0
1,16900,SQUID_INK,1871,23,,,,,1875,23,,,,,1873.0,-520.859375
1,17000,SQUID_INK,1871,28,,,,,1874,28,,,,,1872.5,-511.4921875
1,17000,RAINFOREST_RESIN,10003,8,9992,31,,,10008,31,,,,,10005.5,-93.0
1,17000,JAMS,6541,95,6540,149,,,6542,95,6543,149,,,6541.5,0.0
1,17000,CROISSANTS,4267,133,,,,,4268,133,,,,,4267.5,0.0
1,17000,DJEMBES,13415,73,,,,,13416,26,13417,47,,,13415.5,0.0
1,17000,KELP,2033,28,,,,,2036,28,,,,,2034.5,-7.0546875
1,17000,PICNIC_BASKET1,58652,1,58651,13,58650,26,58661,1,58662,13,58663,26,58656.5,0.0
1,17000,PICNIC_BASKET2,30226,40,,,,,30232,14,30233,26,,,30229.0,0.0
1,17100,DJEMBES,13415,73,,,,,13416,73,,,,,13415.5,0.0
1,17100,SQUID_INK,1872,8,1871,27,,,1874,27,,,,,1873.0,-510.203125
1,17100,CROISSANTS,4267,135,,,,,4268,56,4269,79,,,4267.5,0.0
1,17100,JAMS,6541,249,,,,,6543,249,,,,,6542.0,0.0
1,17100,PICNIC_BASKET1,58659,21,58658,27,,,58669,2,58670,46,,,58664.0,0.0
1,17100,PICNIC_BASKET2,30228,2,30227,46,,,30233,21,30234,27,,,30230.5,0.0
1,17100,KELP,2033,35,,,,,2036,27,,,,,2034.5,-3.4296875
1,17100,RAINFOREST_RESIN,10001,1,9992,33,,,10008,33,,,,,10004.5,-93.0
1,17200,PICNIC_BASKET1,58660,2,58659,19,58658,30,58669,2,58670,19,58671,30,58664.5,0.0
1,17200,PICNIC_BASKET2,30227,2,30226,49,,,30232,2,30233,49,,,30229.5,0.0
1,17200,SQUID_INK,1872,34,,,,,1875,26,,,,,1873.5,-544.4765625
1,17200,RAINFOREST_RESIN,9992,32,,,,,10008,32,,,,,10000.0,-93.0
1,17200,CROISSANTS,4267,93,,,,,4269,93,,,,,4268.0,0.0
1,17200,JAMS,6540,150,,,,,6542,150,,,,,6541.0,0.0
1,17200,DJEMBES,13414,75,,,,,13415,75,,,,,13414.5,0.0
1,17200,KELP,2033,34,,,,,2036,26,,,,,2034.5,1.7890625
1,17300,CROISSANTS,4268,52,4267,85,,,4269,137,,,,,4268.5,0.0
1,17300,JAMS,6541,7,6540,222,,,6542,222,,,,,6541.5,0.0
1,17300,PICNIC_BASKET1,58662,4,58657,13,58656,15,58668,13,58669,15,,,58665.0,0.0
1,17300,PICNIC_BASKET2,30229,4,30226,28,,,30232,13,30233,15,,,30230.5,0.0
1,17300,KELP,2033,29,,,,,2035,2,2036,29,,,2034.0,-3.8203125
1,17300,RAINFOREST_RESIN,9992,32,,,,,10008,32,,,,,10000.0,-93.0
1,17300,DJEMBES,13414,45,,,,,13415,15,13416,30,,,13414.5,0.0
1,17300,SQUID_INK,1872,29,,,,,1874,2,1875,29,,,1873.0,-563.234375
1,17400,RAINFOREST_RESIN,9992,32,,,,,10008,32,,,,,10000.0,-89.0
1,17400,CROISSANTS,4268,119,,,,,4269,119,,,,,4268.5,0.0
1,17400,JAMS,6541,80,6540,126,,,6542,80,6543,126,,,6541.5,0.0
1,17400,DJEMBES,13414,24,13413,49,,,13415,73,,,,,13414.5,0.0
1,17400,KELP,2033,21,,,,,2036,21,,,,,2034.5,-6.390625
1,17400,SQUID_INK,1873,21,,,,,1876,21,,,,,1874.5,-612.8046875
1,17400,PICNIC_BASKET1,58666,11,58665,24,,,58677,11,58678,24,,,58671.5,0.0
1,17400,PICNIC_BASKET2,30227,11,30226,24,,,30233,35,,,,,30230.0,0.0
1,17500,DJEMBES,13414,67,,,,,13415,67,,,,,13414.5,0.0
1,17500,KELP,2033,28,,,,,2036,28,,,,,2034.5,-21.7578125
1,17500,CROISSANTS,4268,100,,,,,4269,37,4270,63,,,4268.5,0.0
1,17500,JAMS,6540,242,,,,,6542,242,,,,,6541.0,0.0
1,17500,SQUID_INK,1873,28,,,,,1876,28,,,,,1874.5,-586.96875
1,17500,PICNIC_BASKET1,58667,1,58666,15,58665,27,58676,1,58677,15,58678,27,58671.5,0.0
1,17500,PICNIC_BASKET2,30228,16,30227,27,,,30234,43,,,,,30231.0,0.0
1,17500,RAINFOREST_RESIN,9992,33,,,,,10008,33,,,,,10000.0,-89.0
1,17600,SQUID_INK,1874,26,,,,,1877,26,,,,,1875.5,-629.140625
1,17600,PICNIC_BASKET1,58668,1,58667,15,58666,23,58677,1,58678,15,58679,23,58672.5,0.0
1,17600,PICNIC_BASKET2,30229,16,30228,23,,,30234,1,30235,38,,,30231.5,0.0
1,17600,RAINFOREST_RESIN,9992,26,,,,,10008,26,,,,,10000.0,-89.0
1,17600,KELP,2033,26,,,,,2036,26,,,,,2034.5,-19.109375
1,17600,CROISSANTS,4268,107,,,,,4269,52,4270,55,,,4268.5,0.0
1,17600,JAMS,6541,55,6540,103,,,6542,158,,,,,6541.5,0.0
1,17600,DJEMBES,13414,66,,,,,13415,66,,,,,13414.5,0.0
1,17700,KELP,2033,26,,,,,2036,26,,,,,2034.5,-15.1171875
1,17700,CROISSANTS,4269,124,,,,,4270,124,,,,,4269.5,0.0
1,17700,JAMS,6540,225,,,,,6542,225,,,,,6541.0,0.0
1,17700,SQUID_INK,1875,2,1874,24,,,1878,26,,,,,1876.5,-676.75
1,17700,PICNIC_BASKET1,58676,2,58675,31,,,58686,16,58687,17,,,58681.0,0.0
1,17700,PICNIC_BASKET2,30230,16,30229,17,,,30235,2,30236,31,,,30232.5,0.0
1,17700,RAINFOREST_RESIN,9992,35,,,,,10008,35,,,,,10000.0,-89.0
1,17700,DJEMBES,13415,60,,,,,13416,60,,,,,13415.5,0.0
1,17800,RAINFOREST_RESIN,9992,26,,,,,10003,2,10008,26,,,9997.5,-89.0
1,17800,KELP,2033,23,,,,,2036,23,,,,,2034.5,-17.6640625
1,17800,CROISSANTS,4268,114,,,,,4270,114,,,,,4269.0,0.0
1,17800,JAMS,6540,239,,,,,6542,239,,,,,6541.0,0.0
1,17800,DJEMBES,13415,26,13414,35,,,13416,61,,,,,13415.5,0.0
1,17800,SQUID_INK,1875,23,,,,,1878,23,,,,,1876.5,-697.6484375
1,17800,PICNIC_BASKET1,58678,13,58677,26,,,58689,13,58690,26,,,58683.5,0.0
1,17800,PICNIC_BASKET2,30230,13,30229,26,,,30236,39,,,,,30233.0,0.0
1,17900,DJEMBES,13414,68,,,,,13416,68,,,,,13415.0,0.0
1,17900,KELP,2035,1,2033,26,,,2036,22,,,,,2035.5,-13.640625
1,17900,CROISSANTS,4269,157,,,,,4270,157,,,,,4269.5,0.0
1,17900,JAMS,6540,271,,,,,6542,271,,,,,6541.0,0.0
1,17900,SQUID_INK,1877,1,1875,26,,,1878,22,,,,,1877.5,-687.0546875
1,17900,PICNIC_BASKET1,58679,18,58678,23,,,58690,18,58691,23,,,58684.5,0.0
1,17900,PICNIC_BASKET2,30232,18,30231,23,,,30238,41,,,,,30235.0,0.0
1,17900,RAINFOREST_RESIN,9992,35,,,,,10008,35,,,,,10000.0,-89.0
1,18000,SQUID_INK,1877,1,1875,4,1874,23,1878,25,,,,,1877.5,-675.25
1,18000,PICNIC_BASKET2,30232,12,30231,19,,,30237,2,30238,29,,,30234.5,0.0
1,18000,PICNIC_BASKET1,58674,2,58673,10,58672,19,58683,2,58684,10,58685,19,58678.5,0.0
1,18000,RAINFOREST_RESIN,9992,25,,,,,10008,25,,,,,10000.0,-89.0
1,18000,DJEMBES,13414,63,,,,,13415,63,,,,,13414.5,0.0
1,18000,KELP,2035,1,2033,27,,,2036,25,,,,,2035.5,-3.0234375
1,18000,CROISSANTS,4269,121,,,,,4270,121,,,,,4269.5,0.0
1,18000,JAMS,6540,232,,,,,6542,232,,,,,6541.0,0.0
1,18100,KELP,2034,6,2033,31,,,2036,31,,,,,2035.0,-4.5859375
1,18100,CROISSANTS,4270,126,,,,,4271,47,4272,79,,,4270.5,0.0
1,18100,SQUID_INK,1876,6,1875,31,,,1878,31,,,,,1877.0,-695.28125
1,18100,PICNIC_BASKET2,30235,21,30234,15,,,30240,1,30241,35,,,30237.5,0.0
1,18100,PICNIC_BASKET1,58686,21,58685,15,,,58696,1,58697,35,,,58691.0,0.0
1,18100,JAMS,6540,79,6539,165,,,6541,79,6542,165,,,6540.5,0.0
1,18100,RAINFOREST_RESIN,9992,29,,,,,10008,29,,,,,10000.0,-89.0
1,18100,DJEMBES,13414,56,,,,,13415,56,,,,,13414.5,0.0
1,18200,RAINFOREST_RESIN,10001,1,9992,27,,,10008,27,,,,,10004.5,-89.0
1,18200,DJEMBES,13414,24,13413,34,,,13415,58,,,,,13414.5,0.0
1,18200,KELP,2033,28,,,,,2036,28,,,,,2034.5,-7.671875
1,18200,CROISSANTS,4270,105,,,,,4271,105,,,,,4270.5,0.0
1,18200,JAMS,6540,61,6539,147,,,6541,61,6542,147,,,6540.5,0.0
1,18200,SQUID_INK,1875,28,,,,,1878,28,,,,,1876.5,-682.859375
1,18200,PICNIC_BASKET2,30235,1,30233,15,30232,24,30239,39,,,,,30237.0,0.0
1,18200,PICNIC_BASKET1,58688,1,58683,15,58682,24,58694,15,58695,24,,,58691.0,0.0
1,18300,DJEMBES,13412,64,,,,,13413,23,13414,47,,,13412.5,0.0
1,18300,KELP,2033,30,,,,,2036,30,,,,,2034.5,-1.53125
1,18300,SQUID_INK,1876,30,,,,,1879,30,,,,,1877.5,-752.1875
1,18300,PICNIC_BASKET2,30230,22,30229,23,,,30236,45,,,,,30233.0,0.0
1,18300,PICNIC_BASKET1,58680,2,58679,20,58678,23,58689,2,58690,20,58691,23,58684.5,0.0
1,18300,CROISSANTS,4270,96,,,,,4271,96,,,,,4270.5,0.0
1,18300,JAMS,6539,200,,,,,6541,200,,,,,6540.0,0.0
1,18300,RAINFOREST_RESIN,9992,29,,,,,10008,29,,,,,10000.0,-95.0
1,18400,SQUID_INK,1876,22,,,,,1879,22,,,,,1877.5,-763.5703125
1,18400,PICNIC_BASKET2,30229,19,30228,19,,,30235,38,,,,,30232.0,0.0
1,18400,PICNIC_BASKET1,58673,19,58672,19,,,58684,19,58685,19,,,58678.5,0.0
1,18400,RAINFOREST_RESIN,9992,31,,,,,10008,31,,,,,10000.0,-95.0
1,18400,DJEMBES,13411,66,,,,,13413,66,,,,,13412.0,0.0
1,18400,KELP,2033,22,,,,,2036,22,,,,,2034.5,-7.125
1,18400,CROISSANTS,4270,45,4269,58,,,4271,103,,,,,4270.5,0.0
1,18400,JAMS,6539,189,,,,,6541,189,,,,,6540.0,0.0
1,18500,SQUID_INK,1877,32,,,,,1880,26,,,,,1878.5,-796.5
1,18500,KELP,2033,32,,,,,2036,26,,,,,2034.5,-11.40625
1,18500,PICNIC_BASKET2,30229,15,30228,20,,,30234,1,30235,34,,,30231.5,0.0
1,18500,PICNIC_BASKET1,58677,1,58676,14,58675,20,58686,1,58687,14,58688,20,58681.5,0.0
1,18500,CROISSANTS,4270,131,,,,,4271,131,,,,,4270.5,0.0
1,18500,JAMS,6540,89,6539,135,,,6541,89,6542,135,,,6540.5,0.0
1,18500,RAINFOREST_RESIN,9992,33,,,,,9998,3,10008,33,,,9995.0,-95.0
1,18500,DJEMBES,13411,20,13410,41,,,13412,61,,,,,13411.5,0.0
1,18600,RAINFOREST_RESIN,9992,32,,,,,10008,32,,,,,10000.0,-53.0
1,18600,DJEMBES,13411,16,13410,30,,,13412,46,,,,,13411.5,0.0
1,18600,KELP,2033,26,,,,,2035,4,2036,27,,,2034.0,-5.8359375
1,18600,CROISSANTS,4269,151,,,,,4270,57,4271,94,,,4269.5,0.0
1,18600,JAMS,6539,227,,,,,6541,227,,,,,6540.0,0.0
1,18600,SQUID_INK,1877,26,,,,,1879,4,1880,27,,,1878.0,-785.546875
1,18600,PICNIC_BASKET2,30228,2,30227,34,,,30233,2,30234,34,,,30230.5,0.0
1,18600,PICNIC_BASKET1,58676,2,58675,18,58674,16,58685,2,58686,18,58687,16,58680.5,0.0
1,18700,DJEMBES,13411,56,,,,,13413,56,,,,,13412.0,0.0
1,18700,SQUID_INK,1878,1,1876,20,,,1880,20,,,,,1879.0,-766.8984375
1,18700,KELP,2035,1,2033,20,,,2036,20,,,,,2035.5,-0.3515625
1,18700,PICNIC_BASKET2,30224,11,30223,24,,,30230,35,,,,,30227.0,0.0
1,18700,PICNIC_BASKET1,58676,11,58675,24,,,58687,11,58688,24,,,58681.5,0.0
1,18700,CROISSANTS,4269,129,,,,,4270,129,,,,,4269.5,0.0
1,18700,JAMS,6539,290,,,,,6541,290,,,,,6540.0,0.0
1,18700,RAINFOREST_RESIN,9992,35,,,,,10008,35,,,,,10000.0,-53.0
1,18800,SQUID_INK,1878,10,1876,31,,,1879,31,,,,,1878.5,-748.6015625
1,18800,PICNIC_BASKET2,30222,17,30221,29,,,30227,2,30228,44,,,30224.5,0.0
1,18800,PICNIC_BASKET1,58680,2,58679,15,58678,29,58689,2,58690,15,58691,29,58684.5,0.0
1,18800,RAINFOREST_RESIN,9997,7,9992,30,,,10008,30,,,,,10002.5,-53.0
1,18800,DJEMBES,13412,29,13411,38,,,13413,67,,,,,13412.5,0.0
1,18800,KELP,2034,10,2033,2,2032,29,2036,31,,,,,2035.0,7.953125
1,18800,CROISSANTS,4269,98,,,,,4270,98,,,,,4269.5,0.0
1,18800,JAMS,6539,248,,,,,6541,248,,,,,6540.0,0.0
1,18900,SQUID_INK,1878,1,1876,31,,,1879,31,,,,,1878.5,-736.671875
1,18900,KELP,2035,1,2033,31,,,2036,31,,,,,2035.5,1.765625
1,18900,PICNIC_BASKET2,30223,19,30222,24,,,30228,1,30229,42,,,30225.5,0.0
1,18900,PICNIC_BASKET1,58679,1,58678,42,,,58689,19,58690,24,,,58684.0,0.0
1,18900,CROISSANTS,4269,140,,,,,4270,140,,,,,4269.5,0.0
1,18900,JAMS,6539,239,,,,,6541,239,,,,,6540.0,0.0
1,18900,RAINFOREST_RESIN,10001,1,9992,31,,,10008,31,,,,,10004.5,-53.0
1,18900,DJEMBES,13412,72,,,,,13414,72,,,,,13413.0,0.0
1,19000,RAINFOREST_RESIN,9992,28,,,,,10008,28,,,,,10000.0,-53.0
1,19000,DJEMBES,13413,57,,,,,13414,57,,,,,13413.5,0.0
1,19000,KELP,2033,28,,,,,2035,4,2036,28,,,2034.0,-2.2890625
1,19000,CROISSANTS,4269,106,,,,,4270,106,,,,,4269.5,0.0
1,19000,JAMS,6539,213,,,,,6541,213,,,,,6540.0,0.0
1,19000,SQUID_INK,1875,28,,,,,1877,4,1878,28,,,1876.0,-711.7734375
1,19000,PICNIC_BASKET2,30221,1,30220,45,,,30226,1,30227,45,,,30223.5,0.0
1,19000,PICNIC_BASKET1,58678,1,58677,18,58676,27,58687,1,58688,18,58689,27,58682.5,0.0
1,19100,DJEMBES,13413,55,,,,,13414,23,13415,32,,,13413.5,0.0
1,19100,SQUID_INK,1875,30,,,,,1876,2,1878,30,,,1875.5,-711.5703125
1,19100,KELP,2033,28,,,,,2036,30,,,,,2034.5,-2.28125
1,19100,PICNIC_BASKET2,30222,18,30221,23,,,30227,1,30228,40,,,30224.5,0.0
1,19100,JAMS,6539,180,,,,,6541,180,,,,,6540.0,0.0
1,19100,PICNIC_BASKET1,58677,1,58676,17,58675,23,58686,1,58687,17,58688,23,58681.5,0.0
1,19100,CROISSANTS,4269,116,,,,,4270,116,,,,,4269.5,0.0
1,19100,RAINFOREST_RESIN,9992,34,,,,,10008,34,,,,,10000.0,-53.0
1,19200,SQUID_INK,1875,24,,,,,1877,5,1878,24,,,1876.0,-687.3046875
1,19200,PICNIC_BASKET1,58674,1,58673,16,58672,24,58683,1,58684,16,58685,24,58678.5,0.0
1,19200,PICNIC_BASKET2,30222,1,30221,40,,,30227,17,30228,24,,,30224.5,0.0
1,19200,RAINFOREST_RESIN,9992,25,,,,,10008,25,,,,,10000.0,-53.0
1,19200,DJEMBES,13413,63,,,,,13414,63,,,,,13413.5,0.0
1,19200,KELP,2033,24,,,,,2035,5,2036,24,,,2034.0,-2.78125
1,19200,JAMS,6539,261,,,,,6541,261,,,,,6540.0,0.0
1,19200,CROISSANTS,4269,131,,,,,4270,131,,,,,4269.5,0.0
1,19300,SQUID_INK,1876,24,,,,,1879,24,,,,,1877.5,-744.6640625
1,19300,PICNIC_BASKET1,58679,2,58678,20,58677,17,58688,2,58689,20,58690,17,58683.5,0.0
1,19300,PICNIC_BASKET2,30223,2,30222,37,,,30228,22,30229,17,,,30225.5,0.0
1,19300,KELP,2033,24,,,,,2036,24,,,,,2034.5,-4.8125
1,19300,CROISSANTS,4269,48,4268,86,,,4270,127,,,,,4269.5,0.0
1,19300,JAMS,6539,209,,,,,6541,209,,,,,6540.0,0.0
1,19300,RAINFOREST_RESIN,9992,34,,,,,10008,34,,,,,10000.0,-53.0
1,19300,DJEMBES,13413,47,,,,,13414,17,13415,30,,,13413.5,0.0
1,19400,RAINFOREST_RESIN,10001,1,9992,26,,,10008,26,,,,,10004.5,-48.0
1,19400,DJEMBES,13413,18,13412,46,,,13414,64,,,,,13413.5,0.0
1,19400,KELP,2033,23,,,,,2035,6,2036,24,,,2034.0,-2.75
1,19400,CROISSANTS,4268,101,,,,,4270,101,,,,,4269.0,0.0
1,19400,JAMS,6539,225,,,,,6540,7,6541,225,,,6539.5,0.0
1,19400,SQUID_INK,1877,23,,,,,1879,6,1880,24,,,1878.0,-788.21875
1,19400,PICNIC_BASKET1,58682,20,58681,18,,,58693,38,,,,,58687.5,0.0
1,19400,PICNIC_BASKET2,30221,38,,,,,30227,20,30228,18,,,30224.0,0.0
1,19500,DJEMBES,13413,51,,,,,13414,18,13415,33,,,13413.5,0.0
1,19500,SQUID_INK,1875,24,,,,,1878,24,,,,,1876.5,-682.609375
1,19500,PICNIC_BASKET1,58688,1,58687,14,58686,18,58697,1,58698,14,58699,18,58692.5,0.0
1,19500,PICNIC_BASKET2,30220,1,30219,32,,,30225,1,30226,32,,,30222.5,0.0
1,19500,KELP,2033,24,,,,,2036,24,,,,,2034.5,-2.265625
1,19500,CROISSANTS,4268,138,,,,,4269,57,4270,81,,,4268.5,0.0
1,19500,JAMS,6539,206,,,,,6541,206,,,,,6540.0,0.0
1,19500,RAINFOREST_RESIN,9992,28,,,,,10008,28,,,,,10000.0,-50.0
1,19600,PICNIC_BASKET1,58691,2,58690,17,58689,19,58700,2,58701,17,58702,19,58695.5,0.0
1,19600,PICNIC_BASKET2,30220,19,30219,19,,,30226,38,,,,,30223.0,0.0
1,19600,SQUID_INK,1877,2,1876,26,,,1880,28,,,,,1878.5,-776.1640625
1,19600,RAINFOREST_RESIN,9992,29,,,,,10008,29,,,,,10000.0,-50.0
1,19600,DJEMBES,13414,61,,,,,13416,61,,,,,13415.0,0.0
1,19600,KELP,2033,28,,,,,2036,28,,,,,2034.5,-4.4375
1,19600,CROISSANTS,4268,159,,,,,4270,159,,,,,4269.0,0.0
1,19600,JAMS,6539,200,,,,,6541,200,,,,,6540.0,0.0
1,19700,PICNIC_BASKET1,58693,2,58692,17,58691,25,58702,2,58703,17,58704,25,58697.5,0.0
1,19700,PICNIC_BASKET2,30223,44,,,,,30229,19,30230,25,,,30226.0,0.0
1,19700,CROISSANTS,4269,120,,,,,4270,120,,,,,4269.5,0.0
1,19700,JAMS,6539,56,6538,107,,,6540,56,6541,107,,,6539.5,0.0
1,19700,SQUID_INK,1877,26,,,,,1879,7,1880,27,,,1878.0,-812.359375
1,19700,RAINFOREST_RESIN,9992,35,,,,,9999,1,10008,35,,,9995.5,-50.0
1,19700,DJEMBES,13415,25,13414,33,,,13416,58,,,,,13415.5,0.0
1,19700,KELP,2033,26,,,,,2035,7,2036,27,,,2034.0,-11.2109375
1,19800,RAINFOREST_RESIN,9992,28,,,,,10008,28,,,,,10000.0,-50.0
1,19800,DJEMBES,13415,10,13414,76,,,13416,76,,,,,13415.5,0.0
1,19800,CROISSANTS,4269,122,,,,,4270,122,,,,,4269.5,0.0
1,19800,JAMS,6538,61,6537,128,,,6539,61,6540,128,,,6538.5,0.0
1,19800,KELP,2033,29,,,,,2036,29,,,,,2034.5,-5.96875
1,19800,PICNIC_BASKET1,58690,16,58689,29,,,58701,16,58702,29,,,58695.5,0.0
1,19800,PICNIC_BASKET2,30222,16,30221,29,,,30228,45,,,,,30225.0,0.0
1,19800,SQUID_INK,1877,29,,,,,1880,29,,,,,1878.5,-812.6484375
1,19900,DJEMBES,13414,78,,,,,13416,78,,,,,13415.0,0.0
1,19900,KELP,2033,28,,,,,2036,28,,,,,2034.5,-6.34375
1,19900,PICNIC_BASKET1,58695,2,58694,46,,,58705,20,58706,28,,,58700.0,0.0
1,19900,PICNIC_BASKET2,30223,20,30222,28,,,30228,2,30229,46,,,30225.5,0.0
1,19900,CROISSANTS,4269,103,,,,,4271,103,,,,,4270.0,0.0
1,19900,JAMS,6538,235,,,,,6540,235,,,,,6539.0,0.0
1,19900,SQUID_INK,1876,28,,,,,1879,28,,,,,1877.5,-731.4453125
1,19900,RAINFOREST_RESIN,9992,35,,,,,9998,3,10008,35,,,9995.0,-50.0
1,20000,KELP,2033,23,,,,,2035,3,2036,23,,,2034.0,-7.0703125
1,20000,PICNIC_BASKET1,58699,2,58698,16,58697,27,58708,2,58709,16,58710,27,58703.5,0.0
1,20000,PICNIC_BASKET2,30227,2,30226,43,,,30232,18,30233,27,,,30229.5,0.0
1,20000,SQUID_INK,1875,23,,,,,1877,3,1878,23,,,1876.0,-687.5
1,20000,RAINFOREST_RESIN,9992,30,,,,,10008,30,,,,,10000.0,-54.0
1,20000,DJEMBES,13414,70,,,,,13416,70,,,,,13415.0,0.0
1,20000,CROISSANTS,4270,142,,,,,4271,142,,,,,4270.5,0.0
1,20000,JAMS,6538,186,,,,,6540,186,,,,,6539.0,0.0
1,20100,PICNIC_BASKET1,58705,2,58704,11,58703,16,58714,2,58715,11,58716,16,58709.5,0.0
1,20100,PICNIC_BASKET2,30228,13,30227,16,,,30233,2,30234,27,,,30230.5,0.0
1,20100,CROISSANTS,4270,151,,,,,4271,51,4272,100,,,4270.5,0.0
1,20100,JAMS,6538,274,,,,,6540,274,,,,,6539.0,0.0
1,20100,SQUID_INK,1876,35,,,,,1879,32,,,,,1877.5,-741.65625
1,20100,RAINFOREST_RESIN,9992,31,,,,,10008,31,,,,,10000.0,-54.0
1,20100,DJEMBES,13415,62,,,,,13416,16,13417,46,,,13415.5,0.0
1,20100,KELP,2033,35,,,,,2036,32,,,,,2034.5,-8.9140625
1,20200,RAINFOREST_RESIN,9992,25,,,,,10008,25,,,,,10000.0,-54.0
1,20200,DJEMBES,13415,75,,,,,13416,75,,,,,13415.5,0.0
1,20200,CROISSANTS,4271,59,4270,64,,,4272,123,,,,,4271.5,0.0
1,20200,JAMS,6538,168,,,,,6540,168,,,,,6539.0,0.0
1,20200,KELP,2033,26,,,,,2036,26,,,,,2034.5,-8.796875
1,20200,PICNIC_BASKET1,58702,10,58701,28,,,58713,38,,,,,58707.5,0.0
1,20200,PICNIC_BASKET2,30228,38,,,,,30235,38,,,,,30231.5,0.0
1,20200,SQUID_INK,1876,26,,,,,1879,26,,,,,1877.5,-756.2890625
1,20300,JAMS,6538,269,,,,,6540,269,,,,,6539.0,0.0
1,20300,DJEMBES,13415,61,,,,,13416,61,,,,,13415.5,0.0
1,20300,KELP,2033,26,,,,,2036,27,,,,,2034.5,-13.765625
1,20300,PICNIC_BASKET2,30226,19,30225,16,,,30232,35,,,,,30229.0,0.0
1,20300,PICNIC_BASKET1,58705,1,58704,18,58703,16,58714,1,58715,34,,,58709.5,0.0
1,20300,CROISSANTS,4270,131,,,,,4272,131,,,,,4271.0,0.0
1,20300,SQUID_INK,1878,26,,,,,1881,27,,,,,1879.5,-858.1171875
1,20300,RAINFOREST_RESIN,9992,30,,,,,10000,2,10008,30,,,9996.0,-54.0
1,20400,CROISSANTS,4270,151,,,,,4271,151,,,,,4270.5,0.0
1,20400,JAMS,6538,203,,,,,6540,203,,,,,6539.0,0.0
1,20400,KELP,2033,27,,,,,2036,27,,,,,2034.5,-19.359375
1,20400,PICNIC_BASKET2,30222,19,30221,29,,,30228,48,,,,,30225.0,0.0
1,20400,PICNIC_BASKET1,58701,19,58700,29,,,58712,19,58713,29,,,58706.5,0.0
1,20400,SQUID_INK,1879,27,,,,,1883,27,,,,,1881.0,-917.3203125
1,20400,RAINFOREST_RESIN,9992,31,,,,,10008,31,,,,,10000.0,-5.0
1,20400,DJEMBES,13415,61,,,,,13416,61,,,,,13415.5,0.0
1,20500,PICNIC_BASKET2,30220,40,,,,,30227,40,,,,,30223.5,0.0
1,20500,PICNIC_BASKET1,58699,20,58698,20,,,58710,20,58711,20,,,58704.5,0.0
1,20500,SQUID_INK,1879,28,,,,,1883,28,,,,,1881.0,-926.9453125
1,20500,RAINFOREST_RESIN,9992,29,,,,,10000,5,10008,29,,,9996.0,-5.0
1,20500,CROISSANTS,4269,139,,,,,4271,139,,,,,4270.0,0.0
1,20500,JAMS,6538,201,,,,,6540,201,,,,,6539.0,0.0
1,20500,DJEMBES,13415,67,,,,,13416,67,,,,,13415.5,0.0
1,20500,KELP,2033,28,,,,,2037,28,,,,,2035.0,-24.8671875
1,20600,RAINFOREST_RESIN,9992,26,,,,,10008,26,,,,,10000.0,-5.0
1,20600,DJEMBES,13414,27,13413,50,,,13415,77,,,,,13414.5,0.0
1,20600,CROISSANTS,4269,151,,,,,4271,151,,,,,4270.0,0.0
1,20600,JAMS,6538,271,,,,,6540,271,,,,,6539.0,0.0
1,20600,KELP,2033,26,,,,,2036,26,,,,,2034.5,-22.8125
1,20600,PICNIC_BASKET2,30227,1,30226,44,,,30232,1,30233,44,,,30229.5,0.0
1,20600,PICNIC_BASKET1,58699,1,58698,17,58697,27,58708,1,58709,17,58710,27,58703.5,0.0
1,20600,SQUID_INK,1881,26,,,,,1884,26,,,,,1882.5,-983.8515625
1,20700,CROISSANTS,4270,46,4269,63,,,4271,109,,,,,4270.5,0.0
1,20700,JAMS,6539,63,6538,166,,,6540,63,6541,166,,,6539.5,0.0
1,20700,DJEMBES,13413,71,,,,,13415,71,,,,,13414.0,0.0
1,20700,KELP,2033,21,,,,,2035,4,2036,21,,,2034.0,-22.2421875
1,20700,PICNIC_BASKET2,30232,1,30231,37,,,30237,14,30238,24,,,30234.5,0.0
1,20700,PICNIC_BASKET1,58697,1,58696,13,58695,24,58706,1,58707,13,58708,24,58701.5,0.0
1,20700,SQUID_INK,1880,21,,,,,1882,4,1883,21,,,1881.0,-935.296875
1,20700,RAINFOREST_RESIN,10001,1,9997,5,9992,29,10008,29,,,,,10004.5,-5.0
1,20800,CROISSANTS,4270,142,,,,,4271,142,,,,,4270.5,0.0
1,20800,JAMS,6540,98,6539,175,,,6541,98,6542,175,,,6540.5,0.0
1,20800,KELP,2033,24,,,,,2036,24,,,,,2034.5,-22.2421875
1,20800,PICNIC_BASKET2,30235,19,30234,25,,,30237,5,30241,44,,,30236.0,0.0
1,20800,PICNIC_BASKET1,58699,19,58698,25,,,58704,5,58709,19,58710,25,58701.5,0.0
1,20800,SQUID_INK,1878,24,,,,,1881,24,,,,,1879.5,-842.0078125
1,20800,RAINFOREST_RESIN,9992,32,,,,,10008,32,,,,,10000.0,-5.0
1,20800,DJEMBES,13413,74,,,,,13414,74,,,,,13413.5,0.0
1,20900,PICNIC_BASKET2,30238,1,30237,49,,,30243,20,30244,30,,,30240.5,0.0
1,20900,PICNIC_BASKET1,58695,1,58694,19,58693,30,58704,1,58705,19,58706,30,58699.5,0.0
1,20900,SQUID_INK,1877,1,1876,20,,,1880,21,,,,,1878.5,-778.265625
1,20900,RAINFOREST_RESIN,9992,34,,,,,10008,34,,,,,10000.0,-5.0
1,20900,CROISSANTS,4270,138,,,,,4271,138,,,,,4270.5,0.0
1,20900,JAMS,6540,183,,,,,6542,183,,,,,6541.0,0.0
1,20900,DJEMBES,13413,80,,,,,13414,80,,,,,13413.5,0.0
1,20900,KELP,2033,21,,,,,2036,21,,,,,2034.5,-2.046875
1,21000,RAINFOREST_RESIN,9992,29,,,,,10008,29,,,,,10000.0,-5.0
1,21000,DJEMBES,13413,61,,,,,13414,16,13415,45,,,13413.5,0.0
1,21000,CROISSANTS,4270,145,,,,,4271,145,,,,,4270.5,0.0
1,21000,JAMS,6539,267,,,,,6541,267,,,,,6540.0,0.0
1,21000,KELP,2033,23,,,,,2036,23,,,,,2034.5,-13.25
1,21000,PICNIC_BASKET2,30239,2,30238,29,,,30244,2,30245,29,,,30241.5,0.0
1,21000,PICNIC_BASKET1,58694,2,58693,13,58692,16,58703,2,58704,13,58705,16,58698.5,0.0
1,21000,SQUID_INK,1877,23,,,,,1880,23,,,,,1878.5,-789.0234375
1,21100,CROISSANTS,4271,51,4270,91,,,4272,142,,,,,4271.5,0.0
1,21100,JAMS,6539,91,6538,158,,,6540,91,6541,158,,,6539.5,0.0
1,21100,DJEMBES,13413,53,,,,,13414,15,13415,38,,,13413.5,0.0
1,21100,KELP,2033,32,,,,,2036,27,,,,,2034.5,-12.8203125
1,21100,PICNIC_BASKET2,30237,1,30236,35,,,30242,21,30243,15,,,30239.5,0.0
1,21100,PICNIC_BASKET1,58695,1,58694,20,58693,15,58704,1,58705,20,58706,15,58699.5,0.0
1,21100,SQUID_INK,1877,32,,,,,1880,27,,,,,1878.5,-796.15625
1,21100,RAINFOREST_RESIN,9992,35,,,,,10008,35,,,,,10000.0,-5.0
1,21200,CROISSANTS,4270,151,,,,,4271,151,,,,,4270.5,0.0
1,21200,JAMS,6538,266,,,,,6540,266,,,,,6539.0,0.0
1,21200,KELP,2033,26,,,,,2036,26,,,,,2034.5,-5.171875
1,21200,PICNIC_BASKET2,30236,1,30235,43,,,30241,19,30242,25,,,30238.5,0.0
1,21200,PICNIC_BASKET1,58682,19,58681,25,,,58692,1,58693,43,,,58687.0,0.0
1,21200,SQUID_INK,1877,26,,,,,1880,26,,,,,1878.5,-804.375
1,21200,RAINFOREST_RESIN,9992,32,,,,,9999,1,10008,32,,,9995.5,-5.0
1,21200,DJEMBES,13413,56,,,,,13414,56,,,,,13413.5,0.0
1,21300,PICNIC_BASKET2,30235,17,30234,15,,,30241,32,,,,,30238.0,0.0
1,21300,PICNIC_BASKET1,58675,17,58674,15,,,58686,17,58687,15,,,58680.5,0.0
1,21300,SQUID_INK,1879,1,1877,30,,,1880,30,,,,,1879.5,-814.7578125
1,21300,RAINFOREST_RESIN,9992,30,,,,,9999,1,10003,5,10008,30,9995.5,-5.0
1,21300,CROISSANTS,4270,110,,,,,4271,37,4272,73,,,4270.5,0.0
1,21300,JAMS,6538,73,6537,168,,,6539,73,6540,168,,,6538.5,0.0
1,21300,DJEMBES,13413,45,,,,,13415,45,,,,,13414.0,0.0
1,21300,KELP,2035,1,2033,30,,,2036,30,,,,,2035.5,-5.1171875
1,21400,DJEMBES,13414,70,,,,,13415,70,,,,,13414.5,0.0
1,21400,RAINFOREST_RESIN,9992,35,,,,,10008,35,,,,,10000.0,-8.0
1,21400,JAMS,6537,210,,,,,6538,5,6539,210,,,6537.5,0.0
1,21400,CROISSANTS,4270,35,4269,71,,,4271,106,,,,,4270.5,0.0
1,21400,PICNIC_BASKET1,58669,2,58668,20,58667,23,58678,2,58679,20,58680,23,58673.5,0.0
1,21400,PICNIC_BASKET2,30232,2,30231,43,,,30237,2,30238,43,,,30234.5,0.0
1,21400,KELP,2033,26,,,,,2036,26,,,,,2034.5,-0.0859375
1,21400,SQUID_INK,1877,26,,,,,1880,26,,,,,1878.5,-799.28125
1,21500,CROISSANTS,4270,112,,,,,4271,112,,,,,4270.5,0.0
1,21500,JAMS,6538,59,6537,101,,,6539,59,6540,101,,,6538.5,0.0
1,21500,DJEMBES,13414,69,,,,,13415,21,13416,48,,,13414.5,0.0
1,21500,KELP,2032,29,,,,,2036,29,,,,,2034.0,5.03125
1,21500,SQUID_INK,1876,29,,,,,1879,29,,,,,1877.5,-747.953125
1,21500,RAINFOREST_RESIN,9992,30,,,,,10008,30,,,,,10000.0,-8.0
1,21500,PICNIC_BASKET1,58676,1,58671,20,58670,21,58682,20,58683,21,,,58679.0,0.0
1,21500,PICNIC_BASKET2,30235,1,30233,20,30232,21,30239,41,,,,,30237.0,0.0
1,21600,CROISSANTS,4269,127,,,,,4271,127,,,,,4270.0,0.0
1,21600,JAMS,6537,220,,,,,6539,220,,,,,6538.0,0.0
1,21600,PICNIC_BASKET1,58665,1,58664,14,58663,17,58674,1,58675,14,58676,17,58669.5,0.0
1,21600,PICNIC_BASKET2,30233,1,30232,31,,,30238,15,30239,17,,,30235.5,0.0
1,21600,KELP,2033,28,,,,,2036,28,,,,,2034.5,2.4921875
1,21600,SQUID_INK,1875,28,,,,,1878,1,1879,27,,,1876.5,-717.3046875
1,21600,DJEMBES,13414,53,,,,,13415,17,13416,36,,,13414.5,0.0
1,21600,RAINFOREST_RESIN,9997,8,9992,33,,,10008,33,,,,,10002.5,-8.0
1,21700,SQUID_INK,1874,27,,,,,1876,2,1877,27,,,1875.0,-665.0859375
1,21700,RAINFOREST_RESIN,9992,25,,,,,10008,25,,,,,10000.0,-4.0
1,21700,PICNIC_BASKET1,58662,18,58661,28,,,58673,46,,,,,58667.5,0.0
1,21700,PICNIC_BASKET2,30230,46,,,,,30236,18,30237,28,,,30233.0,0.0
1,21700,CROISSANTS,4269,160,,,,,4271,160,,,,,4270.0,0.0
1,21700,JAMS,6537,242,,,,,6539,242,,,,,6538.0,0.0
1,21700,DJEMBES,13414,69,,,,,13415,69,,,,,13414.5,0.0
1,21700,KELP,2033,27,,,,,2035,2,2036,27,,,2034.0,-4.703125
1,21800,DJEMBES,13413,48,,,,,13415,48,,,,,13414.0,0.0
1,21800,RAINFOREST_RESIN,9992,32,,,,,10008,32,,,,,10000.0,-4.0
1,21800,CROISSANTS,4269,130,,,,,4271,130,,,,,4270.0,0.0
1,21800,JAMS,6538,202,,,,,6540,191,,,,,6539.0,0.0
1,21800,PICNIC_BASKET1,58658,2,58657,16,58656,17,58667,2,58668,16,58669,17,58662.5,0.0
1,21800,PICNIC_BASKET2,30232,35,,,,,30238,18,30239,17,,,30235.0,0.0
1,21800,KELP,2035,10,2033,33,,,2036,25,,,,,2035.5,2.484375
1,21800,SQUID_INK,1876,10,1875,33,,,1878,25,,,,,1877.0,-683.3828125
1,21900,KELP,2033,1,2032,29,,,2036,30,,,,,2034.5,6.5859375
1,21900,CROISSANTS,4269,152,,,,,4270,63,4271,89,,,4269.5,0.0
1,21900,JAMS,6538,209,,,,,6540,209,,,,,6539.0,0.0
1,21900,DJEMBES,13413,48,,,,,13415,48,,,,,13414.0,0.0
1,21900,RAINFOREST_RESIN,9997,3,9992,29,,,10008,29,,,,,10002.5,-4.0
1,21900,SQUID_INK,1875,30,,,,,1878,30,,,,,1876.5,-699.2890625
1,21900,PICNIC_BASKET1,58658,1,58657,17,58656,17,58667,1,58668,17,58669,17,58662.5,0.0
1,21900,PICNIC_BASKET2,30232,18,30231,17,,,30237,1,30238,34,,,30234.5,0.0
1,22000,KELP,2032,29,,,,,2033,3,2036,29,,,2032.5,12.6171875
1,22000,CROISSANTS,4270,137,,,,,4271,137,,,,,4270.5,0.0
1,22000,JAMS,6538,85,6537,126,,,6539,85,6540,126,,,6538.5,0.0
1,22000,SQUID_INK,1875,26,,,,,1878,29,,,,,1876.5,-691.09375
1,22000,PICNIC_BASKET1,58670,2,58669,13,58668,23,58679,2,58680,13,58681,23,58674.5,0.0
1,22000,PICNIC_BASKET2,30236,15,30235,23,,,30242,38,,,,,30239.0,0.0
1,22000,DJEMBES,13414,67,,,,,13415,67,,,,,13414.5,0.0
1,22000,RAINFOREST_RESIN,9997,7,9992,35,,,10008,35,,,,,10002.5,-4.0
1,22100,RAINFOREST_RESIN,9992,35,,,,,10008,35,,,,,10000.0,-4.0
1,22100,SQUID_INK,1875,30,,,,,1878,30,,,,,1876.5,-691.9609375
1,22100,PICNIC_BASKET1,58671,1,58670,14,58669,22,58680,1,58681,14,58682,22,58675.5,0.0
1,22100,PICNIC_BASKET2,30237,15,30236,22,,,30242,1,30243,36,,,30239.5,0.0
1,22100,KELP,2033,1,2032,29,,,2036,30,,,,,2034.5,7.515625
1,22100,CROISSANTS,4270,105,,,,,4271,51,4272,54,,,4270.5,0.0
1,22100,JAMS,6538,54,6537,128,,,6539,54,6540,128,,,6538.5,0.0
1,22100,DJEMBES,13415,65,,,,,13416,65,,,,,13415.5,0.0
1,22200,DJEMBES,13415,62,,,,,13417,62,,,,,13416.0,0.0
1,22200,RAINFOREST_RESIN,9992,32,,,,,9999,1,10008,32,,,9995.5,-4.0
1,22200,KELP,2033,29,,,,,2035,8,2036,29,,,2034.0,3.90625
1,22200,CROISSANTS,4271,53,4270,75,,,4272,128,,,,,4271.5,0.0
1,22200,JAMS,6537,75,6536,145,,,6538,75,6539,145,,,6537.5,0.0
1,22200,SQUID_INK,1874,29,,,,,1876,8,1877,29,,,1875.0,-655.8359375
1,22200,PICNIC_BASKET1,58673,1,58672,11,58671,24,58682,1,58683,11,58684,24,58677.5,0.0
1,22200,PICNIC_BASKET2,30233,12,30232,24,,,30239,36,,,,,30236.0,0.0
1,22300,KELP,2032,28,,,,,2036,28,,,,,2034.0,5.4296875
1,22300,CROISSANTS,4272,56,4271,98,,,4273,154,,,,,4272.5,0.0
1,22300,JAMS,6537,12,6536,213,,,6538,213,,,,,6537.5,0.0
1,22300,DJEMBES,13416,65,,,,,13418,65,,,,,13417.0,0.0
1,22300,RAINFOREST_RESIN,9992,27,,,,,10008,27,,,,,10000.0,-7.0
1,22300,SQUID_INK,1875,28,,,,,1878,28,,,,,1876.5,-692.75
1,22300,PICNIC_BASKET1,58677,38,,,,,58688,10,58689,28,,,58682.5,0.0
1,22300,PICNIC_BASKET2,30236,10,30235,28,,,30242,10,30243,28,,,30239.0,0.0
1,22400,KELP,2032,26,,,,,2036,26,,,,,2034.0,4.9765625
1,22400,CROISSANTS,4271,153,,,,,4273,153,,,,,4272.0,0.0
1,22400,JAMS,6536,267,,,,,6538,267,,,,,6537.0,0.0
1,22400,SQUID_INK,1874,26,,,,,1877,26,,,,,1875.5,-659.2890625
1,22400,PICNIC_BASKET1,58672,13,58671,22,,,58683,35,,,,,58677.5,0.0
1,22400,PICNIC_BASKET2,30237,35,,,,,30243,13,30244,22,,,30240.0,0.0
1,22400,DJEMBES,13416,67,,,,,13418,67,,,,,13417.0,0.0
1,22400,RAINFOREST_RESIN,9992,26,,,,,10008,26,,,,,10000.0,-7.0
1,22500,RAINFOREST_RESIN,9992,28,,,,,10008,28,,,,,10000.0,-7.0
1,22500,SQUID_INK,1872,27,,,,,1876,27,,,,,1874.0,-600.578125
1,22500,PICNIC_BASKET2,30237,42,,,,,30243,12,30244,30,,,30240.0,0.0
1,22500,PICNIC_BASKET1,58674,12,58673,30,,,58685,12,58686,30,,,58679.5,0.0
1,22500,DJEMBES,13416,62,,,,,13418,62,,,,,13417.0,0.0
1,22500,KELP,2032,27,,,,,2036,27,,,,,2034.0,10.703125
1,22500,CROISSANTS,4271,153,,,,,4273,153,,,,,4272.0,0.0
1,22500,JAMS,6536,269,,,,,6538,269,,,,,6537.0,0.0
1,22600,DJEMBES,13417,22,13416,35,,,13418,57,,,,,13417.5,0.0
1,22600,RAINFOREST_RESIN,9992,32,,,,,10008,32,,,,,10000.0,-3.0
1,22600,KELP,2034,5,2032,28,,,2036,28,,,,,2035.0,6.140625
1,22600,SQUID_INK,1875,5,1873,28,,,1876,28,,,,,1875.5,-610.8828125
1,22600,PICNIC_BASKET2,30235,15,30234,22,,,30241,37,,,,,30238.0,0.0
1,22600,PICNIC_BASKET1,58667,15,58666,22,,,58678,15,58679,22,,,58672.5,0.0
1,22600,CROISSANTS,4271,131,,,,,4272,131,,,,,4271.5,0.0
1,22600,JAMS,6536,218,,,,,6538,218,,,,,6537.0,0.0
1,22700,DJEMBES,13414,59,,,,,13416,59,,,,,13415.0,0.0
1,22700,KELP,2032,30,,,,,2036,30,,,,,2034.0,10.2421875
1,22700,CROISSANTS,4270,105,,,,,4272,105,,,,,4271.0,0.0
1,22700,JAMS,6537,62,6536,189,,,6538,251,,,,,6537.5,0.0
1,22700,RAINFOREST_RESIN,9992,32,,,,,9998,4,9999,1,10008,32,9995.0,-3.0
1,22700,SQUID_INK,1874,30,,,,,1877,30,,,,,1875.5,-650.0703125
1,22700,PICNIC_BASKET2,30234,15,30233,28,,,30240,43,,,,,30237.0,0.0
1,22700,PICNIC_BASKET1,58669,15,58668,28,,,58680,15,58681,28,,,58674.5,0.0
1,22800,KELP,2032,27,,,,,2036,27,,,,,2034.0,11.7890625
1,22800,SQUID_INK,1873,27,,,,,1876,27,,,,,1874.5,-627.6015625
1,22800,PICNIC_BASKET2,30230,19,30229,30,,,30235,2,30236,47,,,30232.5,0.0
1,22800,PICNIC_BASKET1,58673,2,58672,17,58671,30,58682,2,58683,17,58684,30,58677.5,0.0
1,22800,CROISSANTS,4270,149,,,,,4272,149,,,,,4271.0,0.0
1,22800,JAMS,6537,85,6536,156,,,6538,85,6539,156,,,6537.5,0.0
1,22800,DJEMBES,13414,64,,,,,13415,64,,,,,13414.5,0.0
1,22800,RAINFOREST_RESIN,9992,34,,,,,10008,34,,,,,10000.0,-19.0
1,22900,RAINFOREST_RESIN,9992,29,,,,,10008,29,,,,,10000.0,-19.0
1,22900,SQUID_INK,1874,28,,,,,1877,28,,,,,1875.5,-655.4765625
1,22900,PICNIC_BASKET2,30230,2,30229,37,,,30235,2,30236,37,,,30232.5,0.0
1,22900,PICNIC_BASKET1,58671,2,58670,14,58669,23,58680,2,58681,14,58682,23,58675.5,0.0
1,22900,DJEMBES,13414,69,,,,,13415,23,13416,46,,,13414.5,0.0
1,22900,KELP,2032,28,,,,,2036,28,,,,,2034.0,13.3984375
1,22900,CROISSANTS,4270,107,,,,,4272,107,,,,,4271.0,0.0
1,22900,JAMS,6537,68,6536,185,,,6538,68,6539,185,,,6537.5,0.0
1,23000,DJEMBES,13413,55,,,,,13414,24,13415,31,,,13413.5,0.0
1,23000,RAINFOREST_RESIN,9992,35,,,,,10008,35,,,,,10000.0,-19.0
1,23000,SQUID_INK,1877,2,1876,23,,,1879,23,,,,,1878.0,-737.28125
1,23000,KELP,2033,2,2032,23,,,2036,23,,,,,2034.5,15.3671875
1,23000,PICNIC_BASKET2,30226,41,,,,,30232,17,30233,24,,,30229.0,0.0
1,23000,PICNIC_BASKET1,58668,1,58667,16,58666,24,58677,1,58678,16,58679,24,58672.5,0.0
1,23000,CROISSANTS,4270,113,,,,,4272,113,,,,,4271.0,0.0
1,23000,JAMS,6537,71,6536,179,,,6538,71,6539,179,,,6537.5,0.0
1,23100,DJEMBES,13412,30,13411,35,,,13413,65,,,,,13412.5,0.0
1,23100,KELP,2032,29,,,,,2034,4,2036,29,,,2033.0,13.796875
1,23100,CROISSANTS,4271,57,4270,78,,,4272,135,,,,,4271.5,0.0
1,23100,JAMS,6537,78,6536,185,,,6538,78,6539,185,,,6537.5,0.0
1,23100,RAINFOREST_RESIN,9992,28,,,,,10008,28,,,,,10000.0,-19.0
1,23100,SQUID_INK,1876,29,,,,,1878,4,1879,29,,,1877.0,-722.1484375
1,23100,PICNIC_BASKET2,30225,48,,,,,30232,48,,,,,30228.5,0.0
1,23100,PICNIC_BASKET1,58660,48,,,,,58671,18,58672,30,,,58665.5,0.0
1,23200,SQUID_INK,1876,29,,,,,1878,8,1879,29,,,1877.0,-730.5546875
1,23200,KELP,2032,29,,,,,2034,8,2036,29,,,2033.0,12.2421875
1,23200,PICNIC_BASKET2,30227,52,,,,,30233,22,30234,30,,,30230.0,0.0
1,23200,PICNIC_BASKET1,58673,2,58672,20,58671,30,58682,2,58683,20,58684,30,58677.5,0.0
1,23200,CROISSANTS,4271,143,,,,,4272,55,4273,88,,,4271.5,0.0
1,23200,JAMS,6537,258,,,,,6539,258,,,,,6538.0,0.0
1,23200,DJEMBES,13412,74,,,,,13413,74,,,,,13412.5,0.0
1,23200,RAINFOREST_RESIN,9992,29,,,,,10008,29,,,,,10000.0,-19.0
1,23300,RAINFOREST_RESIN,10000,3,9992,33,,,10008,33,,,,,10004.0,-19.0
1,23300,SQUID_INK,1878,28,,,,,1881,28,,,,,1879.5,-809.5703125
1,23300,PICNIC_BASKET2,30227,2,30226,42,,,30232,2,30233,42,,,30229.5,0.0
1,23300,PICNIC_BASKET1,58675,2,58674,14,58673,28,58684,2,58685,14,58686,28,58679.5,0.0
1,23300,DJEMBES,13412,63,,,,,13413,28,13414,35,,,13412.5,0.0
1,23300,KELP,2032,28,,,,,2036,28,,,,,2034.0,10.6328125
1,23300,CROISSANTS,4271,100,,,,,4272,49,4273,51,,,4271.5,0.0
1,23300,JAMS,6537,214,,,,,6539,214,,,,,6538.0,0.0
1,23400,DJEMBES,13413,30,13412,35,,,13414,65,,,,,13413.5,0.0
1,23400,RAINFOREST_RESIN,9992,32,,,,,10008,32,,,,,10000.0,-19.0
1,23400,SQUID_INK,1879,33,,,,,1882,30,,,,,1880.5,-861.4765625
1,23400,KELP,2033,5,2032,28,,,2036,30,,,,,2034.5,5.53125
1,23400,PICNIC_BASKET2,30227,45,,,,,30233,15,30234,30,,,30230.0,0.0
1,23400,PICNIC_BASKET1,58674,15,58673,30,,,58684,2,58685,43,,,58679.0,0.0
1,23400,CROISSANTS,4271,109,,,,,4272,109,,,,,4271.5,0.0
1,23400,JAMS,6537,250,,,,,6539,250,,,,,6538.0,0.0
1,23500,DJEMBES,13413,57,,,,,13414,57,,,,,13413.5,0.0
1,23500,KELP,2032,29,,,,,2036,29,,,,,2034.0,12.5625
1,23500,CROISSANTS,4271,157,,,,,4272,57,4273,100,,,4271.5,0.0
1,23500,JAMS,6537,272,,,,,6539,272,,,,,6538.0,0.0
1,23500,RAINFOREST_RESIN,9992,33,,,,,10008,33,,,,,10000.0,-17.0
1,23500,SQUID_INK,1878,29,,,,,1881,1,1882,28,,,1879.5,-830.359375
1,23500,PICNIC_BASKET2,30230,15,30229,25,,,30235,1,30236,39,,,30232.5,0.0
1,23500,PICNIC_BASKET1,58675,15,58674,25,,,58685,15,58686,25,,,58680.0,0.0
1,23600,SQUID_INK,1878,22,,,,,1880,7,1881,1,1882,21,1879.0,-828.3125
1,23600,PICNIC_BASKET1,58673,1,58672,40,,,58683,20,58684,21,,,58678.0,0.0
1,23600,PICNIC_BASKET2,30234,1,30233,40,,,30239,20,30240,21,,,30236.5,0.0
1,23600,KELP,2032,22,,,,,2034,7,2036,22,,,2033.0,10.9921875
1,23600,JAMS,6537,86,6536,101,,,6538,89,6539,101,,,6537.5,0.0
1,23600,CROISSANTS,4271,139,,,,,4272,50,4273,89,,,4271.5,0.0
1,23600,DJEMBES,13413,52,,,,,13414,52,,,,,13413.5,0.0
1,23600,RAINFOREST_RESIN,9992,28,,,,,10008,28,,,,,10000.0,-17.0
1,23700,RAINFOREST_RESIN,10001,1,9992,35,,,10008,35,,,,,10004.5,-17.0
1,23700,SQUID_INK,1879,32,,,,,1882,32,,,,,1880.5,-852.8828125
1,23700,PICNIC_BASKET1,58673,2,58672,32,,,58683,14,58684,20,,,58678.0,0.0
1,23700,PICNIC_BASKET2,30233,2,30232,32,,,30238,2,30239,32,,,30235.5,0.0
1,23700,DJEMBES,13413,65,,,,,13415,65,,,,,13414.0,0.0
1,23700,KELP,2032,32,,,,,2035,2,2036,30,,,2033.5,21.25
1,23700,CROISSANTS,4271,134,,,,,4272,41,4273,93,,,4271.5,0.0
1,23700,JAMS,6537,93,6536,167,,,6538,93,6539,167,,,6537.5,0.0
1,23800,DJEMBES,13413,63,,,,,13414,63,,,,,13413.5,0.0
1,23800,RAINFOREST_RESIN,9992,33,,,,,10008,33,,,,,10000.0,-17.0
1,23800,SQUID_INK,1879,28,,,,,1882,28,,,,,1880.5,-876.2578125
1,23800,PICNIC_BASKET1,58674,1,58673,16,58672,20,58683,1,58684,16,58685,20,58678.5,0.0
1,23800,PICNIC_BASKET2,30236,1,30235,36,,,30241,1,30242,36,,,30238.5,0.0
1,23800,KELP,2032,28,,,,,2036,28,,,,,2034.0,11.5546875
1,23800,CROISSANTS,4271,136,,,,,4273,136,,,,,4272.0,0.0
1,23800,JAMS,6537,246,,,,,6539,246,,,,,6538.0,0.0
1,23900,DJEMBES,13413,59,,,,,13414,59,,,,,13413.5,0.0
1,23900,KELP,2032,31,,,,,2036,31,,,,,2034.0,15.171875
1,23900,CROISSANTS,4272,124,,,,,4273,124,,,,,4272.5,0.0
1,23900,JAMS,6537,87,6536,180,,,6538,81,6539,180,,,6537.5,0.0
1,23900,RAINFOREST_RESIN,9997,8,9992,30,,,10008,30,,,,,10002.5,-17.0
1,23900,SQUID_INK,1879,31,,,,,1882,2,1883,29,,,1880.5,-879.1875
1,23900,PICNIC_BASKET1,58677,11,58676,15,,,58687,2,58688,15,58689,15,58682.0,0.0
1,23900,PICNIC_BASKET2,30234,26,,,,,30240,17,30241,15,,,30237.0,0.0
1,24000,SQUID_INK,1878,2,1877,24,,,1879,4,1880,24,,,1878.5,-765.2578125
1,24000,PICNIC_BASKET1,58680,1,58676,1,58675,14,58685,1,58686,14,58687,21,58682.5,0.0
1,24000,PICNIC_BASKET2,30238,1,30236,1,30235,35,30241,15,30242,21,,,30239.5,0.0
1,24000,KELP,2033,2,2032,24,,,2034,4,2036,24,,,2033.5,17.2265625
1,24000,CROISSANTS,4272,36,4271,59,,,4273,95,,,,,4272.5,0.0
1,24000,JAMS,6537,59,6536,114,,,6538,59,6539,114,,,6537.5,0.0
1,24000,DJEMBES,13412,58,,,,,13414,58,,,,,13413.0,0.0
1,24000,RAINFOREST_RESIN,9992,34,,,,,10008,34,,,,,10000.0,-22.0
1,24100,RAINFOREST_RESIN,9992,29,,,,,10008,29,,,,,10000.0,-14.0
1,24100,PICNIC_BASKET1,58673,19,58672,20,,,58684,19,58685,20,,,58678.5,0.0
1,24100,PICNIC_BASKET2,30237,19,30236,20,,,30243,19,30244,20,,,30240.0,0.0
1,24100,SQUID_INK,1876,23,,,,,1880,23,,,,,1878.0,-732.046875
1,24100,KELP,2032,23,,,,,2036,23,,,,,2034.0,15.2109375
1,24100,DJEMBES,13412,68,,,,,13413,68,,,,,13412.5,0.0
1,24100,CROISSANTS,4272,60,4271,53,,,4273,113,,,,,4272.5,0.0
1,24100,JAMS,6537,187,,,,,6539,187,,,,,6538.0,0.0
1,24200,DJEMBES,13411,22,13410,33,,,13412,55,,,,,13411.5,0.0
1,24200,RAINFOREST_RESIN,9992,35,,,,,10008,35,,,,,10000.0,-14.0
1,24200,PICNIC_BASKET1,58667,2,58666,14,58665,22,58676,2,58677,14,58678,22,58671.5,0.0
1,24200,PICNIC_BASKET2,30237,2,30236,36,,,30242,2,30243,36,,,30239.5,0.0
1,24200,CROISSANTS,4271,142,,,,,4273,142,,,,,4272.0,0.0
1,24200,JAMS,6537,87,6536,191,,,6538,87,6539,191,,,6537.5,0.0
1,24200,SQUID_INK,1874,34,,,,,1877,32,,,,,1875.5,-593.8046875
1,24200,KELP,2033,2,2032,32,,,2036,32,,,,,2034.5,17.78125
1,24300,KELP,2032,32,,,,,2036,32,,,,,2034.0,19.78125
1,24300,DJEMBES,13410,64,,,,,13412,64,,,,,13411.0,0.0
1,24300,CROISSANTS,4271,133,,,,,4272,50,4273,83,,,4271.5,0.0
1,24300,JAMS,6537,83,6536,193,,,6538,83,6539,193,,,6537.5,0.0
1,24300,RAINFOREST_RESIN,9992,31,,,,,10008,31,,,,,10000.0,-14.0
1,24300,PICNIC_BASKET1,58670,2,58669,11,58668,21,58679,2,58680,11,58681,21,58674.5,0.0
1,24300,PICNIC_BASKET2,30239,34,,,,,30245,13,30246,21,,,30242.0,0.0
1,24300,SQUID_INK,1874,32,,,,,1878,32,,,,,1876.0,-633.1796875
1,24400,PICNIC_BASKET1,58669,2,58668,14,58667,26,58678,2,58679,14,58680,26,58673.5,0.0
1,24400,PICNIC_BASKET2,30241,16,30240,26,,,30247,16,30248,26,,,30244.0,0.0
1,24400,CROISSANTS,4271,94,,,,,4273,103,,,,,4272.0,0.0
1,24400,JAMS,6537,213,,,,,6539,213,,,,,6538.0,0.0
1,24400,SQUID_INK,1875,21,,,,,1878,22,,,,,1876.5,-674.25
1,24400,KELP,2032,21,,,,,2036,22,,,,,2034.0,18.734375
1,24400,DJEMBES,13411,65,,,,,13412,26,13413,39,,,13411.5,0.0
1,24400,RAINFOREST_RESIN,9992,25,,,,,10008,25,,,,,10000.0,-13.0
1,24500,RAINFOREST_RESIN,9992,25,,,,,10008,25,,,,,10000.0,-13.0
1,24500,PICNIC_BASKET1,58664,20,58663,21,,,58675,20,58676,21,,,58669.5,0.0
1,24500,PICNIC_BASKET2,30242,20,30241,21,,,30248,41,,,,,30245.0,0.0
1,24500,SQUID_INK,1876,24,,,,,1878,2,1879,24,,,1877.0,-698.1953125
1,24500,KELP,2032,24,,,,,2034,2,2036,24,,,2033.0,13.6328125
1,24500,DJEMBES,13411,53,,,,,13412,53,,,,,13411.5,0.0
1,24500,CROISSANTS,4271,112,,,,,4272,62,4273,50,,,4271.5,0.0
1,24500,JAMS,6537,229,,,,,6539,239,,,,,6538.0,0.0
1,24600,RAINFOREST_RESIN,9992,28,,,,,10008,28,,,,,10000.0,-13.0
1,24600,PICNIC_BASKET1,58664,2,58663,16,58662,16,58673,2,58674,16,58675,16,58668.5,0.0
1,24600,PICNIC_BASKET2,30240,34,,,,,30246,18,30247,16,,,30243.0,0.0
1,24600,CROISSANTS,4271,135,,,,,4272,50,4273,85,,,4271.5,0.0
1,24600,JAMS,6537,258,,,,,6539,258,,,,,6538.0,0.0
1,24600,SQUID_INK,1877,25,,,,,1880,25,,,,,1878.5,-766.109375
1,24600,DJEMBES,13411,64,,,,,13412,16,13413,48,,,13411.5,0.0
1,24600,KELP,2032,25,,,,,2036,25,,,,,2034.0,13.578125
1,24700,JAMS,6537,201,,,,,6539,201,,,,,6538.0,0.0
1,24700,KELP,2033,22,,,,,2036,22,,,,,2034.5,-5.9375
1,24700,CROISSANTS,4271,111,,,,,4272,60,4273,51,,,4271.5,0.0
1,24700,RAINFOREST_RESIN,9992,29,,,,,10008,29,,,,,10000.0,-13.0
1,24700,DJEMBES,13411,67,,,,,13412,67,,,,,13411.5,0.0
1,24700,PICNIC_BASKET2,30241,15,30240,21,,,30247,36,,,,,30244.0,0.0
1,24700,PICNIC_BASKET1,58658,15,58657,21,,,58669,15,58670,21,,,58663.5,0.0
1,24700,SQUID_INK,1878,22,,,,,1881,22,,,,,1879.5,-805.8125
1,24800,PICNIC_BASKET2,30242,1,30241,42,,,30247,16,30248,27,,,30244.5,0.0
1,24800,PICNIC_BASKET1,58659,16,58658,27,,,58669,1,58670,42,,,58664.0,0.0
1,24800,SQUID_INK,1878,21,,,,,1881,1,1882,20,,,1879.5,-827.8203125
1,24800,CROISSANTS,4271,140,,,,,4272,140,,,,,4271.5,0.0
1,24800,JAMS,6538,79,6537,185,,,6539,79,6540,185,,,6538.5,0.0
1,24800,DJEMBES,13411,69,,,,,13413,65,,,,,13412.0,0.0
1,24800,KELP,2033,21,,,,,2036,21,,,,,2034.5,2.7734375
1,24800,RAINFOREST_RESIN,9992,30,,,,,10008,30,,,,,10000.0,-13.0
1,24900,RAINFOREST_RESIN,9992,34,,,,,10008,34,,,,,10000.0,-13.0
1,24900,DJEMBES,13411,61,,,,,13412,22,13413,39,,,13411.5,0.0
1,24900,PICNIC_BASKET2,30243,5,30241,2,30240,41,30246,21,30247,22,,,30244.5,0.0
1,24900,PICNIC_BASKET1,58670,5,58666,2,58665,19,58675,2,58676,19,58677,22,58672.5,0.0
1,24900,SQUID_INK,1880,8,1879,28,,,1883,30,,,,,1881.5,-888.203125
1,24900,CROISSANTS,4271,123,,,,,4272,123,,,,,4271.5,0.0
1,24900,JAMS,6538,272,,,,,6540,272,,,,,6539.0,0.0
1,24900,KELP,2033,8,2032,28,,,2036,30,,,,,2034.5,6.3984375
1,25000,RAINFOREST_RESIN,9992,30,,,,,10008,30,,,,,10000.0,-13.0
1,25000,PICNIC_BASKET2,30238,2,30237,34,,,30243,2,30244,34,,,30240.5,0.0
1,25000,PICNIC_BASKET1,58668,2,58667,14,58666,20,58677,2,58678,14,58679,20,58672.5,0.0
1,25000,SQUID_INK,1877,27,,,,,1879,2,1881,27,,,1878.0,-781.40625
1,25000,CROISSANTS,4271,123,,,,,4272,63,4273,60,,,4271.5,0.0
1,25000,JAMS,6538,60,6537,162,,,6539,60,6540,162,,,6538.5,0.0
1,25000,DJEMBES,13412,59,,,,,13413,59,,,,,13412.5,0.0
1,25000,KELP,2033,2,2032,25,,,2034,2,2036,27,,,2033.5,6.4140625
1,25100,CROISSANTS,4270,113,,,,,4271,37,4272,68,,,4270.5,0.0
1,25100,JAMS,6538,68,6537,150,,,6539,68,6540,150,,,6538.5,0.0
1,25100,KELP,2033,31,,,,,2036,31,,,,,2034.5,-0.203125
1,25100,RAINFOREST_RESIN,9992,35,,,,,10008,35,,,,,10000.0,-13.0
1,25100,DJEMBES,13412,67,,,,,13413,67,,,,,13412.5,0.0
1,25100,PICNIC_BASKET2,30237,1,30236,29,,,30242,11,30243,19,,,30239.5,0.0
1,25100,PICNIC_BASKET1,58660,1,58659,10,58658,19,58669,1,58670,10,58671,19,58664.5,0.0
1,25100,SQUID_INK,1877,31,,,,,1880,31,,,,,1878.5,-766.234375
1,25200,PICNIC_BASKET2,30240,20,30239,15,,,30245,2,30246,33,,,30242.5,0.0
1,25200,PICNIC_BASKET1,58667,2,58666,18,58665,15,58676,2,58677,18,58678,15,58671.5,0.0
1,25200,SQUID_INK,1876,26,,,,,1879,26,,,,,1877.5,-714.5078125
1,25200,CROISSANTS,4271,114,,,,,4272,56,4273,58,,,4271.5,0.0
1,25200,JAMS,6538,10,6537,193,,,6539,193,,,,,6538.5,0.0
1,25200,DJEMBES,13411,50,,,,,13412,15,13413,35,,,13411.5,0.0
1,25200,KELP,2033,26,,,,,2036,26,,,,,2034.5,-4.703125
1,25200,RAINFOREST_RESIN,9992,27,,,,,10008,27,,,,,10000.0,-13.0
1,25300,RAINFOREST_RESIN,9992,30,,,,,10008,30,,,,,10000.0,-13.0
1,25300,DJEMBES,13410,53,,,,,13411,53,,,,,13410.5,0.0
1,25300,PICNIC_BASKET2,30239,16,30238,19,,,30245,35,,,,,30242.0,0.0
1,25300,PICNIC_BASKET1,58667,16,58666,19,,,58678,16,58679,19,,,58672.5,0.0
1,25300,SQUID_INK,1877,28,,,,,1879,5,1880,28,,,1878.0,-756.921875
1,25300,CROISSANTS,4271,116,,,,,4272,116,,,,,4271.5,0.0
1,25300,JAMS,6537,195,,,,,6539,187,,,,,6538.0,0.0
1,25300,KELP,2033,28,,,,,2035,5,2036,28,,,2034.0,1.9765625
1,25400,RAINFOREST_RESIN,9992,32,,,,,10008,32,,,,,10000.0,-13.0
1,25400,PICNIC_BASKET2,30241,2,30240,36,,,30246,22,30247,16,,,30243.5,0.0
1,25400,PICNIC_BASKET1,58674,2,58673,20,58672,16,58683,2,58684,36,,,58678.5,0.0
1,25400,SQUID_INK,1876,37,,,,,1879,30,,,,,1877.5,-707.3125
1,25400,CROISSANTS,4271,126,,,,,4272,65,4273,61,,,4271.5,0.0
1,25400,JAMS,6537,174,,,,,6539,174,,,,,6538.0,0.0
1,25400,DJEMBES,13410,47,,,,,13411,47,,,,,13410.5,0.0
1,25400,KELP,2033,37,,,,,2036,30,,,,,2034.5,-4.0
1,25500,CROISSANTS,4271,136,,,,,4272,47,4273,89,,,4271.5,0.0
1,25500,JAMS,6537,282,,,,,6539,282,,,,,6538.0,0.0
1,25500,KELP,2033,28,,,,,2036,23,,,,,2034.5,-4.53125
1,25500,RAINFOREST_RESIN,9992,30,,,,,10008,30,,,,,10000.0,-13.0
1,25500,DJEMBES,13410,73,,,,,13411,73,,,,,13410.5,0.0
1,25500,PICNIC_BASKET2,30239,1,30238,45,,,30244,17,30245,29,,,30241.5,0.0
1,25500,PICNIC_BASKET1,58673,1,58672,16,58671,29,58682,1,58683,16,58684,29,58677.5,0.0
1,25500,SQUID_INK,1876,6,1875,22,,,1879,23,,,,,1877.5,-688.546875
1,25600,PICNIC_BASKET2,30236,1,30235,28,,,30238,8,30241,11,30242,18,30237.0,0.0
1,25600,PICNIC_BASKET1,58669,1,58668,10,58667,18,58673,8,58678,1,58679,10,58671.0,0.0
1,25600,SQUID_INK,1874,25,,,,,1877,25,,,,,1875.5,-605.0859375
1,25600,CROISSANTS,4271,156,,,,,4273,156,,,,,4272.0,0.0
1,25600,JAMS,6537,95,6536,191,,,6538,95,6539,191,,,6537.5,0.0
1,25600,DJEMBES,13410,18,13409,46,,,13411,64,,,,,13410.5,0.0
1,25600,KELP,2033,25,,,,,2036,25,,,,,2034.5,-3.4921875
1,25600,RAINFOREST_RESIN,9992,32,,,,,10008,32,,,,,10000.0,-13.0
1,25700,RAINFOREST_RESIN,9992,27,,,,,10008,27,,,,,10000.0,-13.0
1,25700,DJEMBES,13410,23,13409,43,,,13411,66,,,,,13410.5,0.0
1,25700,PICNIC_BASKET2,30236,1,30235,42,,,30241,1,30242,42,,,30238.5,0.0
1,25700,PICNIC_BASKET1,58664,1,58663,19,58662,23,58673,1,58674,19,58675,23,58668.5,0.0
1,25700,SQUID_INK,1874,22,,,,,1877,22,,,,,1875.5,-619.34375
1,25700,CROISSANTS,4271,104,,,,,4273,104,,,,,4272.0,0.0
1,25700,JAMS,6537,213,,,,,6539,213,,,,,6538.0,0.0
1,25700,KELP,2033,22,,,,,2036,22,,,,,2034.5,3.15625
1,25800,RAINFOREST_RESIN,9992,27,,,,,10008,27,,,,,10000.0,-13.0
1,25800,PICNIC_BASKET1,58659,12,58658,16,,,58670,12,58671,16,,,58664.5,0.0
1,25800,PICNIC_BASKET2,30237,28,,,,,30243,12,30244,16,,,30240.0,0.0
1,25800,SQUID_INK,1873,20,,,,,1876,20,,,,,1874.5,-559.3359375
1,25800,JAMS,6537,234,,,,,6539,234,,,,,6538.0,0.0
1,25800,CROISSANTS,4271,118,,,,,4273,118,,,,,4272.0,0.0
1,25800,DJEMBES,13410,16,13409,40,,,13411,56,,,,,13410.5,0.0
1,25800,KELP,2032,20,,,,,2036,20,,,,,2034.0,5.6953125
1,25900,JAMS,6537,63,6536,199,,,6538,63,6539,199,,,6537.5,0.0
1,25900,CROISSANTS,4271,113,,,,,4273,113,,,,,4272.0,0.0
1,25900,PICNIC_BASKET1,58665,2,58660,14,58659,23,58671,14,58672,23,,,58668.0,0.0
1,25900,PICNIC_BASKET2,30241,2,30238,37,,,30244,14,30245,23,,,30242.5,0.0
1,25900,KELP,2033,30,,,,,2036,30,,,,,2034.5,5.5078125
1,25900,RAINFOREST_RESIN,9992,33,,,,,10008,33,,,,,10000.0,-13.0
1,25900,DJEMBES,13411,73,,,,,13412,23,13413,50,,,13411.5,0.0
1,25900,SQUID_INK,1872,30,,,,,1876,30,,,,,1874.0,-528.578125
1,26000,SQUID_INK,1872,22,,,,,1874,6,1875,22,,,1873.0,-502.4609375
1,26000,RAINFOREST_RESIN,9992,29,,,,,10008,29,,,,,10000.0,-13.0
1,26000,CROISSANTS,4271,107,,,,,4273,107,,,,,4272.0,0.0
1,26000,JAMS,6537,65,6536,161,,,6538,65,6539,161,,,6537.5,0.0
1,26000,DJEMBES,13412,73,,,,,13413,73,,,,,13412.5,0.0
1,26000,KELP,2033,22,,,,,2035,6,2036,22,,,2034.0,5.0234375
1,26000,PICNIC_BASKET1,58660,1,58659,16,58658,24,58669,1,58670,16,58671,24,58664.5,0.0
1,26000,PICNIC_BASKET2,30237,1,30236,40,,,30242,1,30243,40,,,30239.5,0.0
1,26100,DJEMBES,13411,60,,,,,13412,30,13413,30,,,13411.5,0.0
1,26100,SQUID_INK,1872,28,,,,,1874,5,1875,29,,,1873.0,-510.6875
1,26100,CROISSANTS,4271,136,,,,,4273,136,,,,,4272.0,0.0
1,26100,JAMS,6537,92,6536,154,,,6538,92,6539,154,,,6537.5,0.0
1,26100,PICNIC_BASKET1,58659,19,58658,30,,,58669,1,58670,48,,,58664.0,0.0
1,26100,PICNIC_BASKET2,30236,1,30235,48,,,30241,19,30242,30,,,30238.5,0.0
1,26100,KELP,2033,28,,,,,2035,5,2036,29,,,2034.0,1.1953125
1,26100,RAINFOREST_RESIN,9992,27,,,,,9998,4,9999,1,10008,27,9995.0,-13.0
1,26200,PICNIC_BASKET1,58659,2,58658,15,58657,16,58668,2,58669,15,58670,16,58663.5,0.0
1,26200,PICNIC_BASKET2,30236,17,30235,16,,,30242,17,30243,16,,,30239.0,0.0
1,26200,SQUID_INK,1872,9,1870,32,,,1873,2,1874,30,,,1872.5,-447.046875
1,26200,RAINFOREST_RESIN,9997,2,9992,27,,,10008,27,,,,,10002.5,-13.0
1,26200,CROISSANTS,4271,96,,,,,4273,96,,,,,4272.0,0.0
1,26200,JAMS,6537,65,6536,107,,,6538,57,6539,107,,,6537.5,0.0
1,26200,DJEMBES,13411,65,,,,,13412,16,13413,49,,,13411.5,0.0
1,26200,KELP,2035,9,2033,32,,,2036,32,,,,,2035.5,-12.375
1,26300,KELP,2033,23,,,,,2036,23,,,,,2034.5,-15.1796875
1,26300,CROISSANTS,4272,114,,,,,4273,114,,,,,4272.5,0.0
1,26300,JAMS,6536,183,,,,,6538,183,,,,,6537.0,0.0
1,26300,SQUID_INK,1869,23,,,,,1872,23,,,,,1870.5,-400.859375
1,26300,PICNIC_BASKET1,58660,1,58659,33,,,58664,2,58670,11,58671,23,58662.0,0.0
1,26300,PICNIC_BASKET2,30234,11,30233,23,,,30237,2,30240,11,30241,23,30235.5,0.0
1,26300,RAINFOREST_RESIN,9992,32,,,,,9999,1,10008,32,,,9995.5,-13.0
1,26300,DJEMBES,13411,73,,,,,13412,73,,,,,13411.5,0.0
1,26400,RAINFOREST_RESIN,9992,31,,,,,10008,31,,,,,10000.0,-13.0
1,26400,KELP,2033,24,,,,,2036,24,,,,,2034.5,-4.359375
1,26400,CROISSANTS,4271,105,,,,,4273,105,,,,,4272.0,0.0
1,26400,JAMS,6537,62,6536,149,,,6538,211,,,,,6537.5,0.0
1,26400,DJEMBES,13411,17,13410,41,,,13412,58,,,,,13411.5,0.0
1,26400,SQUID_INK,1868,24,,,,,1871,1,1872,23,,,1869.5,-362.2265625
1,26400,PICNIC_BASKET1,58657,34,,,,,58658,6,58668,18,58669,17,58657.5,0.0
1,26400,PICNIC_BASKET2,30235,11,30234,17,,,30240,1,30241,34,,,30237.5,0.0
1,26500,DJEMBES,13411,15,13410,32,,,13412,47,,,,,13411.5,0.0
1,26500,KELP,2033,29,,,,,2035,7,2036,29,,,2034.0,-5.7265625
1,26500,CROISSANTS,4271,121,,,,,4273,121,,,,,4272.0,0.0
1,26500,JAMS,6537,63,6536,111,,,6538,63,6539,111,,,6537.5,0.0
1,26500,SQUID_INK,1869,29,,,,,1871,7,1872,29,,,1870.0,-388.484375
1,26500,PICNIC_BASKET1,58661,2,58660,20,58659,15,58670,2,58671,20,58672,15,58665.5,0.0
1,26500,PICNIC_BASKET2,30236,37,,,,,30242,22,30243,15,,,30239.0,0.0
1,26500,RAINFOREST_RESIN,9997,5,9992,35,,,10008,35,,,,,10002.5,-13.0
1,26600,SQUID_INK,1870,30,,,,,1873,28,,,,,1871.5,-436.375
1,26600,PICNIC_BASKET1,58653,1,58652,16,58651,21,58662,1,58663,16,58664,21,58657.5,0.0
1,26600,PICNIC_BASKET2,30238,17,30237,21,,,30243,1,30244,37,,,30240.5,0.0
1,26600,RAINFOREST_RESIN,9992,35,,,,,10008,35,,,,,10000.0,-13.0
1,26600,KELP,2033,30,,,,,2036,28,,,,,2034.5,-11.859375
1,26600,CROISSANTS,4272,45,4271,61,,,4273,106,,,,,4272.5,0.0
1,26600,JAMS,6537,61,6536,158,,,6538,219,,,,,6537.5,0.0
1,26600,DJEMBES,13410,53,,,,,13411,21,13412,32,,,13410.5,0.0
1,26700,KELP,2033,20,,,,,2036,24,,,,,2034.5,-6.328125
1,26700,CROISSANTS,4272,40,4271,56,,,4273,96,,,,,4272.5,0.0
1,26700,JAMS,6536,170,,,,,6538,170,,,,,6537.0,0.0
1,26700,SQUID_INK,1870,24,,,,,1871,4,1873,24,,,1870.5,-438.703125
1,26700,PICNIC_BASKET1,58645,14,58644,28,,,58656,14,58657,28,,,58650.5,0.0
1,26700,PICNIC_BASKET2,30235,42,,,,,30241,14,30242,28,,,30238.0,0.0
1,26700,RAINFOREST_RESIN,9992,33,,,,,10008,33,,,,,10000.0,-13.0
1,26700,DJEMBES,13409,66,,,,,13411,66,,,,,13410.0,0.0
1,26800,RAINFOREST_RESIN,9992,31,,,,,10008,31,,,,,10000.0,-5.0
1,26800,DJEMBES,13409,73,,,,,13411,73,,,,,13410.0,0.0
1,26800,KELP,2035,1,2033,26,,,2036,26,,,,,2035.5,-6.359375
1,26800,CROISSANTS,4272,109,,,,,4273,49,4274,68,,,4272.5,0.0
1,26800,JAMS,6536,235,,,,,6538,235,,,,,6537.0,0.0
1,26800,SQUID_INK,1873,1,1871,26,,,1874,26,,,,,1873.5,-467.4296875
1,26800,PICNIC_BASKET1,58644,2,58643,49,,,58654,21,58655,30,,,58649.0,0.0
1,26800,PICNIC_BASKET2,30236,21,30235,30,,,30242,21,30243,30,,,30239.0,0.0
1,26900,DJEMBES,13409,60,,,,,13411,60,,,,,13410.0,0.0
1,26900,KELP,2033,30,,,,,2035,1,2036,30,,,2034.0,-2.34375
1,26900,CROISSANTS,4272,89,,,,,4273,37,4274,52,,,4272.5,0.0
1,26900,SQUID_INK,1874,30,,,,,1875,1,1877,30,,,1874.5,-584.28125
1,26900,PICNIC_BASKET2,30236,12,30235,24,,,30238,2,30242,36,,,30237.0,0.0
1,26900,PICNIC_BASKET1,58650,12,58649,24,,,58655,2,58661,12,58662,24,58652.5,0.0
1,26900,JAMS,6536,189,,,,,6538,197,,,,,6537.0,0.0
1,26900,RAINFOREST_RESIN,9992,28,,,,,10008,28,,,,,10000.0,-5.0
1,27000,SQUID_INK,1874,27,,,,,1876,6,1877,27,,,1875.0,-591.125
1,27000,PICNIC_BASKET2,30239,1,30238,40,,,30244,1,30245,40,,,30241.5,0.0
1,27000,PICNIC_BASKET1,58649,1,58648,11,58647,29,58658,1,58659,11,58660,29,58653.5,0.0
1,27000,RAINFOREST_RESIN,9992,29,,,,,9999,1,10008,29,,,9995.5,-5.0
1,27000,DJEMBES,13409,65,,,,,13410,29,13411,36,,,13409.5,0.0
1,27000,KELP,2033,27,,,,,2035,6,2036,27,,,2034.0,-3.84375
1,27000,CROISSANTS,4272,105,,,,,4273,42,4274,63,,,4272.5,0.0
1,27000,JAMS,6536,251,,,,,6538,246,,,,,6537.0,0.0
1,27100,KELP,2033,22,,,,,2035,5,2036,22,,,2034.0,-5.359375
1,27100,SQUID_INK,1874,22,,,,,1876,5,1877,22,,,1875.0,-610.359375
1,27100,PICNIC_BASKET2,30240,20,30239,21,,,30245,1,30246,40,,,30242.5,0.0
1,27100,PICNIC_BASKET1,58644,1,58643,19,58642,21,58653,1,58654,19,58655,21,58648.5,0.0
1,27100,CROISSANTS,4272,131,,,,,4273,41,4274,90,,,4272.5,0.0
1,27100,JAMS,6536,211,,,,,6538,211,,,,,6537.0,0.0
1,27100,RAINFOREST_RESIN,9997,5,9992,32,,,10008,32,,,,,10002.5,-5.0
1,27100,DJEMBES,13409,21,13408,38,,,13410,59,,,,,13409.5,0.0
1,27200,RAINFOREST_RESIN,9992,29,,,,,10008,29,,,,,10000.0,-5.0
1,27200,DJEMBES,13408,57,,,,,13409,19,13410,38,,,13408.5,0.0
1,27200,KELP,2033,27,,,,,2036,24,,,,,2034.5,-6.390625
1,27200,CROISSANTS,4272,105,,,,,4274,105,,,,,4273.0,0.0
1,27200,JAMS,6536,209,,,,,6538,209,,,,,6537.0,0.0
1,27200,SQUID_INK,1873,3,1872,24,,,1875,24,,,,,1874.0,-515.703125
1,27200,PICNIC_BASKET2,30240,2,30239,33,,,30245,16,30246,19,,,30242.5,0.0
1,27200,PICNIC_BASKET1,58643,2,58642,14,58641,19,58652,2,58653,14,58654,19,58647.5,0.0
1,27300,DJEMBES,13408,77,,,,,13409,77,,,,,13408.5,0.0
1,27300,KELP,2035,3,2033,26,,,2036,26,,,,,2035.5,-7.40625
1,27300,SQUID_INK,1874,3,1872,26,,,1875,26,,,,,1874.5,-497.0859375
1,27300,PICNIC_BASKET2,30243,44,,,,,30249,17,30250,27,,,30246.0,0.0
1,27300,PICNIC_BASKET1,58647,17,58646,27,,,58658,17,58659,27,,,58652.5,0.0
1,27300,CROISSANTS,4273,144,,,,,4274,144,,,,,4273.5,0.0
1,27300,JAMS,6536,253,,,,,6538,253,,,,,6537.0,0.0
1,27300,RAINFOREST_RESIN,9997,8,9992,27,,,10008,27,,,,,10002.5,-5.0
1,27400,SQUID_INK,1871,27,,,,,1875,27,,,,,1873.0,-480.453125
1,27400,PICNIC_BASKET2,30246,11,30245,21,,,30252,32,,,,,30249.0,0.0
1,27400,PICNIC_BASKET1,58649,11,58648,21,,,58660,11,58661,21,,,58654.5,0.0
1,27400,RAINFOREST_RESIN,9992,29,,,,,10008,29,,,,,10000.0,-5.0
1,27400,DJEMBES,13408,68,,,,,13409,21,13410,47,,,13408.5,0.0
1,27400,KELP,2033,27,,,,,2036,27,,,,,2034.5,-10.4765625
1,27400,CROISSANTS,4274,48,4273,77,,,4275,125,,,,,4274.5,0.0
1,27400,JAMS,6536,77,6535,105,,,6537,77,6538,105,,,6536.5,0.0
1,27500,SQUID_INK,1873,26,,,,,1874,7,1876,26,,,1873.5,-533.21875
1,27500,KELP,2033,26,,,,,2035,7,2037,26,,,2034.0,-31.203125
1,27500,PICNIC_BASKET2,30249,10,30248,16,,,30255,26,,,,,30252.0,0.0
1,27500,PICNIC_BASKET1,58650,10,58649,16,,,58661,10,58662,16,,,58655.5,0.0
1,27500,CROISSANTS,4274,143,,,,,4275,55,4276,88,,,4274.5,0.0
1,27500,JAMS,6535,241,,,,,6536,12,6537,241,,,6535.5,0.0
1,27500,RAINFOREST_RESIN,10001,1,9992,29,,,10003,6,10008,29,,,10002.0,-5.0
1,27500,DJEMBES,13409,64,,,,,13410,64,,,,,13409.5,0.0
1,27600,RAINFOREST_RESIN,9992,30,,,,,10008,30,,,,,10000.0,-5.0
1,27600,DJEMBES,13409,49,,,,,13411,49,,,,,13410.0,0.0
1,27600,KELP,2033,25,,,,,2037,25,,,,,2035.0,-30.6484375
1,27600,CROISSANTS,4274,55,4273,89,,,4275,144,,,,,4274.5,0.0
1,27600,JAMS,6536,89,6535,171,,,6537,89,6538,171,,,6536.5,0.0
1,27600,SQUID_INK,1873,25,,,,,1876,25,,,,,1874.5,-554.5234375
1,27600,PICNIC_BASKET2,30246,15,30245,15,,,30252,30,,,,,30249.0,0.0
1,27600,PICNIC_BASKET1,58656,15,58655,15,,,58666,15,58667,15,,,58661.0,0.0
1,27700,DJEMBES,13409,58,,,,,13411,58,,,,,13410.0,0.0
1,27700,SQUID_INK,1873,2,1872,22,,,1876,24,,,,,1874.5,-530.671875
1,27700,KELP,2033,24,,,,,2037,24,,,,,2035.0,-22.078125
1,27700,PICNIC_BASKET2,30239,22,30238,24,,,30245,46,,,,,30242.0,0.0
1,27700,PICNIC_BASKET1,58649,22,58648,24,,,58659,2,58660,44,,,58654.0,0.0
1,27700,CROISSANTS,4273,110,,,,,4275,110,,,,,4274.0,0.0
1,27700,JAMS,6535,63,6534,109,,,6536,63,6537,109,,,6535.5,0.0
1,27700,RAINFOREST_RESIN,9997,5,9992,31,,,10008,31,,,,,10002.5,-5.0
1,27800,SQUID_INK,1873,22,,,,,1876,22,,,,,1874.5,-556.015625
1,27800,PICNIC_BASKET2,30240,19,30239,26,,,30246,45,,,,,30243.0,0.0
1,27800,PICNIC_BASKET1,58655,19,58654,26,,,58666,19,58667,26,,,58660.5,0.0
1,27800,RAINFOREST_RESIN,9992,32,,,,,10008,32,,,,,10000.0,11.0
1,27800,DJEMBES,13410,61,,,,,13411,61,,,,,13410.5,0.0
1,27800,KELP,2033,22,,,,,2037,22,,,,,2035.0,-31.765625
1,27800,CROISSANTS,4273,124,,,,,4275,124,,,,,4274.0,0.0
1,27800,JAMS,6535,86,6534,189,,,6536,86,6537,189,,,6535.5,0.0
1,27900,SQUID_INK,1876,22,,,,,1879,22,,,,,1877.5,-690.265625
1,27900,KELP,2033,22,,,,,2037,22,,,,,2035.0,-30.765625
1,27900,PICNIC_BASKET2,30239,34,,,,,30245,18,30246,16,,,30242.0,0.0
1,27900,PICNIC_BASKET1,58652,18,58651,16,,,58663,18,58664,16,,,58657.5,0.0
1,27900,CROISSANTS,4273,143,,,,,4274,45,4275,98,,,4273.5,0.0
1,27900,JAMS,6535,105,6534,183,,,6536,98,6537,183,,,6535.5,0.0
1,27900,RAINFOREST_RESIN,9992,31,,,,,10008,31,,,,,10000.0,11.0
1,27900,DJEMBES,13410,53,,,,,13411,53,,,,,13410.5,0.0
1,28000,RAINFOREST_RESIN,9992,29,,,,,10008,29,,,,,10000.0,11.0
1,28000,DJEMBES,13411,62,,,,,13412,62,,,,,13411.5,0.0
1,28000,KELP,2034,2,2033,26,,,2035,9,2037,28,,,2034.5,-33.3828125
1,28000,JAMS,6535,261,,,,,6536,88,6537,173,,,6535.5,0.0
1,28000,CROISSANTS,4273,148,,,,,4274,56,4275,88,,,4273.5,0.0
1,28000,SQUID_INK,1876,28,,,,,1877,4,1878,5,1879,28,1876.5,-689.3671875
1,28000,PICNIC_BASKET1,58656,2,58655,18,58654,25,58665,2,58666,18,58667,25,58660.5,0.0
1,28000,PICNIC_BASKET2,30241,20,30240,25,,,30247,45,,,,,30244.0,0.0
1,28100,DJEMBES,13411,58,,,,,13413,58,,,,,13412.0,0.0
1,28100,SQUID_INK,1877,23,,,,,1880,23,,,,,1878.5,-750.359375
1,28100,PICNIC_BASKET1,58658,8,58654,1,58653,12,58663,1,58664,12,58665,27,58660.5,0.0
1,28100,PICNIC_BASKET2,30241,8,30239,13,30238,27,30244,1,30245,39,,,30242.5,0.0
1,28100,KELP,2033,23,,,,,2037,23,,,,,2035.0,-31.8515625
1,28100,JAMS,6535,172,,,,,6537,172,,,,,6536.0,0.0
1,28100,CROISSANTS,4273,94,,,,,4274,94,,,,,4273.5,0.0
1,28100,RAINFOREST_RESIN,9992,35,,,,,10008,35,,,,,10000.0,11.0
1,28200,SQUID_INK,1876,1,1875,1,1874,23,1878,24,,,,,1877.0,-627.9140625
1,28200,PICNIC_BASKET1,58656,1,58655,17,58654,18,58665,1,58666,17,58667,18,58660.5,0.0
1,28200,PICNIC_BASKET2,30241,18,30240,18,,,30246,1,30247,35,,,30243.5,0.0
1,28200,RAINFOREST_RESIN,9992,26,,,,,10003,4,10008,26,,,9997.5,19.0
1,28200,DJEMBES,13411,54,,,,,13412,54,,,,,13411.5,0.0
1,28200,KELP,2036,1,2034,24,,,2037,24,,,,,2036.5,-46.5859375
1,28200,CROISSANTS,4273,119,,,,,4274,43,4275,76,,,4273.5,0.0
1,28200,JAMS,6535,279,,,,,6537,267,,,,,6536.0,0.0
1,28300,SQUID_INK,1875,21,,,,,1877,1,1879,21,,,1876.0,-673.6484375
1,28300,PICNIC_BASKET1,58649,15,58648,19,,,58660,15,58661,19,,,58654.5,0.0
1,28300,PICNIC_BASKET2,30239,15,30238,19,,,30245,34,,,,,30242.0,0.0
1,28300,KELP,2034,21,,,,,2036,1,2037,21,,,2035.0,-39.3125
1,28300,CROISSANTS,4272,118,,,,,4274,118,,,,,4273.0,0.0
1,28300,JAMS,6535,74,6534,148,,,6536,74,6537,148,,,6535.5,0.0
1,28300,RAINFOREST_RESIN,9992,35,,,,,10008,35,,,,,10000.0,19.0
1,28300,DJEMBES,13412,56,,,,,13414,56,,,,,13413.0,0.0
1,28400,RAINFOREST_RESIN,9992,32,,,,,10008,32,,,,,10000.0,19.0
1,28400,DJEMBES,13412,63,,,,,13413,63,,,,,13412.5,0.0
1,28400,KELP,2034,22,,,,,2036,6,2037,22,,,2035.0,-38.1796875
1,28400,CROISSANTS,4272,100,,,,,4274,100,,,,,4273.0,0.0
1,28400,JAMS,6535,66,6534,133,,,6536,58,6537,133,,,6535.5,0.0
1,28400,SQUID_INK,1875,22,,,,,1877,6,1878,22,,,1876.0,-660.296875
1,28400,PICNIC_BASKET1,58645,1,58644,14,58643,27,58654,1,58655,14,58656,27,58649.5,0.0
1,28400,PICNIC_BASKET2,30240,1,30239,41,,,30245,15,30246,27,,,30242.5,0.0
1,28500,DJEMBES,13412,74,,,,,13413,74,,,,,13412.5,0.0
1,28500,PICNIC_BASKET1,58645,1,58644,13,58643,25,58654,1,58655,13,58656,25,58649.5,0.0
1,28500,PICNIC_BASKET2,30235,14,30234,25,,,30240,1,30241,38,,,30237.5,0.0
1,28500,KELP,2034,27,,,,,2037,27,,,,,2035.5,-39.1015625
1,28500,CROISSANTS,4272,92,,,,,4273,37,4274,55,,,4272.5,0.0
1,28500,JAMS,6535,55,6534,132,,,6536,55,6537,132,,,6535.5,0.0
1,28500,SQUID_INK,1875,27,,,,,1878,27,,,,,1876.5,-650.9609375
1,28500,RAINFOREST_RESIN,10003,7,10000,3,9992,25,10008,25,,,,,10005.5,19.0
1,28600,KELP,2033,28,,,,,2034,6,2037,28,,,2033.5,-34.921875
1,28600,PICNIC_BASKET1,58639,14,58638,28,,,58650,42,,,,,58644.5,0.0
1,28600,PICNIC_BASKET2,30234,14,30233,28,,,30240,42,,,,,30237.0,0.0
1,28600,SQUID_INK,1876,28,,,,,1877,6,1879,28,,,1876.5,-713.4140625
1,28600,RAINFOREST_RESIN,9992,26,,,,,10008,26,,,,,10000.0,19.0
1,28600,DJEMBES,13412,62,,,,,13413,28,13414,34,,,13412.5,0.0
1,28600,CROISSANTS,4272,121,,,,,4274,121,,,,,4273.0,0.0
1,28600,JAMS,6534,173,,,,,6536,173,,,,,6535.0,0.0
1,28700,PICNIC_BASKET1,58635,1,58634,14,58633,19,58644,1,58645,14,58646,19,58639.5,0.0
1,28700,PICNIC_BASKET2,30235,15,30234,19,,,30240,1,30241,33,,,30237.5,0.0
1,28700,CROISSANTS,4272,157,,,,,4274,157,,,,,4273.0,0.0
1,28700,JAMS,6534,97,6533,173,,,6535,97,6536,173,,,6534.5,0.0
1,28700,SQUID_INK,1877,28,,,,,1880,28,,,,,1878.5,-761.3359375
1,28700,RAINFOREST_RESIN,9992,28,,,,,9998,5,10008,28,,,9995.0,19.0
1,28700,DJEMBES,13413,52,,,,,13414,52,,,,,13413.5,0.0
1,28700,KELP,2034,1,2033,27,,,2037,28,,,,,2035.5,-36.5
1,28800,RAINFOREST_RESIN,9992,34,,,,,10008,34,,,,,10000.0,54.0
1,28800,DJEMBES,13413,20,13412,37,,,13414,57,,,,,13413.5,0.0
1,28800,CROISSANTS,4272,142,,,,,4274,142,,,,,4273.0,0.0
1,28800,JAMS,6533,83,6532,110,,,6534,83,6535,110,,,6533.5,0.0
1,28800,KELP,2033,30,,,,,2037,30,,,,,2035.0,-24.171875
1,28800,PICNIC_BASKET1,58632,18,58631,20,,,58643,18,58644,20,,,58637.5,0.0
1,28800,PICNIC_BASKET2,30230,18,30229,20,,,30236,38,,,,,30233.0,0.0
1,28800,SQUID_INK,1877,30,,,,,1880,30,,,,,1878.5,-759.8359375
1,28900,DJEMBES,13414,55,,,,,13415,55,,,,,13414.5,0.0
1,28900,KELP,2033,24,,,,,2037,24,,,,,2035.0,-25.875
1,28900,PICNIC_BASKET1,58632,1,58631,12,58630,21,58641,1,58642,12,58643,21,58636.5,0.0
1,28900,PICNIC_BASKET2,30229,1,30228,33,,,30234,1,30235,33,,,30231.5,0.0
1,28900,CROISSANTS,4272,137,,,,,4273,56,4274,81,,,4272.5,0.0
1,28900,JAMS,6533,81,6532,199,,,6534,81,6535,199,,,6533.5,0.0
1,28900,SQUID_INK,1878,24,,,,,1881,24,,,,,1879.5,-803.7265625
1,28900,RAINFOREST_RESIN,9992,29,,,,,10008,29,,,,,10000.0,54.0
1,29000,KELP,2033,25,,,,,2037,25,,,,,2035.0,-22.296875
1,29000,PICNIC_BASKET1,58634,14,58633,22,,,58645,14,58646,22,,,58639.5,0.0
1,29000,PICNIC_BASKET2,30229,36,,,,,30235,14,30236,22,,,30232.0,0.0
1,29000,SQUID_INK,1878,25,,,,,1882,25,,,,,1880.0,-824.7265625
1,29000,RAINFOREST_RESIN,9992,31,,,,,10008,31,,,,,10000.0,54.0
1,29000,DJEMBES,13414,61,,,,,13415,61,,,,,13414.5,0.0
1,29000,CROISSANTS,4272,96,,,,,4273,44,4274,52,,,4272.5,0.0
1,29000,JAMS,6533,52,6532,181,,,6534,52,6535,181,,,6533.5,0.0
1,29100,PICNIC_BASKET1,58633,11,58632,28,,,58644,11,58645,28,,,58638.5,0.0
1,29100,PICNIC_BASKET2,30232,11,30231,28,,,30238,39,,,,,30235.0,0.0
1,29100,CROISSANTS,4272,121,,,,,4273,121,,,,,4272.5,0.0
1,29100,SQUID_INK,1881,1,1879,35,,,1882,30,,,,,1881.5,-856.5703125
1,29100,RAINFOREST_RESIN,9997,5,9992,26,,,10000,2,10008,26,,,9998.5,54.0
1,29100,JAMS,6532,217,,,,,6534,217,,,,,6533.0,0.0
1,29100,DJEMBES,13414,58,,,,,13415,58,,,,,13414.5,0.0
1,29100,KELP,2035,1,2034,5,2033,30,2037,30,,,,,2036.0,-21.234375
1,29200,RAINFOREST_RESIN,9992,34,,,,,10008,34,,,,,10000.0,54.0
1,29200,DJEMBES,13412,70,,,,,13413,25,13414,45,,,13412.5,0.0
1,29200,CROISSANTS,4272,116,,,,,4273,116,,,,,4272.5,0.0
1,29200,JAMS,6533,81,6532,113,,,6534,81,6535,113,,,6533.5,0.0
1,29200,KELP,2033,20,,,,,2035,4,2037,20,,,2034.0,-30.390625
1,29200,PICNIC_BASKET2,30232,42,,,,,30238,17,30239,25,,,30235.0,0.0
1,29200,PICNIC_BASKET1,58638,17,58637,25,,,58649,17,58650,25,,,58643.5,0.0
1,29200,SQUID_INK,1880,20,,,,,1882,4,1883,20,,,1881.0,-893.203125
1,29300,CROISSANTS,4272,133,,,,,4273,123,,,,,4272.5,0.0
1,29300,JAMS,6533,82,6532,188,,,6534,82,6535,188,,,6533.5,0.0
1,29300,DJEMBES,13411,24,13410,42,,,13412,66,,,,,13411.5,0.0
1,29300,KELP,2034,23,,,,,2037,23,,,,,2035.5,-38.65625
1,29300,PICNIC_BASKET2,30237,2,30236,36,,,30242,2,30243,36,,,30239.5,0.0
1,29300,PICNIC_BASKET1,58641,2,58640,12,58639,24,58650,2,58651,12,58652,24,58645.5,0.0
1,29300,SQUID_INK,1879,23,,,,,1882,23,,,,,1880.5,-834.171875
1,29300,RAINFOREST_RESIN,9992,33,,,,,10003,3,10008,33,,,9997.5,54.0
1,29400,CROISSANTS,4272,103,,,,,4273,103,,,,,4272.5,0.0
1,29400,JAMS,6533,56,6532,199,,,6534,56,6535,199,,,6533.5,0.0
1,29400,KELP,2036,1,2034,25,,,2037,25,,,,,2036.5,-45.3125
1,29400,PICNIC_BASKET2,30235,13,30234,30,,,30240,1,30241,42,,,30237.5,0.0
1,29400,PICNIC_BASKET1,58638,1,58637,12,58636,30,58647,1,58648,12,58649,30,58642.5,0.0
1,29400,SQUID_INK,1882,1,1880,25,,,1883,25,,,,,1882.5,-886.375
1,29400,RAINFOREST_RESIN,9992,34,,,,,10008,34,,,,,10000.0,54.0
1,29400,DJEMBES,13411,67,,,,,13412,67,,,,,13411.5,0.0
1,29500,PICNIC_BASKET2,30236,41,,,,,30242,11,30243,30,,,30239.0,0.0
1,29500,PICNIC_BASKET1,58642,11,58641,30,,,58653,11,58654,30,,,58647.5,0.0
1,29500,SQUID_INK,1880,23,,,,,1883,23,,,,,1881.5,-903.796875
1,29500,RAINFOREST_RESIN,9992,27,,,,,10008,27,,,,,10000.0,54.0
1,29500,CROISSANTS,4272,92,,,,,4273,92,,,,,4272.5,0.0
1,29500,JAMS,6533,50,6532,199,,,6534,50,6535,199,,,6533.5,0.0
1,29500,DJEMBES,13410,75,,,,,13412,75,,,,,13411.0,0.0
1,29500,KELP,2034,23,,,,,2037,23,,,,,2035.5,-46.8984375
1,29600,RAINFOREST_RESIN,9992,26,,,,,10003,3,10008,26,,,9997.5,54.0
1,29600,DJEMBES,13410,66,,,,,13411,28,13412,38,,,13410.5,0.0
1,29600,CROISSANTS,4272,94,,,,,4273,94,,,,,4272.5,0.0
1,29600,JAMS,6533,58,6532,195,,,6534,58,6535,195,,,6533.5,0.0
1,29600,KELP,2034,27,,,,,2037,27,,,,,2035.5,-38.2578125
1,29600,PICNIC_BASKET2,30235,44,,,,,30241,16,30242,28,,,30238.0,0.0
1,29600,PICNIC_BASKET1,58641,16,58640,28,,,58652,44,,,,,58646.5,0.0
1,29600,SQUID_INK,1880,27,,,,,1883,27,,,,,1881.5,-907.109375
1,29700,CROISSANTS,4271,151,,,,,4273,151,,,,,4272.0,0.0
1,29700,JAMS,6533,103,6532,180,,,6534,93,6535,180,,,6533.5,0.0
1,29700,DJEMBES,13409,58,,,,,13411,58,,,,,13410.0,0.0
1,29700,KELP,2036,1,2034,31,,,2037,31,,,,,2036.5,-38.3671875
1,29700,PICNIC_BASKET2,30231,2,30230,29,,,30236,15,30237,16,,,30233.5,0.0
1,29700,PICNIC_BASKET1,58642,2,58641,13,58640,16,58651,2,58652,13,58653,16,58646.5,0.0
1,29700,SQUID_INK,1882,1,1880,2,1879,29,1883,31,,,,,1882.5,-881.4296875
1,29700,RAINFOREST_RESIN,10001,1,9992,34,,,10003,8,10008,34,,,10002.0,54.0
1,29800,CROISSANTS,4272,48,4271,80,,,4273,128,,,,,4272.5,0.0
1,29800,JAMS,6532,273,,,,,6534,273,,,,,6533.0,0.0
1,29800,KELP,2034,6,2033,23,,,2037,24,,,,,2035.5,-35.1328125
1,29800,PICNIC_BASKET2,30230,12,30229,28,,,30236,40,,,,,30233.0,0.0
1,29800,PICNIC_BASKET1,58648,1,58647,39,,,58658,12,58659,28,,,58653.0,0.0
1,29800,SQUID_INK,1880,29,,,,,1883,24,,,,,1881.5,-904.078125
1,29800,RAINFOREST_RESIN,9992,29,,,,,10008,29,,,,,10000.0,54.0
1,29800,DJEMBES,13410,28,13409,42,,,13411,70,,,,,13410.5,0.0
1,29900,PICNIC_BASKET2,30230,37,,,,,30236,18,30237,19,,,30233.0,0.0
1,29900,PICNIC_BASKET1,58653,18,58652,19,,,58664,18,58665,19,,,58658.5,0.0
1,29900,SQUID_INK,1881,4,1880,25,,,1884,25,,,,,1882.5,-920.890625
1,29900,RAINFOREST_RESIN,9992,28,,,,,10003,4,10008,28,,,9997.5,54.0
1,29900,CROISSANTS,4272,110,,,,,4273,110,,,,,4272.5,0.0
1,29900,JAMS,6532,208,,,,,6534,208,,,,,6533.0,0.0
1,29900,DJEMBES,13411,19,13410,30,,,13412,49,,,,,13411.5,0.0
1,29900,KELP,2035,1,2034,28,,,2037,25,,,,,2036.0,-38.6796875
1,30000,RAINFOREST_RESIN,9992,34,,,,,10008,34,,,,,10000.0,54.0
1,30000,DJEMBES,13411,49,,,,,13412,49,,,,,13411.5,0.0
1,30000,CROISSANTS,4272,107,,,,,4273,107,,,,,4272.5,0.0
1,30000,JAMS,6532,204,,,,,6534,204,,,,,6533.0,0.0
1,30000,KELP,2033,26,,,,,2037,26,,,,,2035.0,-33.0234375
1,30000,PICNIC_BASKET2,30229,12,30228,16,,,30235,28,,,,,30232.0,0.0
1,30000,PICNIC_BASKET1,58653,12,58652,16,,,58664,12,58665,16,,,58658.5,0.0
1,30000,SQUID_INK,1882,2,1881,26,,,1883,2,1884,26,,,1882.5,-938.3984375
1,30100,CROISSANTS,4272,64,4271,91,,,4273,155,,,,,4272.5,0.0
1,30100,JAMS,6532,288,,,,,6534,288,,,,,6533.0,0.0
1,30100,DJEMBES,13412,72,,,,,13413,72,,,,,13412.5,0.0
1,30100,KELP,2033,28,,,,,2034,3,2037,28,,,2033.5,-37.0625
1,30100,PICNIC_BASKET2,30228,41,,,,,30234,16,30235,25,,,30231.0,0.0
1,30100,PICNIC_BASKET1,58656,16,58655,25,,,58667,16,58668,25,,,58661.5,0.0
1,30100,SQUID_INK,1882,25,,,,,1885,28,,,,,1883.5,-989.8984375
1,30100,RAINFOREST_RESIN,9992,31,,,,,10008,31,,,,,10000.0,54.0
1,30200,JAMS,6532,274,,,,,6534,274,,,,,6533.0,0.0
1,30200,CROISSANTS,4271,130,,,,,4273,130,,,,,4272.0,0.0
1,30200,KELP,2034,26,,,,,2037,26,,,,,2035.5,-42.6640625
1,30200,PICNIC_BASKET2,30225,19,30224,30,,,30227,4,30231,19,30232,30,30226.0,0.0
1,30200,PICNIC_BASKET1,58659,2,58658,47,,,58663,4,58669,19,58670,30,58661.0,0.0
1,30200,SQUID_INK,1881,26,,,,,1884,26,,,,,1882.5,-944.75
1,30200,RAINFOREST_RESIN,9992,35,,,,,10008,35,,,,,10000.0,54.0
1,30200,DJEMBES,13413,61,,,,,13414,61,,,,,13413.5,0.0
1,30300,SQUID_INK,1881,23,,,,,1883,5,1885,23,,,1882.0,-979.421875
1,30300,RAINFOREST_RESIN,9992,31,,,,,10008,31,,,,,10000.0,54.0
1,30300,PICNIC_BASKET1,58663,30,,,,,58674,10,58675,20,,,58668.5,0.0
1,30300,PICNIC_BASKET2,30226,10,30225,20,,,30232,30,,,,,30229.0,0.0
1,30300,JAMS,6532,250,,,,,6534,250,,,,,6533.0,0.0
1,30300,CROISSANTS,4272,140,,,,,4273,140,,,,,4272.5,0.0
1,30300,DJEMBES,13413,50,,,,,13414,20,13415,30,,,13413.5,0.0
1,30300,KELP,2034,23,,,,,2036,5,2037,23,,,2035.0,-45.09375
1,30400,DJEMBES,13413,73,,,,,13414,73,,,,,13413.5,0.0
1,30400,RAINFOREST_RESIN,9992,28,,,,,10008,28,,,,,10000.0,54.0
1,30400,CROISSANTS,4272,148,,,,,4273,148,,,,,4272.5,0.0
1,30400,JAMS,6532,204,,,,,6534,204,,,,,6533.0,0.0
1,30400,PICNIC_BASKET1,58667,2,58666,12,58665,28,58676,2,58677,12,58678,28,58671.5,0.0
1,30400,PICNIC_BASKET2,30224,14,30223,28,,,30230,42,,,,,30227.0,0.0
1,30400,KELP,2034,26,,,,,2037,26,,,,,2035.5,-39.34375
1,30400,SQUID_INK,1882,26,,,,,1885,26,,,,,1883.5,-1002.7734375
1,30500,CROISSANTS,4272,133,,,,,4273,133,,,,,4272.5,0.0
1,30500,JAMS,6532,179,,,,,6534,179,,,,,6533.0,0.0
1,30500,DJEMBES,13413,67,,,,,13414,26,13415,41,,,13413.5,0.0
1,30500,KELP,2034,21,,,,,2037,21,,,,,2035.5,-53.671875
1,30500,SQUID_INK,1882,1,1881,20,,,1885,21,,,,,1883.5,-979.5625
1,30500,RAINFOREST_RESIN,9992,33,,,,,10008,33,,,,,10000.0,62.0
1,30500,PICNIC_BASKET1,58664,1,58663,14,58662,26,58668,1,58673,1,58674,14,58666.0,0.0
1,30500,PICNIC_BASKET2,30222,15,30221,26,,,30224,1,30228,15,30229,26,30223.0,0.0
1,30600,CROISSANTS,4273,54,4272,86,,,4274,140,,,,,4273.5,0.0
1,30600,JAMS,6532,254,,,,,6534,254,,,,,6533.0,0.0
1,30600,PICNIC_BASKET1,58668,1,58667,19,58666,20,58677,1,58678,19,58679,20,58672.5,0.0
1,30600,PICNIC_BASKET2,30227,20,30226,20,,,30232,1,30233,39,,,30229.5,0.0
1,30600,KELP,2035,3,2034,26,,,2037,26,,,,,2036.0,-45.9296875
1,30600,SQUID_INK,1883,3,1882,26,,,1885,26,,,,,1884.0,-997.46875
1,30600,DJEMBES,13414,69,,,,,13415,69,,,,,13414.5,0.0
1,30600,RAINFOREST_RESIN,9992,25,,,,,10008,25,,,,,10000.0,62.0
1,30700,SQUID_INK,1882,24,,,,,1885,24,,,,,1883.5,-1003.40625
1,30700,RAINFOREST_RESIN,9992,26,,,,,10008,26,,,,,10000.0,62.0
1,30700,PICNIC_BASKET1,58669,36,,,,,58680,12,58681,24,,,58674.5,0.0
1,30700,PICNIC_BASKET2,30228,12,30227,24,,,30234,36,,,,,30231.0,0.0
1,30700,CROISSANTS,4273,147,,,,,4274,147,,,,,4273.5,0.0
1,30700,JAMS,6532,239,,,,,6534,239,,,,,6533.0,0.0
1,30700,DJEMBES,13415,24,13414,33,,,13416,57,,,,,13415.5,0.0
1,30700,KELP,2034,24,,,,,2037,24,,,,,2035.5,-51.265625
1,30800,DJEMBES,13414,67,,,,,13415,67,,,,,13414.5,0.0
1,30800,RAINFOREST_RESIN,10003,11,9997,5,9992,35,10008,35,,,,,10005.5,62.0
1,30800,KELP,2034,31,,,,,2037,31,,,,,2035.5,-46.078125
1,30800,CROISSANTS,4273,129,,,,,4274,129,,,,,4273.5,0.0
1,30800,JAMS,6533,257,,,,,6535,257,,,,,6534.0,0.0
1,30800,SQUID_INK,1881,31,,,,,1884,31,,,,,1882.5,-956.484375
1,30800,PICNIC_BASKET1,58671,2,58670,15,58669,30,58680,2,58681,15,58682,30,58675.5,0.0
1,30800,PICNIC_BASKET2,30233,2,30232,45,,,30238,17,30239,30,,,30235.5,0.0
1,30900,KELP,2036,1,2034,28,,,2037,25,,,,,2036.5,-54.8203125
1,30900,CROISSANTS,4274,57,4273,69,,,4275,126,,,,,4274.5,0.0
1,30900,JAMS,6533,222,,,,,6535,222,,,,,6534.0,0.0
1,30900,DJEMBES,13415,54,,,,,13416,54,,,,,13415.5,0.0
1,30900,RAINFOREST_RESIN,9997,2,9992,27,,,10008,27,,,,,10002.5,18.0
1,30900,SQUID_INK,1883,1,1881,28,,,1884,25,,,,,1883.5,-943.3984375
1,30900,PICNIC_BASKET1,58674,1,58673,10,58672,18,58683,1,58684,10,58685,18,58678.5,0.0
1,30900,PICNIC_BASKET2,30237,1,30236,28,,,30242,1,30243,28,,,30239.5,0.0
1,31000,KELP,2036,1,2034,31,,,2037,31,,,,,2036.5,-65.0390625
1,31000,CROISSANTS,4274,136,,,,,4276,136,,,,,4275.0,0.0
1,31000,JAMS,6533,271,,,,,6535,280,,,,,6534.0,0.0
1,31000,SQUID_INK,1883,1,1881,31,,,1884,31,,,,,1883.5,-954.34375
1,31000,PICNIC_BASKET1,58684,1,58683,11,58682,30,58693,1,58694,11,58695,30,58688.5,0.0
1,31000,PICNIC_BASKET2,30238,12,30237,30,,,30244,42,,,,,30241.0,0.0
1,31000,DJEMBES,13415,80,,,,,13416,80,,,,,13415.5,0.0
1,31000,RAINFOREST_RESIN,9992,34,,,,,10008,34,,,,,10000.0,18.0
1,31100,RAINFOREST_RESIN,9992,30,,,,,10008,30,,,,,10000.0,18.0
1,31100,SQUID_INK,1881,28,,,,,1884,28,,,,,1882.5,-933.2578125
1,31100,PICNIC_BASKET1,58686,2,58685,16,58684,29,58695,2,58696,16,58697,29,58690.5,0.0
1,31100,PICNIC_BASKET2,30239,18,30238,29,,,30244,2,30245,45,,,30241.5,0.0
1,31100,KELP,2034,28,,,,,2037,28,,,,,2035.5,-54.8046875
1,31100,CROISSANTS,4275,158,,,,,4276,158,,,,,4275.5,0.0
1,31100,JAMS,6533,248,,,,,6535,248,,,,,6534.0,0.0
1,31100,DJEMBES,13415,65,,,,,13416,29,13417,36,,,13415.5,0.0
1,31200,DJEMBES,13417,19,13416,41,,,13418,60,,,,,13417.5,0.0
1,31200,RAINFOREST_RESIN,9992,31,,,,,10008,31,,,,,10000.0,18.0
1,31200,KELP,2034,26,,,,,2037,26,,,,,2035.5,-51.828125
1,31200,CROISSANTS,4275,115,,,,,4276,61,4277,54,,,4275.5,0.0
1,31200,JAMS,6533,230,,,,,6535,230,,,,,6534.0,0.0
1,31200,SQUID_INK,1881,26,,,,,1884,26,,,,,1882.5,-935.7734375
1,31200,PICNIC_BASKET1,58691,30,,,,,58702,11,58703,19,,,58696.5,0.0
1,31200,PICNIC_BASKET2,30243,30,,,,,30249,11,30250,19,,,30246.0,0.0
1,31300,DJEMBES,13417,62,,,,,13418,62,,,,,13417.5,0.0
1,31300,KELP,2036,1,2034,26,,,2037,26,,,,,2036.5,-57.8984375
1,31300,CROISSANTS,4275,116,,,,,4277,116,,,,,4276.0,0.0
1,31300,JAMS,6533,240,,,,,6535,240,,,,,6534.0,0.0
1,31300,RAINFOREST_RESIN,9997,4,9992,31,,,10008,31,,,,,10002.5,18.0
1,31300,SQUID_INK,1883,1,1881,26,,,1884,26,,,,,1883.5,-938.953125
1,31300,PICNIC_BASKET1,58688,13,58687,19,,,58699,13,58700,19,,,58693.5,0.0
1,31300,PICNIC_BASKET2,30240,32,,,,,30246,13,30247,19,,,30243.0,0.0
1,31400,KELP,2034,24,,,,,2037,24,,,,,2035.5,-56.4765625
1,31400,CROISSANTS,4275,110,,,,,4276,38,4277,72,,,4275.5,0.0
1,31400,SQUID_INK,1881,24,,,,,1884,24,,,,,1882.5,-965.0
1,31400,PICNIC_BASKET2,30238,17,30237,19,,,30243,1,30244,35,,,30240.5,0.0
1,31400,PICNIC_BASKET1,58686,1,58685,35,,,58696,17,58697,19,,,58691.0,0.0
1,31400,JAMS,6533,202,,,,,6535,192,,,,,6534.0,0.0
1,31400,DJEMBES,13417,57,,,,,13418,57,,,,,13417.5,0.0
1,31400,RAINFOREST_RESIN,9997,2,9992,25,,,10008,25,,,,,10002.5,18.0
1,31500,RAINFOREST_RESIN,9992,34,,,,,10008,34,,,,,10000.0,36.0
1,31500,SQUID_INK,1881,27,,,,,1885,27,,,,,1883.0,-974.859375
1,31500,PICNIC_BASKET2,30240,13,30239,27,,,30245,1,30246,39,,,30242.5,0.0
1,31500,PICNIC_BASKET1,58688,1,58687,39,,,58698,13,58699,27,,,58693.0,0.0
1,31500,DJEMBES,13417,72,,,,,13418,27,13419,45,,,13417.5,0.0
1,31500,KELP,2034,27,,,,,2037,27,,,,,2035.5,-61.4921875
1,31500,CROISSANTS,4275,103,,,,,4277,103,,,,,4276.0,0.0
1,31500,JAMS,6533,231,,,,,6535,231,,,,,6534.0,0.0
1,31600,DJEMBES,13417,54,,,,,13418,54,,,,,13417.5,0.0
1,31600,RAINFOREST_RESIN,9992,33,,,,,10008,33,,,,,10000.0,36.0
1,31600,KELP,2034,24,,,,,2037,20,,,,,2035.5,-59.3828125
1,31600,SQUID_INK,1882,24,,,,,1885,20,,,,,1883.5,-1007.3046875
1,31600,PICNIC_BASKET2,30248,10,30247,21,,,30254,31,,,,,30251.0,0.0
1,31600,PICNIC_BASKET1,58694,10,58693,21,,,58705,10,58706,21,,,58699.5,0.0
1,31600,CROISSANTS,4276,119,,,,,4278,119,,,,,4277.0,0.0
1,31600,JAMS,6533,187,,,,,6535,187,,,,,6534.0,0.0
1,31700,DJEMBES,13415,69,,,,,13416,69,,,,,13415.5,0.0
1,31700,KELP,2034,20,,,,,2036,2,2038,20,,,2035.0,-67.0
1,31700,CROISSANTS,4277,130,,,,,4278,130,,,,,4277.5,0.0
1,31700,JAMS,6533,250,,,,,6535,250,,,,,6534.0,0.0
1,31700,RAINFOREST_RESIN,9992,26,,,,,10008,26,,,,,10000.0,36.0
1,31700,SQUID_INK,1883,20,,,,,1885,2,1886,20,,,1884.0,-1060.1796875
1,31700,PICNIC_BASKET2,30249,47,,,,,30255,17,30256,30,,,30252.0,0.0
1,31700,PICNIC_BASKET1,58694,47,,,,,58705,17,58706,30,,,58699.5,0.0
1,31800,KELP,2034,30,,,,,2037,1,2038,29,,,2035.5,-68.5
1,31800,SQUID_INK,1882,30,,,,,1885,1,1886,29,,,1883.5,-1018.90625
1,31800,PICNIC_BASKET2,30252,17,30251,20,,,30257,1,30258,36,,,30254.5,0.0
1,31800,PICNIC_BASKET1,58692,1,58691,16,58690,20,58701,1,58702,16,58703,20,58696.5,0.0
1,31800,CROISSANTS,4277,151,,,,,4278,151,,,,,4277.5,0.0
1,31800,JAMS,6533,259,,,,,6535,259,,,,,6534.0,0.0
1,31800,DJEMBES,13416,64,,,,,13417,20,13418,44,,,13416.5,0.0
1,31800,RAINFOREST_RESIN,9992,31,,,,,10008,31,,,,,10000.0,36.0
1,31900,RAINFOREST_RESIN,9992,34,,,,,10008,34,,,,,10000.0,36.0
1,31900,SQUID_INK,1882,33,,,,,1885,27,,,,,1883.5,-1009.1171875
1,31900,PICNIC_BASKET2,30248,41,,,,,30254,20,30255,21,,,30251.0,0.0
1,31900,PICNIC_BASKET1,58687,20,58686,21,,,58698,20,58699,21,,,58692.5,0.0
1,31900,DJEMBES,13416,67,,,,,13417,67,,,,,13416.5,0.0
1,31900,KELP,2034,33,,,,,2037,27,,,,,2035.5,-65.3828125
1,31900,CROISSANTS,4276,120,,,,,4277,40,4278,80,,,4276.5,0.0
1,31900,JAMS,6533,250,,,,,6534,80,6535,170,,,6533.5,0.0
1,32000,DJEMBES,13416,20,13415,46,,,13417,66,,,,,13416.5,0.0
1,32000,RAINFOREST_RESIN,9992,30,,,,,10008,30,,,,,10000.0,36.0
1,32000,SQUID_INK,1883,25,,,,,1886,29,,,,,1884.5,-1048.921875
1,32000,KELP,2034,29,,,,,2035,4,2037,29,,,2034.5,-64.34375
1,32000,PICNIC_BASKET2,30245,2,30244,38,,,30250,20,30251,20,,,30247.5,0.0
1,32000,PICNIC_BASKET1,58688,2,58687,18,58686,20,58697,2,58698,18,58699,20,58692.5,0.0
1,32000,CROISSANTS,4276,122,,,,,4277,43,4278,79,,,4276.5,0.0
1,32000,JAMS,6533,79,6532,109,,,6534,79,6535,109,,,6533.5,0.0
1,32100,DJEMBES,13416,60,,,,,13417,60,,,,,13416.5,0.0
1,32100,KELP,2034,20,,,,,2038,20,,,,,2036.0,-68.1953125
1,32100,CROISSANTS,4276,149,,,,,4277,62,4278,87,,,4276.5,0.0
1,32100,JAMS,6533,263,,,,,6535,263,,,,,6534.0,0.0
1,32100,RAINFOREST_RESIN,9992,31,,,,,10008,31,,,,,10000.0,36.0
1,32100,SQUID_INK,1883,20,,,,,1887,20,,,,,1885.0,-1074.796875
1,32100,PICNIC_BASKET2,30243,31,,,,,30249,15,30250,16,,,30246.0,0.0
1,32100,PICNIC_BASKET1,58684,31,,,,,58695,15,58696,16,,,58689.5,0.0
1,32200,SQUID_INK,1885,22,,,,,1886,4,1887,2,1888,2,1885.5,-1172.6953125
1,32200,KELP,2034,22,,,,,2035,4,2036,2,2037,2,2034.5,-66.703125
1,32200,PICNIC_BASKET2,30244,2,30243,34,,,30249,2,30250,34,,,30246.5,0.0
1,32200,PICNIC_BASKET1,58689,2,58688,34,,,58698,2,58699,17,58700,17,58693.5,0.0
1,32200,CROISSANTS,4276,118,,,,,4278,118,,,,,4277.0,0.0
1,32200,JAMS,6533,261,,,,,6535,261,,,,,6534.0,0.0
1,32200,DJEMBES,13415,52,,,,,13416,17,13417,35,,,13415.5,0.0
1,32200,RAINFOREST_RESIN,9992,28,,,,,9999,1,10008,28,,,9995.5,36.0
1,32300,RAINFOREST_RESIN,9992,35,,,,,10008,35,,,,,10000.0,36.0
1,32300,SQUID_INK,1884,29,,,,,1886,5,1887,2,1888,27,1885.0,-1118.75
1,32300,PICNIC_BASKET2,30244,21,30243,18,,,30250,21,30251,18,,,30247.0,0.0
1,32300,PICNIC_BASKET1,58687,2,58686,37,,,58697,21,58698,18,,,58692.0,0.0
1,32300,DJEMBES,13415,52,,,,,13416,18,13417,34,,,13415.5,0.0
1,32300,KELP,2034,29,,,,,2036,5,2037,29,,,2035.0,-56.984375
1,32300,CROISSANTS,4276,142,,,,,4278,142,,,,,4277.0,0.0
1,32300,JAMS,6533,236,,,,,6535,236,,,,,6534.0,0.0
1,32400,DJEMBES,13413,63,,,,,13414,63,,,,,13413.5,0.0
1,32400,RAINFOREST_RESIN,9992,31,,,,,10008,31,,,,,10000.0,36.0
1,32400,SQUID_INK,1884,29,,,,,1886,2,1887,29,,,1885.0,-1106.171875
1,32400,KELP,2034,29,,,,,2036,2,2037,29,,,2035.0,-58.515625
1,32400,PICNIC_BASKET2,30243,1,30242,42,,,30248,18,30249,25,,,30245.5,0.0
1,32400,PICNIC_BASKET1,58686,18,58685,25,,,58696,1,58697,42,,,58691.0,0.0
1,32400,CROISSANTS,4276,116,,,,,4277,43,4278,73,,,4276.5,0.0
1,32400,JAMS,6533,261,,,,,6535,261,,,,,6534.0,0.0
1,32500,DJEMBES,13413,61,,,,,13414,27,13415,34,,,13413.5,0.0
1,32500,KELP,2034,31,,,,,2038,31,,,,,2036.0,-80.0
1,32500,JAMS,6533,216,,,,,6535,216,,,,,6534.0,0.0
1,32500,CROISSANTS,4276,144,,,,,4278,144,,,,,4277.0,0.0
1,32500,RAINFOREST_RESIN,10002,5,9992,26,,,10008,26,,,,,10005.0,36.0
1,32500,SQUID_INK,1883,31,,,,,1886,31,,,,,1884.5,-1061.046875
1,32500,PICNIC_BASKET1,58685,2,58684,10,58683,27,58694,2,58695,10,58696,27,58689.5,0.0
1,32500,PICNIC_BASKET2,30243,12,30242,27,,,30248,2,30249,37,,,30245.5,0.0
1,32600,SQUID_INK,1883,23,,,,,1886,23,,,,,1884.5,-1061.0703125
1,32600,PICNIC_BASKET1,58684,20,58683,26,,,58695,20,58696,26,,,58689.5,0.0
1,32600,PICNIC_BASKET2,30242,46,,,,,30248,20,30249,26,,,30245.0,0.0
1,32600,KELP,2034,23,,,,,2038,23,,,,,2036.0,-71.7578125
1,32600,CROISSANTS,4277,52,4276,65,,,4278,126,,,,,4277.5,0.0
1,32600,JAMS,6533,187,,,,,6535,187,,,,,6534.0,0.0
1,32600,DJEMBES,13412,75,,,,,13413,26,13414,49,,,13412.5,0.0
1,32600,RAINFOREST_RESIN,9992,31,,,,,10008,31,,,,,10000.0,21.0
1,32700,RAINFOREST_RESIN,10001,1,9992,31,,,10008,31,,,,,10004.5,21.0
1,32700,SQUID_INK,1883,22,,,,,1886,22,,,,,1884.5,-1050.90625
1,32700,PICNIC_BASKET1,58688,3,58679,1,58678,17,58689,17,58690,27,,,58688.5,0.0
1,32700,PICNIC_BASKET2,30248,4,30244,1,30243,44,30249,1,30250,44,,,30248.5,0.0
1,32700,DJEMBES,13411,68,,,,,13412,27,13413,41,,,13411.5,0.0
1,32700,KELP,2034,22,,,,,2038,22,,,,,2036.0,-71.7890625
1,32700,CROISSANTS,4276,144,,,,,4278,144,,,,,4277.0,0.0
1,32700,JAMS,6533,277,,,,,6535,277,,,,,6534.0,0.0
1,32800,DJEMBES,13411,59,,,,,13413,59,,,,,13412.0,0.0
1,32800,RAINFOREST_RESIN,9992,35,,,,,10008,35,,,,,10000.0,21.0
1,32800,SQUID_INK,1882,24,,,,,1886,24,,,,,1884.0,-1023.8984375
1,32800,PICNIC_BASKET1,58676,19,58675,23,,,58687,42,,,,,58681.5,0.0
1,32800,PICNIC_BASKET2,30244,42,,,,,30250,19,30251,23,,,30247.0,0.0
1,32800,KELP,2034,24,,,,,2038,24,,,,,2036.0,-67.2109375
1,32800,CROISSANTS,4277,51,4276,73,,,4278,124,,,,,4277.5,0.0
1,32800,JAMS,6533,194,,,,,6535,194,,,,,6534.0,0.0
1,32900,DJEMBES,13410,61,,,,,13412,61,,,,,13411.0,0.0
1,32900,KELP,2034,27,,,,,2036,5,2038,28,,,2035.0,-73.9453125
1,32900,CROISSANTS,4276,131,,,,,4278,131,,,,,4277.0,0.0
1,32900,JAMS,6533,82,6532,179,,,6534,82,6535,179,,,6533.5,0.0
1,32900,RAINFOREST_RESIN,9992,35,,,,,10008,35,,,,,10000.0,21.0
1,32900,SQUID_INK,1882,27,,,,,1884,5,1885,28,,,1883.0,-1006.8515625
1,32900,PICNIC_BASKET1,58670,13,58669,24,,,58681,13,58682,24,,,58675.5,0.0
1,32900,PICNIC_BASKET2,30246,37,,,,,30252,13,30253,24,,,30249.0,0.0
1,33000,PICNIC_BASKET1,58664,11,58663,25,,,58675,11,58676,25,,,58669.5,0.0
1,33000,PICNIC_BASKET2,30245,36,,,,,30251,11,30252,25,,,30248.0,0.0
1,33000,CROISSANTS,4276,109,,,,,4277,56,4278,53,,,4276.5,0.0
1,33000,JAMS,6533,58,6532,196,,,6534,53,6535,196,,,6533.5,0.0
1,33000,SQUID_INK,1882,22,,,,,1883,6,1885,22,,,1882.5,-1001.921875
1,33000,KELP,2034,22,,,,,2035,6,2038,22,,,2034.5,-72.4765625
1,33000,DJEMBES,13411,62,,,,,13412,62,,,,,13411.5,0.0
1,33000,RAINFOREST_RESIN,9992,26,,,,,10008,26,,,,,10000.0,21.0
1,33100,RAINFOREST_RESIN,9992,34,,,,,10008,34,,,,,10000.0,21.0
1,33100,PICNIC_BASKET1,58665,13,58664,22,,,58676,13,58677,22,,,58670.5,0.0
1,33100,PICNIC_BASKET2,30248,35,,,,,30254,13,30255,22,,,30251.0,0.0
1,33100,SQUID_INK,1882,20,,,,,1885,21,,,,,1883.5,-1006.5625
1,33100,KELP,2034,20,,,,,2038,21,,,,,2036.0,-66.3984375
1,33100,DJEMBES,13412,53,,,,,13413,53,,,,,13412.5,0.0
1,33100,CROISSANTS,4276,139,,,,,4277,44,4278,95,,,4276.5,0.0
1,33100,JAMS,6533,95,6532,156,,,6534,95,6535,156,,,6533.5,0.0
1,33200,DJEMBES,13412,51,,,,,13413,57,,,,,13412.5,0.0
1,33200,RAINFOREST_RESIN,9997,3,9992,26,,,10008,26,,,,,10002.5,21.0
1,33200,PICNIC_BASKET1,58669,11,58668,19,,,58680,11,58681,19,,,58674.5,0.0
1,33200,PICNIC_BASKET2,30247,30,,,,,30254,30,,,,,30250.5,0.0
1,33200,CROISSANTS,4276,137,,,,,4278,146,,,,,4277.0,0.0
1,33200,JAMS,6533,99,6532,135,,,6534,99,6535,135,,,6533.5,0.0
1,33200,SQUID_INK,1883,27,,,,,1885,1,1886,27,,,1884.0,-1045.03125
1,33200,KELP,2034,27,,,,,2036,1,2038,27,,,2035.0,-68.3671875
1,33300,KELP,2034,25,,,,,2036,5,2037,25,,,2035.0,-65.28125
1,33300,DJEMBES,13411,75,,,,,13413,75,,,,,13412.0,0.0
1,33300,CROISSANTS,4276,124,,,,,4278,124,,,,,4277.0,0.0
1,33300,JAMS,6533,74,6532,106,,,6534,74,6535,106,,,6533.5,0.0
1,33300,RAINFOREST_RESIN,9992,33,,,,,10008,33,,,,,10000.0,21.0
1,33300,PICNIC_BASKET1,58669,13,58668,28,,,58680,41,,,,,58674.5,0.0
1,33300,PICNIC_BASKET2,30250,13,30249,28,,,30256,41,,,,,30253.0,0.0
1,33300,SQUID_INK,1883,25,,,,,1884,5,1886,25,,,1883.5,-1034.234375
1,33400,PICNIC_BASKET1,58670,13,58669,15,,,58680,1,58681,27,,,58675.0,0.0
1,33400,PICNIC_BASKET2,30244,1,30243,27,,,30249,1,30250,27,,,30246.5,0.0
1,33400,CROISSANTS,4276,161,,,,,4277,65,4278,96,,,4276.5,0.0
1,33400,JAMS,6533,241,,,,,6535,241,,,,,6534.0,0.0
1,33400,SQUID_INK,1883,21,,,,,1886,21,,,,,1884.5,-1065.0390625
1,33400,KELP,2034,21,,,,,2037,1,2038,20,,,2035.5,-66.75
1,33400,DJEMBES,13412,58,,,,,13413,58,,,,,13412.5,0.0
1,33400,RAINFOREST_RESIN,9992,32,,,,,10008,32,,,,,10000.0,21.0
1,33500,RAINFOREST_RESIN,10001,1,9992,28,,,10008,28,,,,,10004.5,23.0
1,33500,DJEMBES,13412,19,13411,36,,,13413,55,,,,,13412.5,0.0
1,33500,PICNIC_BASKET1,58671,1,58670,17,58669,19,58680,1,58681,17,58682,19,58675.5,0.0
1,33500,PICNIC_BASKET2,30237,18,30236,19,,,30242,1,30243,36,,,30239.5,0.0
1,33500,SQUID_INK,1884,29,,,,,1887,26,,,,,1885.5,-1098.5234375
1,33500,KELP,2034,29,,,,,2037,1,2038,25,,,2035.5,-66.75
1,33500,CROISSANTS,4276,41,4275,54,,,4277,95,,,,,4276.5,0.0
1,33500,JAMS,6533,189,,,,,6535,189,,,,,6534.0,0.0
1,33600,RAINFOREST_RESIN,9992,33,,,,,10008,33,,,,,10000.0,23.0
1,33600,PICNIC_BASKET2,30238,21,30237,22,,,30244,43,,,,,30241.0,0.0
1,33600,PICNIC_BASKET1,58673,2,58672,19,58671,22,58682,2,58683,19,58684,22,58677.5,0.0
1,33600,CROISSANTS,4276,132,,,,,4277,132,,,,,4276.5,0.0
1,33600,SQUID_INK,1884,28,,,,,1887,28,,,,,1885.5,-1087.4296875
1,33600,JAMS,6533,97,6532,130,,,6534,97,6535,130,,,6533.5,0.0
1,33600,DJEMBES,13412,71,,,,,13413,71,,,,,13412.5,0.0
1,33600,KELP,2034,28,,,,,2037,2,2038,26,,,2035.5,-67.2578125
1,33700,CROISSANTS,4277,5,4276,106,,,4278,106,,,,,4277.5,0.0
1,33700,JAMS,6533,207,,,,,6535,207,,,,,6534.0,0.0
1,33700,KELP,2035,4,2034,29,,,2037,2,2038,27,,,2036.0,-68.75
1,33700,RAINFOREST_RESIN,9992,25,,,,,10008,25,,,,,10000.0,23.0
1,33700,DJEMBES,13411,56,,,,,13413,56,,,,,13412.0,0.0
1,33700,PICNIC_BASKET2,30241,45,,,,,30247,19,30248,26,,,30244.0,0.0
1,33700,PICNIC_BASKET1,58675,2,58674,17,58673,26,58684,2,58685,17,58686,26,58679.5,0.0
1,33700,SQUID_INK,1883,33,,,,,1886,29,,,,,1884.5,-1050.515625
1,33800,PICNIC_BASKET2,30240,40,,,,,30246,12,30247,28,,,30243.0,0.0
1,33800,PICNIC_BASKET1,58667,1,58666,11,58665,28,58676,1,58677,11,58678,28,58671.5,0.0
1,33800,SQUID_INK,1882,25,,,,,1885,25,,,,,1883.5,-1010.796875
1,33800,CROISSANTS,4276,117,,,,,4277,46,4278,71,,,4276.5,0.0
1,33800,JAMS,6533,219,,,,,6534,71,6535,148,,,6533.5,0.0
1,33800,DJEMBES,13411,28,13410,46,,,13412,74,,,,,13411.5,0.0
1,33800,KELP,2034,25,,,,,2037,1,2038,24,,,2035.5,-67.2421875
1,33800,RAINFOREST_RESIN,9992,31,,,,,10008,31,,,,,10000.0,23.0
1,33900,RAINFOREST_RESIN,9992,34,,,,,10008,34,,,,,10000.0,23.0
1,33900,DJEMBES,13411,61,,,,,13412,55,,,,,13411.5,0.0
1,33900,PICNIC_BASKET2,30241,19,30240,21,,,30247,40,,,,,30244.0,0.0
1,33900,PICNIC_BASKET1,58667,19,58666,21,,,58678,19,58679,21,,,58672.5,0.0
1,33900,SQUID_INK,1882,20,,,,,1886,20,,,,,1884.0,-1027.859375
1,33900,CROISSANTS,4276,95,,,,,4278,95,,,,,4277.0,0.0
1,33900,JAMS,6532,203,,,,,6534,203,,,,,6533.0,0.0
1,33900,KELP,2034,20,,,,,2038,20,,,,,2036.0,-70.7734375
1,34000,RAINFOREST_RESIN,9992,32,,,,,10008,32,,,,,10000.0,23.0
1,34000,PICNIC_BASKET2,30241,19,30240,17,,,30246,2,30247,34,,,30243.5,0.0
1,34000,PICNIC_BASKET1,58670,2,58669,17,58668,17,58679,2,58680,17,58681,17,58674.5,0.0
1,34000,SQUID_INK,1884,27,,,,,1887,27,,,,,1885.5,-1114.9453125
1,34000,CROISSANTS,4276,127,,,,,4277,39,4278,88,,,4276.5,0.0
1,34000,JAMS,6532,266,,,,,6534,266,,,,,6533.0,0.0
1,34000,DJEMBES,13411,49,,,,,13412,17,13413,32,,,13411.5,0.0
1,34000,KELP,2034,27,,,,,2038,27,,,,,2036.0,-72.7890625
1,34100,CROISSANTS,4276,128,,,,,4277,48,4278,80,,,4276.5,0.0
1,34100,JAMS,6532,231,,,,,6534,231,,,,,6533.0,0.0
1,34100,KELP,2034,29,,,,,2038,29,,,,,2036.0,-72.28125
1,34100,RAINFOREST_RESIN,9992,31,,,,,9999,1,10003,7,10008,31,9995.5,35.0
1,34100,DJEMBES,13411,59,,,,,13412,59,,,,,13411.5,0.0
1,34100,PICNIC_BASKET2,30242,40,,,,,30248,15,30249,25,,,30245.0,0.0
1,34100,PICNIC_BASKET1,58671,15,58670,25,,,58682,40,,,,,58676.5,0.0
1,34100,SQUID_INK,1884,29,,,,,1887,29,,,,,1885.5,-1109.828125
1,34200,PICNIC_BASKET2,30239,19,30238,20,,,30245,39,,,,,30242.0,0.0
1,34200,PICNIC_BASKET1,58669,1,58668,18,58667,20,58678,1,58679,18,58680,20,58673.5,0.0
1,34200,SQUID_INK,1883,22,,,,,1886,22,,,,,1884.5,-1047.5703125
1,34200,CROISSANTS,4276,114,,,,,4277,114,,,,,4276.5,0.0
1,34200,JAMS,6532,257,,,,,6534,257,,,,,6533.0,0.0
1,34200,DJEMBES,13412,62,,,,,13413,62,,,,,13412.5,0.0
1,34200,KELP,2034,22,,,,,2038,22,,,,,2036.0,-72.796875
1,34200,RAINFOREST_RESIN,9992,30,,,,,10008,30,,,,,10000.0,32.0
1,34300,RAINFOREST_RESIN,9992,29,,,,,10008,29,,,,,10000.0,32.0
1,34300,DJEMBES,13409,58,,,,,13410,58,,,,,13409.5,0.0
1,34300,PICNIC_BASKET2,30241,10,30240,21,,,30247,31,,,,,30244.0,0.0
1,34300,PICNIC_BASKET1,58667,10,58666,21,,,58678,10,58679,21,,,58672.5,0.0
1,34300,SQUID_INK,1884,30,,,,,1887,30,,,,,1885.5,-1114.515625
1,34300,CROISSANTS,4276,106,,,,,4277,36,4278,70,,,4276.5,0.0
1,34300,JAMS,6532,252,,,,,6534,252,,,,,6533.0,0.0
1,34300,KELP,2034,30,,,,,2038,30,,,,,2036.0,-66.09375
1,34400,RAINFOREST_RESIN,9992,25,,,,,9999,1,10008,25,,,9995.5,32.0
1,34400,PICNIC_BASKET2,30244,1,30243,30,,,30249,14,30250,17,,,30246.5,0.0
1,34400,PICNIC_BASKET1,58661,1,58660,30,,,58671,14,58672,17,,,58666.0,0.0
1,34400,SQUID_INK,1884,26,,,,,1887,26,,,,,1885.5,-1092.2265625
1,34400,CROISSANTS,4276,154,,,,,4277,154,,,,,4276.5,0.0
1,34400,JAMS,6532,213,,,,,6534,213,,,,,6533.0,0.0
1,34400,DJEMBES,13409,17,13408,47,,,13410,64,,,,,13409.5,0.0
1,34400,KELP,2034,26,,,,,2037,26,,,,,2035.5,-54.953125
1,34500,CROISSANTS,4276,132,,,,,4277,132,,,,,4276.5,0.0
1,34500,JAMS,6532,242,,,,,6534,242,,,,,6533.0,0.0
1,34500,KELP,2034,21,,,,,2036,4,2037,21,,,2035.0,-58.3203125
1,34500,RAINFOREST_RESIN,9992,28,,,,,10008,28,,,,,10000.0,32.0
1,34500,DJEMBES,13409,60,,,,,13410,22,13411,38,,,13409.5,0.0
1,34500,PICNIC_BASKET2,30249,8,30244,19,30243,22,30250,41,,,,,30249.5,0.0
1,34500,PICNIC_BASKET1,58669,8,58660,19,58659,22,58671,41,,,,,58670.0,0.0
1,34500,SQUID_INK,1884,21,,,,,1886,4,1887,21,,,1885.0,-1099.0625
1,34600,PICNIC_BASKET2,30250,2,30248,2,30247,48,30253,2,30254,48,,,30251.5,0.0
1,34600,PICNIC_BASKET1,58662,2,58658,20,58657,30,58668,20,58669,30,,,58665.0,0.0
1,34600,SQUID_INK,1885,2,1884,20,,,1888,22,,,,,1886.5,-1129.609375
1,34600,CROISSANTS,4276,127,,,,,4278,127,,,,,4277.0,0.0
1,34600,JAMS,6532,227,,,,,6534,217,,,,,6533.0,0.0
1,34600,DJEMBES,13408,62,,,,,13409,30,13410,32,,,13408.5,0.0
1,34600,KELP,2034,22,,,,,2037,2,2038,20,,,2035.5,-66.4453125
1,34600,RAINFOREST_RESIN,9992,31,,,,,10008,31,,,,,10000.0,32.0
1,34700,DJEMBES,13408,50,,,,,13410,50,,,,,13409.0,0.0
1,34700,SQUID_INK,1885,29,,,,,1889,29,,,,,1887.0,-1180.1171875
1,34700,JAMS,6533,11,6532,274,,,6534,274,,,,,6533.5,0.0
1,34700,CROISSANTS,4276,151,,,,,4278,151,,,,,4277.0,0.0
1,34700,PICNIC_BASKET1,58661,20,58660,18,,,58672,38,,,,,58666.5,0.0
1,34700,PICNIC_BASKET2,30249,38,,,,,30256,38,,,,,30252.5,0.0
1,34700,KELP,2034,29,,,,,2037,29,,,,,2035.5,-56.5703125
1,34700,RAINFOREST_RESIN,9992,27,,,,,9999,1,10008,27,,,9995.5,39.0
1,34800,PICNIC_BASKET1,58661,10,58660,19,,,58672,10,58673,19,,,58666.5,0.0
1,34800,PICNIC_BASKET2,30248,29,,,,,30254,10,30255,19,,,30251.0,0.0
1,34800,SQUID_INK,1888,3,1887,4,1886,27,1889,27,,,,,1888.5,-1199.0625
1,34800,RAINFOREST_RESIN,9992,29,,,,,10008,29,,,,,10000.0,78.0
1,34800,CROISSANTS,4276,142,,,,,4277,48,4278,94,,,4276.5,0.0
1,34800,JAMS,6532,294,,,,,6534,294,,,,,6533.0,0.0
1,34800,DJEMBES,13409,65,,,,,13410,19,13411,46,,,13409.5,0.0
1,34800,KELP,2036,3,2035,4,2034,27,2037,27,,,,,2036.5,-53.046875
1,34900,CROISSANTS,4276,143,,,,,4278,143,,,,,4277.0,0.0
1,34900,JAMS,6532,202,,,,,6534,202,,,,,6533.0,0.0
1,34900,PICNIC_BASKET1,58655,40,,,,,58666,14,58667,26,,,58660.5,0.0
1,34900,PICNIC_BASKET2,30250,40,,,,,30256,14,30257,26,,,30253.0,0.0
1,34900,KELP,2034,26,,,,,2037,26,,,,,2035.5,-48.5234375
1,34900,RAINFOREST_RESIN,9992,25,,,,,10008,25,,,,,10000.0,78.0
1,34900,DJEMBES,13410,75,,,,,13411,75,,,,,13410.5,0.0
1,34900,SQUID_INK,1886,26,,,,,1889,26,,,,,1887.5,-1205.8828125
1,35000,SQUID_INK,1887,24,,,,,1889,7,1890,24,,,1888.0,-1254.1171875
1,35000,RAINFOREST_RESIN,9992,34,,,,,10008,34,,,,,10000.0,78.0
1,35000,CROISSANTS,4277,137,,,,,4278,137,,,,,4277.5,0.0
1,35000,JAMS,6532,252,,,,,6534,252,,,,,6533.0,0.0
1,35000,DJEMBES,13410,15,13409,45,,,13411,60,,,,,13410.5,0.0
1,35000,KELP,2034,24,,,,,2036,7,2037,24,,,2035.0,-47.4453125
1,35000,PICNIC_BASKET1,58653,25,,,,,58664,10,58665,15,,,58658.5,0.0
1,35000,PICNIC_BASKET2,30253,10,30252,15,,,30259,25,,,,,30256.0,0.0
1,35100,DJEMBES,13410,27,13409,40,,,13411,67,,,,,13410.5,0.0
1,35100,SQUID_INK,1887,20,,,,,1890,20,,,,,1888.5,-1245.296875
1,35100,CROISSANTS,4277,104,,,,,4278,40,4279,64,,,4277.5,0.0
1,35100,JAMS,6532,243,,,,,6534,243,,,,,6533.0,0.0
1,35100,PICNIC_BASKET1,58655,16,58654,27,,,58666,16,58667,27,,,58660.5,0.0
1,35100,PICNIC_BASKET2,30254,16,30253,27,,,30260,43,,,,,30257.0,0.0
1,35100,KELP,2034,20,,,,,2037,20,,,,,2035.5,-53.53125
1,35100,RAINFOREST_RESIN,9992,35,,,,,10008,35,,,,,10000.0,78.0
1,35200,SQUID_INK,1887,20,,,,,1890,21,,,,,1888.5,-1252.3828125
1,35200,PICNIC_BASKET1,58654,1,58653,11,58652,26,58663,1,58664,11,58665,26,58658.5,0.0
1,35200,PICNIC_BASKET2,30255,38,,,,,30261,12,30262,26,,,30258.0,0.0
1,35200,RAINFOREST_RESIN,9992,29,,,,,10008,29,,,,,10000.0,78.0
1,35200,KELP,2034,20,,,,,2037,21,,,,,2035.5,-44.90625
1,35200,CROISSANTS,4277,40,4276,86,,,4278,126,,,,,4277.5,0.0
1,35200,JAMS,6532,86,6531,154,,,6533,86,6534,154,,,6532.5,0.0
1,35200,DJEMBES,13408,26,13407,33,,,13409,59,,,,,13408.5,0.0
1,35300,KELP,2034,37,,,,,2037,31,,,,,2035.5,-48.9609375
1,35300,CROISSANTS,4277,122,,,,,4278,122,,,,,4277.5,0.0
1,35300,JAMS,6532,67,6531,178,,,6533,67,6534,178,,,6532.5,0.0
1,35300,SQUID_INK,1886,37,,,,,1889,31,,,,,1887.5,-1197.8046875
1,35300,PICNIC_BASKET1,58658,21,58657,15,,,58668,21,58669,15,,,58663.0,0.0
1,35300,PICNIC_BASKET2,30254,21,30253,15,,,30260,36,,,,,30257.0,0.0
1,35300,RAINFOREST_RESIN,10001,1,9992,29,,,10008,29,,,,,10004.5,78.0
1,35300,DJEMBES,13408,58,,,,,13410,58,,,,,13409.0,0.0
1,35400,RAINFOREST_RESIN,9992,31,,,,,9999,1,10008,31,,,9995.5,76.0
1,35400,KELP,2034,25,,,,,2037,25,,,,,2035.5,-41.8203125
1,35400,CROISSANTS,4276,130,,,,,4278,130,,,,,4277.0,0.0
1,35400,JAMS,6531,212,,,,,6533,212,,,,,6532.0,0.0
1,35400,DJEMBES,13408,56,,,,,13410,56,,,,,13409.0,0.0
1,35400,SQUID_INK,1886,25,,,,,1889,25,,,,,1887.5,-1201.359375
1,35400,PICNIC_BASKET1,58656,6,58651,11,58650,24,58662,11,58663,24,,,58659.0,0.0
1,35400,PICNIC_BASKET2,30253,6,30251,11,30250,24,30257,35,,,,,30255.0,0.0
1,35500,DJEMBES,13409,17,13408,47,,,13410,64,,,,,13409.5,0.0
1,35500,KELP,2034,21,,,,,2037,21,,,,,2035.5,-43.359375
1,35500,CROISSANTS,4276,112,,,,,4277,40,4278,72,,,4276.5,0.0
1,35500,JAMS,6531,251,,,,,6533,251,,,,,6532.0,0.0
1,35500,SQUID_INK,1883,21,,,,,1886,21,,,,,1884.5,-1032.5625
1,35500,PICNIC_BASKET1,58652,1,58651,13,58650,17,58661,1,58662,13,58663,17,58656.5,0.0
1,35500,PICNIC_BASKET2,30250,14,30249,17,,,30255,1,30256,30,,,30252.5,0.0
1,35500,RAINFOREST_RESIN,9992,34,,,,,10008,34,,,,,10000.0,73.0
1,35600,SQUID_INK,1882,24,,,,,1885,20,,,,,1883.5,-993.3203125
1,35600,PICNIC_BASKET1,58646,30,,,,,58657,14,58658,16,,,58651.5,0.0
1,35600,PICNIC_BASKET2,30253,30,,,,,30259,14,30260,16,,,30256.0,0.0
1,35600,RAINFOREST_RESIN,9992,31,,,,,10008,31,,,,,10000.0,73.0
1,35600,KELP,2034,24,,,,,2037,20,,,,,2035.5,-47.4765625
1,35600,CROISSANTS,4276,124,,,,,4278,124,,,,,4277.0,0.0
1,35600,JAMS,6531,88,6530,144,,,6532,88,6533,144,,,6531.5,0.0
1,35600,DJEMBES,13408,49,,,,,13410,49,,,,,13409.0,0.0
1,35700,KELP,2034,22,,,,,2036,1,2037,22,,,2035.0,-51.6171875
1,35700,CROISSANTS,4276,135,,,,,4277,135,,,,,4276.5,0.0
1,35700,JAMS,6531,292,,,,,6533,292,,,,,6532.0,0.0
1,35700,SQUID_INK,1882,22,,,,,1884,1,1886,22,,,1883.0,-1026.0078125
1,35700,PICNIC_BASKET1,58646,17,58645,16,,,58657,17,58658,16,,,58651.5,0.0
1,35700,PICNIC_BASKET2,30254,17,30253,16,,,30260,33,,,,,30257.0,0.0
1,35700,RAINFOREST_RESIN,9992,27,,,,,10008,27,,,,,10000.0,73.0
1,35700,DJEMBES,13409,60,,,,,13410,60,,,,,13409.5,0.0
1,35800,RAINFOREST_RESIN,9992,33,,,,,10008,33,,,,,10000.0,73.0
1,35800,DJEMBES,13409,72,,,,,13410,72,,,,,13409.5,0.0
1,35800,KELP,2034,26,,,,,2037,26,,,,,2035.5,-62.90625
1,35800,CROISSANTS,4276,128,,,,,4277,47,4278,81,,,4276.5,0.0
1,35800,JAMS,6531,189,,,,,6533,192,,,,,6532.0,0.0
1,35800,SQUID_INK,1884,26,,,,,1887,26,,,,,1885.5,-1090.5625
1,35800,PICNIC_BASKET2,30254,19,30253,27,,,30260,46,,,,,30257.0,0.0
1,35800,PICNIC_BASKET1,58643,19,58642,27,,,58654,19,58655,27,,,58648.5,0.0
1,35900,DJEMBES,13409,55,,,,,13410,23,13411,32,,,13409.5,0.0
1,35900,KELP,2034,20,,,,,2036,6,2037,20,,,2035.0,-61.34375
1,35900,CROISSANTS,4276,114,,,,,4277,50,4278,64,,,4276.5,0.0
1,35900,SQUID_INK,1882,20,,,,,1884,6,1885,20,,,1883.0,-1017.921875
1,35900,PICNIC_BASKET2,30253,11,30252,23,,,30259,34,,,,,30256.0,0.0
1,35900,PICNIC_BASKET1,58644,11,58643,23,,,58655,11,58656,23,,,58649.5,0.0
1,35900,JAMS,6531,223,,,,,6533,223,,,,,6532.0,0.0
1,35900,RAINFOREST_RESIN,9992,31,,,,,10008,31,,,,,10000.0,73.0
1,36000,SQUID_INK,1881,24,,,,,1884,24,,,,,1882.5,-958.4140625
1,36000,PICNIC_BASKET2,30255,13,30254,26,,,30261,13,30262,26,,,30258.0,0.0
1,36000,PICNIC_BASKET1,58645,13,58644,26,,,58656,13,58657,26,,,58650.5,0.0
1,36000,RAINFOREST_RESIN,9992,25,,,,,10008,25,,,,,10000.0,73.0
1,36000,DJEMBES,13409,70,,,,,13410,26,13411,44,,,13409.5,0.0
1,36000,KELP,2034,24,,,,,2037,24,,,,,2035.5,-52.0859375
1,36000,CROISSANTS,4276,128,,,,,4277,52,4278,76,,,4276.5,0.0
1,36000,JAMS,6531,268,,,,,6533,271,,,,,6532.0,0.0
1,36100,KELP,2034,28,,,,,2037,28,,,,,2035.5,-53.5625
1,36100,SQUID_INK,1881,28,,,,,1884,28,,,,,1882.5,-941.0078125
1,36100,PICNIC_BASKET2,30255,16,30254,16,,,30257,5,30261,32,,,30256.0,0.0
1,36100,PICNIC_BASKET1,58645,1,58644,15,58643,16,58649,5,58654,1,58655,15,58647.0,0.0
1,36100,CROISSANTS,4276,126,,,,,4277,54,4278,72,,,4276.5,0.0
1,36100,JAMS,6531,72,6530,107,,,6532,72,6533,107,,,6531.5,0.0
1,36100,RAINFOREST_RESIN,9992,34,,,,,9999,1,10003,2,10008,34,9995.5,74.0
1,36100,DJEMBES,13409,62,,,,,13410,62,,,,,13409.5,0.0
1,36200,RAINFOREST_RESIN,10001,1,9992,25,,,10008,25,,,,,10004.5,74.0
1,36200,DJEMBES,13408,69,,,,,13409,69,,,,,13408.5,0.0
1,36200,KELP,2034,30,,,,,2036,2,2037,30,,,2035.0,-55.6640625
1,36200,CROISSANTS,4276,131,,,,,4278,131,,,,,4277.0,0.0
1,36200,JAMS,6531,79,6530,130,,,6532,79,6533,130,,,6531.5,0.0
1,36200,SQUID_INK,1882,30,,,,,1884,2,1885,30,,,1883.0,-1011.4921875
1,36200,PICNIC_BASKET2,30256,1,30255,37,,,30261,18,30262,20,,,30258.5,0.0
1,36200,PICNIC_BASKET1,58645,1,58644,37,,,58655,18,58656,20,,,58650.0,0.0
1,36300,DJEMBES,13409,68,,,,,13411,68,,,,,13410.0,0.0
1,36300,SQUID_INK,1885,21,,,,,1888,21,,,,,1886.5,-1133.9296875
1,36300,KELP,2034,21,,,,,2037,21,,,,,2035.5,-63.2890625
1,36300,PICNIC_BASKET2,30255,1,30254,39,,,30257,2,30260,12,30261,28,30256.0,0.0
1,36300,PICNIC_BASKET1,58640,1,58639,39,,,58644,2,58650,12,58651,28,58642.0,0.0
1,36300,CROISSANTS,4276,107,,,,,4277,51,4278,56,,,4276.5,0.0
1,36300,JAMS,6530,254,,,,,6532,254,,,,,6531.0,0.0
1,36300,RAINFOREST_RESIN,9992,32,,,,,10008,32,,,,,10000.0,74.0
1,36400,SQUID_INK,1885,26,,,,,1887,6,1888,26,,,1886.0,-1143.4296875
1,36400,PICNIC_BASKET2,30256,2,30254,1,30253,28,30259,1,30260,28,,,30257.5,0.0
1,36400,PICNIC_BASKET1,58642,2,58638,14,58637,15,58648,14,58649,15,,,58645.0,0.0
1,36400,RAINFOREST_RESIN,9992,29,,,,,10008,29,,,,,10000.0,74.0
1,36400,DJEMBES,13410,15,13409,44,,,13411,59,,,,,13410.5,0.0
1,36400,KELP,2034,26,,,,,2036,6,2037,26,,,2035.0,-57.2109375
1,36400,CROISSANTS,4276,108,,,,,4277,47,4278,61,,,4276.5,0.0
1,36400,JAMS,6530,203,,,,,6532,194,,,,,6531.0,0.0
1,36500,SQUID_INK,1886,22,,,,,1888,4,1889,22,,,1887.0,-1188.2890625
1,36500,KELP,2034,22,,,,,2036,4,2037,22,,,2035.0,-60.78125
1,36500,PICNIC_BASKET2,30255,1,30254,48,,,30260,1,30261,48,,,30257.5,0.0
1,36500,PICNIC_BASKET1,58638,1,58637,20,58636,28,58647,1,58648,20,58649,28,58642.5,0.0
1,36500,CROISSANTS,4276,152,,,,,4277,49,4278,97,,,4276.5,0.0
1,36500,JAMS,6530,206,,,,,6532,206,,,,,6531.0,0.0
1,36500,RAINFOREST_RESIN,9992,33,,,,,10003,2,10008,33,,,9997.5,74.0
1,36500,DJEMBES,13409,65,,,,,13410,65,,,,,13409.5,0.0
1,36600,RAINFOREST_RESIN,9992,29,,,,,10008,29,,,,,10000.0,74.0
1,36600,DJEMBES,13409,53,,,,,13410,53,,,,,13409.5,0.0
1,36600,KELP,2034,30,,,,,2037,24,,,,,2035.5,-50.71875
1,36600,CROISSANTS,4276,136,,,,,4277,55,4278,81,,,4276.5,0.0
1,36600,JAMS,6530,247,,,,,6532,247,,,,,6531.0,0.0
1,36600,SQUID_INK,1887,30,,,,,1890,24,,,,,1888.5,-1235.53125
1,36600,PICNIC_BASKET2,30254,18,30253,23,,,30259,1,30260,40,,,30256.5,0.0
1,36600,PICNIC_BASKET1,58643,1,58642,17,58641,23,58652,1,58653,17,58654,23,58647.5,0.0
1,36700,DJEMBES,13408,70,,,,,13410,70,,,,,13409.0,0.0
1,36700,SQUID_INK,1888,27,,,,,1891,27,,,,,1889.5,-1283.9375
1,36700,KELP,2034,27,,,,,2037,27,,,,,2035.5,-48.2421875
1,36700,PICNIC_BASKET2,30252,13,30251,27,,,30258,40,,,,,30255.0,0.0
1,36700,PICNIC_BASKET1,58638,13,58637,27,,,58649,13,58650,27,,,58643.5,0.0
1,36700,CROISSANTS,4276,136,,,,,4277,65,4278,71,,,4276.5,0.0
1,36700,JAMS,6530,184,,,,,6531,71,6532,102,,,6530.5,0.0
1,36700,RAINFOREST_RESIN,10001,1,9992,26,,,10008,26,,,,,10004.5,74.0
1,36800,SQUID_INK,1886,23,,,,,1889,23,,,,,1887.5,-1218.203125
1,36800,PICNIC_BASKET2,30255,14,30254,26,,,30260,2,30261,38,,,30257.5,0.0
1,36800,PICNIC_BASKET1,58639,14,58638,26,,,58649,2,58650,38,,,58644.0,0.0
1,36800,RAINFOREST_RESIN,9992,34,,,,,10008,34,,,,,10000.0,72.0
1,36800,DJEMBES,13406,61,,,,,13408,61,,,,,13407.0,0.0
1,36800,KELP,2034,23,,,,,2037,23,,,,,2035.5,-48.75
1,36800,CROISSANTS,4276,144,,,,,4278,144,,,,,4277.0,0.0
1,36800,JAMS,6530,240,,,,,6532,240,,,,,6531.0,0.0
1,36900,SQUID_INK,1887,24,,,,,1889,5,1890,25,,,1888.0,-1259.90625
1,36900,PICNIC_BASKET1,58637,2,58636,17,58635,19,58646,2,58647,17,58648,19,58641.5,0.0
1,36900,PICNIC_BASKET2,30255,2,30254,36,,,30260,19,30261,19,,,30257.5,0.0
1,36900,KELP,2034,24,,,,,2036,5,2037,25,,,2035.0,-46.2109375
1,36900,JAMS,6530,53,6529,169,,,6531,53,6532,169,,,6530.5,0.0
1,36900,CROISSANTS,4277,57,4276,53,,,4278,110,,,,,4277.5,0.0
1,36900,RAINFOREST_RESIN,9997,4,9992,35,,,10008,35,,,,,10002.5,72.0
1,36900,DJEMBES,13406,63,,,,,13408,63,,,,,13407.0,0.0
1,37000,RAINFOREST_RESIN,9997,7,9992,32,,,10008,32,,,,,10002.5,72.0
1,37000,DJEMBES,13403,20,13402,33,,,13404,53,,,,,13403.5,0.0
1,37000,KELP,2034,32,,,,,2037,28,,,,,2035.5,-42.109375
1,37000,JAMS,6530,246,,,,,6532,246,,,,,6531.0,0.0
1,37000,CROISSANTS,4277,54,4276,89,,,4278,143,,,,,4277.5,0.0
1,37000,SQUID_INK,1888,4,1887,28,,,1890,28,,,,,1889.0,-1265.0625
1,37000,PICNIC_BASKET1,58635,19,58634,20,,,58645,19,58646,20,,,58640.0,0.0
1,37000,PICNIC_BASKET2,30253,39,,,,,30259,19,30260,20,,,30256.0,0.0
1,37100,DJEMBES,13399,66,,,,,13400,66,,,,,13399.5,0.0
1,37100,SQUID_INK,1888,25,,,,,1891,25,,,,,1889.5,-1290.734375
1,37100,PICNIC_BASKET1,58628,2,58627,14,58626,16,58637,2,58638,14,58639,16,58632.5,0.0
1,37100,PICNIC_BASKET2,30251,16,30250,16,,,30257,16,30258,16,,,30254.0,0.0
1,37100,KELP,2034,2,2033,23,,,2037,25,,,,,2035.5,-33.484375
1,37100,CROISSANTS,4276,128,,,,,4277,128,,,,,4276.5,0.0
1,37100,JAMS,6530,68,6529,183,,,6531,68,6532,183,,,6530.5,0.0
1,37100,RAINFOREST_RESIN,9992,34,,,,,10008,34,,,,,10000.0,72.0
1,37200,SQUID_INK,1887,30,,,,,1890,24,,,,,1888.5,-1253.125
1,37200,PICNIC_BASKET1,58630,12,58629,30,,,58641,12,58642,30,,,58635.5,0.0
1,37200,PICNIC_BASKET2,30255,42,,,,,30261,12,30262,30,,,30258.0,0.0
1,37200,RAINFOREST_RESIN,9992,34,,,,,10008,34,,,,,10000.0,72.0
1,37200,DJEMBES,13400,76,,,,,13401,76,,,,,13400.5,0.0
1,37200,KELP,2034,6,2033,24,,,2037,24,,,,,2035.5,-36.0546875
1,37200,CROISSANTS,4276,122,,,,,4277,52,4278,70,,,4276.5,0.0
1,37200,JAMS,6530,218,,,,,6532,218,,,,,6531.0,0.0
1,37300,SQUID_INK,1887,2,1886,29,,,1888,6,1889,29,,,1887.5,-1192.890625
1,37300,PICNIC_BASKET1,58631,14,58630,22,,,58642,14,58643,22,,,58636.5,0.0
1,37300,PICNIC_BASKET2,30255,36,,,,,30261,14,30262,22,,,30258.0,0.0
1,37300,KELP,2034,2,2033,29,,,2035,6,2037,29,,,2034.5,-25.90625
1,37300,CROISSANTS,4276,124,,,,,4277,124,,,,,4276.5,0.0
1,37300,JAMS,6530,72,6529,161,,,6531,81,6532,161,,,6530.5,0.0
1,37300,RAINFOREST_RESIN,9992,25,,,,,10008,25,,,,,10000.0,72.0
1,37300,DJEMBES,13401,22,13400,40,,,13402,62,,,,,13401.5,0.0
1,37400,RAINFOREST_RESIN,9992,30,,,,,10008,30,,,,,10000.0,80.0
1,37400,DJEMBES,13400,19,13399,39,,,13401,58,,,,,13400.5,0.0
1,37400,KELP,2033,22,,,,,2037,22,,,,,2035.0,-28.25
1,37400,CROISSANTS,4276,120,,,,,4277,127,,,,,4276.5,0.0
1,37400,JAMS,6530,74,6529,192,,,6531,74,6532,192,,,6530.5,0.0
1,37400,PICNIC_BASKET1,58636,2,58635,12,58634,19,58645,2,58646,12,58647,19,58640.5,0.0
1,37400,PICNIC_BASKET2,30256,2,30255,31,,,30261,14,30262,19,,,30258.5,0.0
1,37400,SQUID_INK,1885,22,,,,,1889,22,,,,,1887.0,-1174.828125
1,37500,DJEMBES,13399,79,,,,,13400,30,13401,49,,,13399.5,0.0
1,37500,KELP,2034,4,2033,24,,,2037,24,,,,,2035.5,-30.09375
1,37500,PICNIC_BASKET1,58643,19,58642,30,,,58653,19,58654,30,,,58648.0,0.0
1,37500,PICNIC_BASKET2,30260,2,30259,47,,,30265,19,30266,30,,,30262.5,0.0
1,37500,CROISSANTS,4276,120,,,,,4277,41,4278,79,,,4276.5,0.0
1,37500,JAMS,6530,278,,,,,6532,278,,,,,6531.0,0.0
1,37500,SQUID_INK,1888,4,1887,24,,,1890,2,1891,22,,,1889.0,-1269.3515625
1,37500,RAINFOREST_RESIN,9997,8,9992,33,,,10008,33,,,,,10002.5,80.0
1,37600,KELP,2033,25,,,,,2037,25,,,,,2035.0,-29.0625
1,37600,PICNIC_BASKET1,58647,20,58646,27,,,58657,20,58658,27,,,58652.0,0.0
1,37600,PICNIC_BASKET2,30262,1,30261,46,,,30267,1,30268,46,,,30264.5,0.0
1,37600,SQUID_INK,1887,25,,,,,1890,1,1891,24,,,1888.5,-1270.765625
1,37600,RAINFOREST_RESIN,9992,33,,,,,10008,33,,,,,10000.0,80.0
1,37600,DJEMBES,13398,64,,,,,13400,64,,,,,13399.0,0.0
1,37600,CROISSANTS,4276,121,,,,,4278,121,,,,,4277.0,0.0
1,37600,JAMS,6530,74,6529,193,,,6531,74,6532,193,,,6530.5,0.0
1,37700,PICNIC_BASKET1,58642,1,58641,13,58640,27,58651,1,58652,13,58653,27,58646.5,0.0
1,37700,PICNIC_BASKET2,30261,41,,,,,30267,14,30268,27,,,30264.0,0.0
1,37700,CROISSANTS,4276,100,,,,,4277,38,4278,62,,,4276.5,0.0
1,37700,JAMS,6529,225,,,,,6531,225,,,,,6530.0,0.0
1,37700,SQUID_INK,1887,1,1885,22,,,1888,22,,,,,1887.5,-1145.453125
1,37700,RAINFOREST_RESIN,10001,1,9992,35,,,10008,35,,,,,10004.5,80.0
1,37700,DJEMBES,13398,73,,,,,13399,27,13400,46,,,13398.5,0.0
1,37700,KELP,2036,1,2033,22,,,2037,22,,,,,2036.5,-32.125
1,37800,RAINFOREST_RESIN,9992,26,,,,,9998,5,10008,26,,,9995.0,105.0
1,37800,DJEMBES,13395,76,,,,,13397,76,,,,,13396.0,0.0
1,37800,CROISSANTS,4276,110,,,,,4277,53,4278,57,,,4276.5,0.0
1,37800,JAMS,6529,53,6528,141,,,6530,57,6531,141,,,6529.5,0.0
1,37800,KELP,2034,26,,,,,2037,26,,,,,2035.5,-41.9609375
1,37800,PICNIC_BASKET1,58638,1,58637,16,58636,28,58647,1,58648,16,58649,28,58642.5,0.0
1,37800,PICNIC_BASKET2,30259,17,30258,28,,,30265,45,,,,,30262.0,0.0
1,37800,SQUID_INK,1884,26,,,,,1888,26,,,,,1886.0,-1123.3046875
1,37900,DJEMBES,13394,66,,,,,13395,66,,,,,13394.5,0.0
1,37900,KELP,2033,27,,,,,2034,2,2037,29,,,2033.5,-34.2890625
1,37900,PICNIC_BASKET1,58644,2,58643,20,58642,16,58653,2,58654,20,58655,16,58648.5,0.0
1,37900,PICNIC_BASKET2,30260,2,30259,36,,,30265,22,30266,16,,,30262.5,0.0
1,37900,CROISSANTS,4276,148,,,,,4277,62,4278,86,,,4276.5,0.0
1,37900,JAMS,6529,196,,,,,6531,196,,,,,6530.0,0.0
1,37900,SQUID_INK,1883,25,,,,,1886,29,,,,,1884.5,-1043.03125
1,37900,RAINFOREST_RESIN,9992,28,,,,,10008,28,,,,,10000.0,105.0
1,38000,JAMS,6529,210,,,,,6531,210,,,,,6530.0,0.0
1,38000,KELP,2034,25,,,,,2036,2,2037,25,,,2035.0,-40.484375
1,38000,PICNIC_BASKET2,30263,15,30262,15,,,30269,15,30270,15,,,30266.0,0.0
1,38000,PICNIC_BASKET1,58648,15,58647,15,,,58658,1,58659,29,,,58653.0,0.0
1,38000,SQUID_INK,1883,25,,,,,1885,2,1886,25,,,1884.0,-1060.9765625
1,38000,RAINFOREST_RESIN,9992,28,,,,,10008,28,,,,,10000.0,109.0
1,38000,DJEMBES,13394,56,,,,,13395,15,13396,41,,,13394.5,0.0
1,38000,CROISSANTS,4276,114,,,,,4278,114,,,,,4277.0,0.0
1,38100,PICNIC_BASKET2,30261,43,,,,,30267,20,30268,23,,,30264.0,0.0
1,38100,PICNIC_BASKET1,58647,20,58646,23,,,58658,43,,,,,58652.5,0.0
1,38100,CROISSANTS,4276,105,,,,,4277,54,4278,51,,,4276.5,0.0
1,38100,SQUID_INK,1882,27,,,,,1886,27,,,,,1884.0,-1025.359375
1,38100,RAINFOREST_RESIN,9992,28,,,,,9999,1,10008,28,,,9995.5,109.0
1,38100,JAMS,6529,156,,,,,6531,156,,,,,6530.0,0.0
1,38100,DJEMBES,13395,60,,,,,13396,23,13397,37,,,13395.5,0.0
1,38100,KELP,2034,27,,,,,2037,27,,,,,2035.5,-43.53125
1,38200,RAINFOREST_RESIN,9992,31,,,,,10008,31,,,,,10000.0,106.0
1,38200,DJEMBES,13396,22,13395,41,,,13397,63,,,,,13396.5,0.0
1,38200,CROISSANTS,4276,117,,,,,4277,56,4278,61,,,4276.5,0.0
1,38200,JAMS,6529,218,,,,,6531,218,,,,,6530.0,0.0
1,38200,KELP,2034,36,,,,,2037,30,,,,,2035.5,-41.4921875
1,38200,PICNIC_BASKET2,30265,17,30264,22,,,30271,39,,,,,30268.0,0.0
1,38200,PICNIC_BASKET1,58646,1,58645,16,58644,22,58655,1,58656,16,58657,22,58650.5,0.0
1,38200,SQUID_INK,1884,36,,,,,1887,30,,,,,1885.5,-1105.578125
1,38300,CROISSANTS,4276,95,,,,,4277,41,4278,54,,,4276.5,0.0
1,38300,JAMS,6530,54,6529,144,,,6531,54,6532,144,,,6530.5,0.0
1,38300,DJEMBES,13394,62,,,,,13396,62,,,,,13395.0,0.0
1,38300,KELP,2034,25,,,,,2037,25,,,,,2035.5,-41.4921875
1,38300,PICNIC_BASKET2,30264,18,30263,30,,,30270,48,,,,,30267.0,0.0
1,38300,PICNIC_BASKET1,58640,18,58639,30,,,58651,18,58652,30,,,58645.5,0.0
1,38300,SQUID_INK,1883,25,,,,,1886,25,,,,,1884.5,-1058.5703125
1,38300,RAINFOREST_RESIN,9992,30,,,,,10008,30,,,,,10000.0,106.0
1,38400,CROISSANTS,4276,117,,,,,4277,55,4278,62,,,4276.5,0.0
1,38400,JAMS,6530,197,,,,,6531,62,6532,135,,,6530.5,0.0
1,38400,KELP,2033,27,,,,,2037,27,,,,,2035.0,-31.2265625
1,38400,PICNIC_BASKET2,30264,16,30263,15,,,30269,2,30270,29,,,30266.5,0.0
1,38400,PICNIC_BASKET1,58646,2,58645,14,58644,15,58655,2,58656,14,58657,15,58650.5,0.0
1,38400,SQUID_INK,1882,27,,,,,1885,27,,,,,1883.5,-1004.203125
1,38400,RAINFOREST_RESIN,9992,26,,,,,9998,5,10008,26,,,9995.0,106.0
1,38400,DJEMBES,13396,47,,,,,13397,47,,,,,13396.5,0.0
1,38500,PICNIC_BASKET2,30259,16,30258,28,,,30265,44,,,,,30262.0,0.0
1,38500,PICNIC_BASKET1,58638,16,58637,28,,,58649,16,58650,28,,,58643.5,0.0
1,38500,SQUID_INK,1883,6,1882,22,,,1885,22,,,,,1884.0,-1009.02734375
1,38500,RAINFOREST_RESIN,9992,31,,,,,10008,31,,,,,10000.0,106.0
1,38500,CROISSANTS,4275,128,,,,,4276,128,,,,,4275.5,0.0
1,38500,JAMS,6530,290,,,,,6532,290,,,,,6531.0,0.0
1,38500,DJEMBES,13396,28,13395,34,,,13397,62,,,,,13396.5,0.0
1,38500,KELP,2035,6,2033,22,,,2037,22,,,,,2036.0,-31.2265625
1,38600,RAINFOREST_RESIN,9992,35,,,,,10008,35,,,,,10000.0,106.0
1,38600,DJEMBES,13394,69,,,,,13395,19,13396,50,,,13394.5,0.0
1,38600,CROISSANTS,4275,102,,,,,4276,102,,,,,4275.5,0.0
1,38600,JAMS,6530,203,,,,,6532,203,,,,,6531.0,0.0
1,38600,KELP,2033,31,,,,,2037,31,,,,,2035.0,-32.234375
1,38600,PICNIC_BASKET2,30263,2,30260,33,,,30266,14,30267,19,,,30264.5,0.0
1,38600,PICNIC_BASKET1,58641,2,58637,2,58636,12,58646,2,58647,12,58648,19,58643.5,0.0
1,38600,SQUID_INK,1883,31,,,,,1886,31,,,,,1884.5,-1032.7734375
1,38700,CROISSANTS,4275,87,,,,,4276,36,4277,51,,,4275.5,0.0
1,38700,JAMS,6530,51,6529,186,,,6531,51,6532,186,,,6530.5,0.0
1,38700,DJEMBES,13393,65,,,,,13395,65,,,,,13394.0,0.0
1,38700,KELP,2034,1,2033,26,,,2037,27,,,,,2035.5,-34.2421875
1,38700,PICNIC_BASKET2,30263,1,30262,32,,,30268,16,30269,17,,,30265.5,0.0
1,38700,PICNIC_BASKET1,58635,1,58634,15,58633,17,58644,1,58645,15,58646,17,58639.5,0.0
1,38700,SQUID_INK,1884,27,,,,,1887,1,1888,26,,,1885.5,-1082.07421875
1,38700,RAINFOREST_RESIN,9992,27,,,,,10003,7,10008,27,,,9997.5,106.0
1,38800,CROISSANTS,4275,119,,,,,4276,55,4277,64,,,4275.5,0.0
1,38800,JAMS,6530,172,,,,,6532,172,,,,,6531.0,0.0
1,38800,KELP,2033,21,,,,,2037,21,,,,,2035.0,-30.8671875
1,38800,PICNIC_BASKET2,30258,19,30257,22,,,30264,41,,,,,30261.0,0.0
1,38800,PICNIC_BASKET1,58635,41,,,,,58646,19,58647,22,,,58640.5,0.0
1,38800,SQUID_INK,1884,21,,,,,1887,21,,,,,1885.5,-1067.65625
1,38800,RAINFOREST_RESIN,9992,25,,,,,10008,25,,,,,10000.0,106.0
1,38800,DJEMBES,13393,60,,,,,13394,60,,,,,13393.5,0.0
1,38900,PICNIC_BASKET2,30258,2,30257,31,,,30260,1,30263,2,30264,31,30259.0,0.0
1,38900,PICNIC_BASKET1,58634,2,58633,16,58632,15,58638,1,58643,2,58644,16,58636.0,0.0
1,38900,SQUID_INK,1886,23,,,,,1887,4,1889,23,,,1886.5,-1122.265625
1,38900,RAINFOREST_RESIN,9992,33,,,,,10008,33,,,,,10000.0,110.0
1,38900,CROISSANTS,4275,95,,,,,4276,95,,,,,4275.5,0.0
1,38900,JAMS,6530,56,6529,194,,,6531,56,6532,194,,,6530.5,0.0
1,38900,DJEMBES,13392,62,,,,,13394,62,,,,,13393.0,0.0
1,38900,KELP,2033,23,,,,,2035,4,2037,23,,,2034.0,-31.8671875
1,39000,RAINFOREST_RESIN,9992,31,,,,,10008,31,,,,,10000.0,110.0
1,39000,DJEMBES,13390,69,,,,,13391,26,13392,43,,,13390.5,0.0
1,39000,CROISSANTS,4274,128,,,,,4275,128,,,,,4274.5,0.0
1,39000,JAMS,6530,8,6529,248,,,6531,248,,,,,6530.5,0.0
1,39000,KELP,2033,29,,,,,2037,29,,,,,2035.0,-25.7109375
1,39000,PICNIC_BASKET2,30257,10,30256,26,,,30263,36,,,,,30260.0,0.0
1,39000,PICNIC_BASKET1,58626,10,58625,26,,,58637,10,58638,26,,,58631.5,0.0
1,39000,SQUID_INK,1887,29,,,,,1890,29,,,,,1888.5,-1169.546875
1,39100,JAMS,6529,213,,,,,6531,213,,,,,6530.0,0.0
1,39100,CROISSANTS,4274,130,,,,,4276,130,,,,,4275.0,0.0
1,39100,DJEMBES,13391,25,13390,32,,,13392,57,,,,,13391.5,0.0
1,39100,KELP,2033,23,,,,,2035,4,2037,23,,,2034.0,-29.8046875
1,39100,PICNIC_BASKET2,30257,12,30256,25,,,30262,2,30263,35,,,30259.5,0.0
1,39100,PICNIC_BASKET1,58628,2,58627,10,58626,25,58637,2,58638,10,58639,25,58632.5,0.0
1,39100,SQUID_INK,1887,23,,,,,1889,4,1890,23,,,1888.0,-1173.828125
1,39100,RAINFOREST_RESIN,9992,29,,,,,10003,5,10008,29,,,9997.5,110.0
1,39200,JAMS,6529,262,,,,,6531,262,,,,,6530.0,0.0
1,39200,CROISSANTS,4274,134,,,,,4276,134,,,,,4275.0,0.0
1,39200,PICNIC_BASKET1,58630,2,58629,14,58628,29,58639,2,58640,14,58641,29,58634.5,0.0
1,39200,PICNIC_BASKET2,30258,2,30257,43,,,30263,16,30264,29,,,30260.5,0.0
1,39200,KELP,2033,23,,,,,2037,23,,,,,2035.0,-28.9296875
1,39200,SQUID_INK,1887,23,,,,,1890,23,,,,,1888.5,-1164.69140625
1,39200,DJEMBES,13389,61,,,,,13391,61,,,,,13390.0,0.0
1,39200,RAINFOREST_RESIN,9992,26,,,,,10008,26,,,,,10000.0,110.0
1,39300,SQUID_INK,1888,2,1887,23,,,1890,2,1891,21,,,1889.0,-1178.859375
1,39300,RAINFOREST_RESIN,10001,1,9992,25,,,10008,25,,,,,10004.5,118.0
1,39300,PICNIC_BASKET1,58629,19,58628,29,,,58634,5,58639,2,58640,46,58631.5,0.0
1,39300,PICNIC_BASKET2,30257,19,30256,29,,,30259,5,30263,48,,,30258.0,0.0
1,39300,CROISSANTS,4274,130,,,,,4276,130,,,,,4275.0,0.0
1,39300,JAMS,6529,281,,,,,6531,281,,,,,6530.0,0.0
1,39300,DJEMBES,13389,77,,,,,13391,77,,,,,13390.0,0.0
1,39300,KELP,2034,25,,,,,2037,23,,,,,2035.5,-40.609375
1,39400,DJEMBES,13388,22,13387,31,,,13389,53,,,,,13388.5,0.0
1,39400,RAINFOREST_RESIN,9992,25,,,,,10008,25,,,,,10000.0,118.0
1,39400,CROISSANTS,4274,102,,,,,4276,102,,,,,4275.0,0.0
1,39400,JAMS,6531,216,,,,,6533,216,,,,,6532.0,0.0
1,39400,PICNIC_BASKET1,58634,2,58633,38,,,58643,2,58644,16,58645,22,58638.5,0.0
1,39400,PICNIC_BASKET2,30260,18,30259,22,,,30265,2,30266,38,,,30262.5,0.0
1,39400,KELP,2034,27,,,,,2037,27,,,,,2035.5,-38.578125
1,39400,SQUID_INK,1888,27,,,,,1891,27,,,,,1889.5,-1203.37890625
1,39500,CROISSANTS,4275,135,,,,,4276,35,4277,100,,,4275.5,0.0
1,39500,JAMS,6531,267,,,,,6533,267,,,,,6532.0,0.0
1,39500,DJEMBES,13384,29,13383,45,,,13385,74,,,,,13384.5,0.0
1,39500,KELP,2036,1,2034,25,,,2037,25,,,,,2036.5,-40.1015625
1,39500,SQUID_INK,1890,1,1888,25,,,1891,25,,,,,1890.5,-1190.16015625
1,39500,RAINFOREST_RESIN,9997,3,9992,32,,,10008,32,,,,,10002.5,118.0
1,39500,PICNIC_BASKET1,58632,2,58631,13,58630,29,58641,2,58642,13,58643,29,58636.5,0.0
1,39500,PICNIC_BASKET2,30262,15,30261,29,,,30267,2,30268,42,,,30264.5,0.0
1,39600,CROISSANTS,4275,140,,,,,4277,140,,,,,4276.0,0.0
1,39600,JAMS,6531,207,,,,,6533,207,,,,,6532.0,0.0
1,39600,SQUID_INK,1888,28,,,,,1891,28,,,,,1889.5,-1195.3046875
1,39600,PICNIC_BASKET1,58633,14,58632,28,,,58644,42,,,,,58638.5,0.0
1,39600,PICNIC_BASKET2,30265,14,30264,28,,,30271,42,,,,,30268.0,0.0
1,39600,KELP,2034,28,,,,,2037,28,,,,,2035.5,-40.65625
1,39600,DJEMBES,13385,28,13384,30,,,13386,58,,,,,13385.5,0.0
1,39600,RAINFOREST_RESIN,9992,34,,,,,10008,34,,,,,10000.0,118.0
1,39700,RAINFOREST_RESIN,9992,27,,,,,10008,27,,,,,10000.0,118.0
1,39700,SQUID_INK,1889,21,,,,,1892,21,,,,,1890.5,-1238.40625
1,39700,PICNIC_BASKET1,58637,1,58636,12,58635,16,58646,1,58647,12,58648,16,58641.5,0.0
1,39700,PICNIC_BASKET2,30265,13,30264,16,,,30271,29,,,,,30268.0,0.0
1,39700,KELP,2034,1,2033,20,,,2037,21,,,,,2035.5,-33.515625
1,39700,CROISSANTS,4276,45,4275,70,,,4277,115,,,,,4276.5,0.0
1,39700,JAMS,6531,196,,,,,6533,196,,,,,6532.0,0.0
1,39700,DJEMBES,13385,57,,,,,13386,52,,,,,13385.5,0.0
1,39800,DJEMBES,13384,66,,,,,13385,66,,,,,13384.5,0.0
1,39800,RAINFOREST_RESIN,9992,30,,,,,10008,30,,,,,10000.0,118.0
1,39800,KELP,2034,2,2033,26,,,2035,1,2037,28,,,2034.5,-36.0546875
1,39800,CROISSANTS,4275,103,,,,,4276,103,,,,,4275.5,0.0
1,39800,JAMS,6531,218,,,,,6533,218,,,,,6532.0,0.0
1,39800,SQUID_INK,1889,28,,,,,1891,1,1892,28,,,1890.0,-1229.90625
1,39800,PICNIC_BASKET1,58630,18,58629,30,,,58640,2,58641,46,,,58635.0,0.0
1,39800,PICNIC_BASKET2,30265,18,30264,30,,,30270,2,30271,46,,,30267.5,0.0
1,39900,KELP,2034,31,,,,,2037,25,,,,,2035.5,-40.671875
1,39900,CROISSANTS,4276,48,4275,88,,,4277,136,,,,,4276.5,0.0
1,39900,JAMS,6531,88,6530,167,,,6532,88,6533,167,,,6531.5,0.0
1,39900,DJEMBES,13384,56,,,,,13385,56,,,,,13384.5,0.0
1,39900,RAINFOREST_RESIN,9992,32,,,,,10008,32,,,,,10000.0,118.0
1,39900,SQUID_INK,1889,6,1888,25,,,1892,25,,,,,1890.5,-1213.0078125
1,39900,PICNIC_BASKET1,58639,1,58638,14,58637,18,58648,1,58649,14,58650,18,58643.5,0.0
1,39900,PICNIC_BASKET2,30269,1,30268,32,,,30274,15,30275,18,,,30271.5,0.0
1,40000,KELP,2034,32,,,,,2037,30,,,,,2035.5,-38.515625
1,40000,CROISSANTS,4276,133,,,,,4277,133,,,,,4276.5,0.0
1,40000,JAMS,6531,82,6530,173,,,6532,82,6533,173,,,6531.5,0.0
1,40000,SQUID_INK,1889,3,1888,29,,,1892,30,,,,,1890.5,-1216.328125
1,40000,PICNIC_BASKET1,58637,1,58636,13,58635,16,58646,1,58647,13,58648,16,58641.5,0.0
1,40000,PICNIC_BASKET2,30271,14,30270,16,,,30276,1,30277,29,,,30273.5,0.0
1,40000,DJEMBES,13383,63,,,,,13384,63,,,,,13383.5,0.0
1,40000,RAINFOREST_RESIN,9992,28,,,,,10008,28,,,,,10000.0,126.0
1,40100,RAINFOREST_RESIN,9992,28,,,,,10008,28,,,,,10000.0,126.0
1,40100,SQUID_INK,1889,32,,,,,1892,32,,,,,1890.5,-1226.2265625
1,40100,PICNIC_BASKET1,58632,2,58631,19,58630,29,58641,2,58642,19,58643,29,58636.5,0.0
1,40100,PICNIC_BASKET2,30274,2,30273,48,,,30279,2,30280,48,,,30276.5,0.0
1,40100,KELP,2033,32,,,,,2037,32,,,,,2035.0,-29.921875
1,40100,CROISSANTS,4276,136,,,,,4277,132,,,,,4276.5,0.0
1,40100,JAMS,6531,198,,,,,6533,192,,,,,6532.0,0.0
1,40100,DJEMBES,13382,68,,,,,13383,68,,,,,13382.5,0.0
1,40200,DJEMBES,13383,59,,,,,13384,21,13385,38,,,13383.5,0.0
1,40200,RAINFOREST_RESIN,9992,26,,,,,10008,26,,,,,10000.0,133.0
1,40200,KELP,2034,2,2033,20,,,2035,6,2037,22,,,2034.5,-34.9765625
1,40200,CROISSANTS,4276,150,,,,,4277,54,4278,96,,,4276.5,0.0
1,40200,SQUID_INK,1888,22,,,,,1890,6,1891,22,,,1889.0,-1194.4375
1,40200,PICNIC_BASKET1,58635,2,58634,12,58633,21,58644,2,58645,12,58646,21,58639.5,0.0
1,40200,PICNIC_BASKET2,30275,2,30274,33,,,30280,14,30281,21,,,30277.5,0.0
1,40200,JAMS,6531,258,,,,,6533,258,,,,,6532.0,0.0
1,40300,DJEMBES,13384,16,13383,47,,,13385,63,,,,,13384.5,0.0
1,40300,KELP,2033,30,,,,,2034,2,2035,5,2037,30,2033.5,-38.015625
1,40300,CROISSANTS,4276,105,,,,,4277,105,,,,,4276.5,0.0
1,40300,JAMS,6531,160,,,,,6533,160,,,,,6532.0,0.0
1,40300,RAINFOREST_RESIN,9992,35,,,,,10008,35,,,,,10000.0,133.0
1,40300,SQUID_INK,1888,30,,,,,1889,7,1892,30,,,1888.5,-1210.55859375
1,40300,PICNIC_BASKET2,30273,10,30272,16,,,30279,26,,,,,30276.0,0.0
1,40300,PICNIC_BASKET1,58631,10,58630,16,,,58642,10,58643,16,,,58636.5,0.0
1,40400,KELP,2033,22,,,,,2034,8,2035,8,2037,22,2033.5,-29.390625
1,40400,SQUID_INK,1887,22,,,,,1888,8,1889,8,1891,22,1887.5,-1182.70703125
1,40400,PICNIC_BASKET2,30272,34,,,,,30278,19,30279,15,,,30275.0,0.0
1,40400,PICNIC_BASKET1,58638,19,58637,15,,,58649,19,58650,15,,,58643.5,0.0
1,40400,CROISSANTS,4276,163,,,,,4277,163,,,,,4276.5,0.0
1,40400,JAMS,6531,92,6530,119,,,6532,99,6533,119,,,6531.5,0.0
1,40400,DJEMBES,13387,57,,,,,13388,15,13389,42,,,13387.5,0.0
1,40400,RAINFOREST_RESIN,9992,28,,,,,10008,28,,,,,10000.0,133.0
1,40500,RAINFOREST_RESIN,9992,31,,,,,10008,31,,,,,10000.0,133.0
1,40500,SQUID_INK,1889,1,1888,20,,,1892,21,,,,,1890.5,-1217.125
1,40500,PICNIC_BASKET2,30273,13,30272,16,,,30278,1,30279,28,,,30275.5,0.0
1,40500,PICNIC_BASKET1,58644,1,58643,12,58642,16,58653,1,58654,12,58655,16,58648.5,0.0
1,40500,DJEMBES,13391,61,,,,,13393,61,,,,,13392.0,0.0
1,40500,KELP,2034,1,2033,20,,,2037,21,,,,,2035.5,-35.4375
1,40500,CROISSANTS,4276,152,,,,,4277,152,,,,,4276.5,0.0
1,40500,JAMS,6531,238,,,,,6533,238,,,,,6532.0,0.0
1,40600,DJEMBES,13391,63,,,,,13392,63,,,,,13391.5,0.0
1,40600,RAINFOREST_RESIN,10001,1,9992,29,,,10008,29,,,,,10004.5,133.0
1,40600,KELP,2033,28,,,,,2037,28,,,,,2035.0,-32.3125
1,40600,SQUID_INK,1889,28,,,,,1892,28,,,,,1890.5,-1237.12109375
1,40600,PICNIC_BASKET2,30274,1,30273,39,,,30279,21,30280,19,,,30276.5,0.0
1,40600,PICNIC_BASKET1,58640,1,58639,20,58638,19,58649,1,58650,20,58651,19,58644.5,0.0
1,40600,CROISSANTS,4276,107,,,,,4277,107,,,,,4276.5,0.0
1,40600,JAMS,6531,59,6530,191,,,6532,59,6533,191,,,6531.5,0.0
1,40700,DJEMBES,13388,55,,,,,13389,55,,,,,13388.5,0.0
1,40700,KELP,2034,20,,,,,2037,20,,,,,2035.5,-38.953125
1,40700,CROISSANTS,4276,132,,,,,4277,64,4278,68,,,4276.5,0.0
1,40700,JAMS,6531,190,,,,,6532,68,6533,122,,,6531.5,0.0
1,40700,RAINFOREST_RESIN,9992,29,,,,,10008,29,,,,,10000.0,133.0
1,40700,SQUID_INK,1889,20,,,,,1892,20,,,,,1890.5,-1225.19140625
1,40700,PICNIC_BASKET2,30274,35,,,,,30280,17,30281,18,,,30277.0,0.0
1,40700,PICNIC_BASKET1,58637,17,58636,18,,,58648,17,58649,18,,,58642.5,0.0
1,40800,SQUID_INK,1888,24,,,,,1891,24,,,,,1889.5,-1193.4140625
1,40800,KELP,2034,24,,,,,2037,24,,,,,2035.5,-39.90625
1,40800,PICNIC_BASKET2,30276,10,30275,25,,,30282,35,,,,,30279.0,0.0
1,40800,PICNIC_BASKET1,58635,10,58634,25,,,58646,10,58647,25,,,58640.5,0.0
1,40800,CROISSANTS,4276,159,,,,,4277,61,4278,98,,,4276.5,0.0
1,40800,JAMS,6531,98,6530,131,,,6532,98,6533,131,,,6531.5,0.0
1,40800,DJEMBES,13385,66,,,,,13387,66,,,,,13386.0,0.0
1,40800,RAINFOREST_RESIN,9992,28,,,,,10008,28,,,,,10000.0,133.0
1,40900,RAINFOREST_RESIN,9992,33,,,,,10008,33,,,,,10000.0,133.0
1,40900,SQUID_INK,1886,21,,,,,1889,21,,,,,1887.5,-1133.99609375
1,40900,PICNIC_BASKET2,30275,12,30274,27,,,30280,1,30281,38,,,30277.5,0.0
1,40900,PICNIC_BASKET1,58637,1,58636,11,58635,27,58646,1,58647,11,58648,27,58641.5,0.0
1,40900,DJEMBES,13386,77,,,,,13388,77,,,,,13387.0,0.0
1,40900,KELP,2034,21,,,,,2037,21,,,,,2035.5,-40.4140625
1,40900,CROISSANTS,4276,120,,,,,4277,53,4278,67,,,4276.5,0.0
1,40900,JAMS,6531,230,,,,,6533,230,,,,,6532.0,0.0
1,41000,DJEMBES,13386,72,,,,,13388,62,,,,,13387.0,0.0
1,41000,RAINFOREST_RESIN,9992,28,,,,,10008,28,,,,,10000.0,133.0
1,41000,SQUID_INK,1887,32,,,,,1890,27,,,,,1888.5,-1165.71875
1,41000,KELP,2034,32,,,,,2037,27,,,,,2035.5,-46.09375
1,41000,PICNIC_BASKET2,30274,30,,,,,30280,10,30281,20,,,30277.0,0.0
1,41000,PICNIC_BASKET1,58634,10,58633,20,,,58645,30,,,,,58639.5,0.0
1,41000,CROISSANTS,4276,136,,,,,4277,136,,,,,4276.5,0.0
1,41000,JAMS,6531,241,,,,,6533,241,,,,,6532.0,0.0
1,41100,DJEMBES,13386,70,,,,,13388,70,,,,,13387.0,0.0
1,41100,KELP,2034,23,,,,,2037,23,,,,,2035.5,-39.484375
1,41100,CROISSANTS,4276,138,,,,,4277,138,,,,,4276.5,0.0
1,41100,JAMS,6531,265,,,,,6533,265,,,,,6532.0,0.0
1,41100,RAINFOREST_RESIN,9997,6,9992,27,,,10008,27,,,,,10002.5,133.0
1,41100,SQUID_INK,1887,2,1886,21,,,1890,23,,,,,1888.5,-1149.921875
1,41100,PICNIC_BASKET2,30275,19,30274,30,,,30281,49,,,,,30278.0,0.0
1,41100,PICNIC_BASKET1,58633,2,58632,17,58631,30,58642,2,58643,17,58644,30,58637.5,0.0
1,41200,SQUID_INK,1887,26,,,,,1890,27,,,,,1888.5,-1165.55859375
1,41200,KELP,2034,26,,,,,2037,27,,,,,2035.5,-50.75
1,41200,PICNIC_BASKET2,30279,1,30278,29,,,30284,1,30285,29,,,30281.5,0.0
1,41200,PICNIC_BASKET1,58635,14,58634,16,,,58645,14,58646,16,,,58640.0,0.0
1,41200,CROISSANTS,4276,166,,,,,4277,160,,,,,4276.5,0.0
1,41200,JAMS,6531,259,,,,,6533,259,,,,,6532.0,0.0
1,41200,DJEMBES,13385,50,,,,,13387,50,,,,,13386.0,0.0
1,41200,RAINFOREST_RESIN,9992,27,,,,,10008,27,,,,,10000.0,133.0
1,41300,RAINFOREST_RESIN,9997,6,9992,35,,,10008,35,,,,,10002.5,133.0
1,41300,SQUID_INK,1888,24,,,,,1890,8,1891,28,,,1889.0,-1190.4296875
1,41300,PICNIC_BASKET2,30281,1,30280,45,,,30286,19,30287,27,,,30283.5,0.0
1,41300,PICNIC_BASKET1,58636,1,58635,18,58634,27,58645,1,58646,18,58647,27,58640.5,0.0
1,41300,DJEMBES,13387,74,,,,,13388,74,,,,,13387.5,0.0
1,41300,KELP,2034,24,,,,,2036,8,2037,28,,,2035.0,-45.1796875
1,41300,CROISSANTS,4276,99,,,,,4277,99,,,,,4276.5,0.0
1,41300,JAMS,6530,202,,,,,6532,202,,,,,6531.0,0.0
1,41400,DJEMBES,13387,46,,,,,13388,46,,,,,13387.5,0.0
1,41400,RAINFOREST_RESIN,9992,25,,,,,10008,25,,,,,10000.0,133.0
1,41400,SQUID_INK,1889,28,,,,,1892,28,,,,,1890.5,-1225.2265625
1,41400,PICNIC_BASKET1,58637,32,,,,,58638,4,58648,18,58649,16,58637.5,0.0
1,41400,PICNIC_BASKET2,30283,12,30282,16,,,30289,18,30290,16,,,30286.0,0.0
1,41400,KELP,2034,28,,,,,2037,28,,,,,2035.5,-51.421875
1,41400,JAMS,6531,82,6530,109,,,6532,82,6533,109,,,6531.5,0.0
1,41400,CROISSANTS,4277,53,4276,82,,,4278,135,,,,,4277.5,0.0
1,41500,DJEMBES,13389,51,,,,,13390,21,13391,30,,,13389.5,0.0
1,41500,KELP,2034,24,,,,,2037,20,,,,,2035.5,-58.5703125
1,41500,CROISSANTS,4276,122,,,,,4278,122,,,,,4277.0,0.0
1,41500,JAMS,6530,203,,,,,6532,203,,,,,6531.0,0.0
1,41500,RAINFOREST_RESIN,9992,31,,,,,9999,1,10008,31,,,9995.5,133.0
1,41500,SQUID_INK,1889,24,,,,,1892,20,,,,,1890.5,-1232.015625
1,41500,PICNIC_BASKET1,58635,39,,,,,58646,18,58647,21,,,58640.5,0.0
1,41500,PICNIC_BASKET2,30281,18,30280,21,,,30287,39,,,,,30284.0,0.0
1,41600,SQUID_INK,1890,31,,,,,1893,31,,,,,1891.5,-1273.83984375
1,41600,PICNIC_BASKET1,58638,2,58637,15,58636,25,58647,2,58648,15,58649,25,58642.5,0.0
1,41600,PICNIC_BASKET2,30282,2,30281,40,,,30287,2,30288,40,,,30284.5,0.0
1,41600,KELP,2034,31,,,,,2037,31,,,,,2035.5,-49.640625
1,41600,CROISSANTS,4277,57,4276,84,,,4278,141,,,,,4277.5,0.0
1,41600,JAMS,6530,248,,,,,6532,248,,,,,6531.0,0.0
1,41600,DJEMBES,13390,61,,,,,13391,61,,,,,13390.5,0.0
1,41600,RAINFOREST_RESIN,10002,3,9992,30,,,10008,30,,,,,10005.0,130.0
1,41700,RAINFOREST_RESIN,9992,29,,,,,10008,29,,,,,10000.0,130.0
1,41700,SQUID_INK,1891,23,,,,,1894,23,,,,,1892.5,-1310.421875
1,41700,PICNIC_BASKET1,58633,19,58632,29,,,58643,19,58644,29,,,58638.0,0.0
1,41700,PICNIC_BASKET2,30279,1,30278,47,,,30284,19,30285,29,,,30281.5,0.0
1,41700,DJEMBES,13389,64,,,,,13390,64,,,,,13389.5,0.0
1,41700,KELP,2034,23,,,,,2037,23,,,,,2035.5,-56.765625
1,41700,CROISSANTS,4276,125,,,,,4278,125,,,,,4277.0,0.0
1,41700,JAMS,6530,187,,,,,6532,187,,,,,6531.0,0.0
1,41800,DJEMBES,13389,65,,,,,13390,28,13391,37,,,13389.5,0.0
1,41800,RAINFOREST_RESIN,9992,32,,,,,10008,32,,,,,10000.0,130.0
1,41800,SQUID_INK,1892,24,,,,,1894,6,1895,24,,,1893.0,-1364.078125
1,41800,PICNIC_BASKET1,58637,2,58636,20,58635,28,58646,2,58647,20,58648,28,58641.5,0.0
1,41800,PICNIC_BASKET2,30279,2,30278,48,,,30284,22,30285,28,,,30281.5,0.0
1,41800,KELP,2034,24,,,,,2036,6,2037,24,,,2035.0,-60.3828125
1,41800,CROISSANTS,4276,147,,,,,4278,147,,,,,4277.0,0.0
1,41800,JAMS,6531,91,6530,108,,,6532,91,6533,108,,,6531.5,0.0
1,41900,KELP,2034,34,,,,,2037,2,2038,24,,,2035.5,-66.5859375
1,41900,DJEMBES,13389,27,13388,50,,,13390,77,,,,,13389.5,0.0
1,41900,CROISSANTS,4276,142,,,,,4278,142,,,,,4277.0,0.0
1,41900,JAMS,6531,89,6530,172,,,6532,89,6533,172,,,6531.5,0.0
1,41900,RAINFOREST_RESIN,9992,27,,,,,10003,4,10008,27,,,9997.5,130.0
1,41900,PICNIC_BASKET1,58641,2,58640,10,58639,27,58650,2,58651,10,58652,27,58645.5,0.0
1,41900,PICNIC_BASKET2,30279,2,30278,37,,,30284,2,30285,37,,,30281.5,0.0
1,41900,SQUID_INK,1893,8,1892,26,,,1896,26,,,,,1894.5,-1396.9375
1,42000,PICNIC_BASKET1,58638,1,58637,14,58636,19,58647,1,58648,14,58649,19,58642.5,0.0
1,42000,PICNIC_BASKET2,30279,15,30278,19,,,30285,34,,,,,30282.0,0.0
1,42000,CROISSANTS,4276,97,,,,,4278,97,,,,,4277.0,0.0
1,42000,JAMS,6531,52,6530,156,,,6532,57,6533,156,,,6531.5,0.0
1,42000,SQUID_INK,1893,29,,,,,1896,29,,,,,1894.5,-1435.3828125
1,42000,KELP,2034,29,,,,,2037,1,2038,28,,,2035.5,-66.703125
1,42000,DJEMBES,13387,63,,,,,13388,63,,,,,13387.5,0.0
1,42000,RAINFOREST_RESIN,9997,7,9992,31,,,10008,31,,,,,10002.5,130.0
1,42100,RAINFOREST_RESIN,9992,34,,,,,10008,34,,,,,10000.0,130.0
1,42100,PICNIC_BASKET1,58635,2,58634,13,58633,16,58644,2,58645,13,58646,16,58639.5,0.0
1,42100,PICNIC_BASKET2,30279,15,30278,16,,,30284,2,30285,29,,,30281.5,0.0
1,42100,SQUID_INK,1894,25,,,,,1897,25,,,,,1895.5,-1462.8359375
1,42100,KELP,2034,25,,,,,2037,2,2038,23,,,2035.5,-69.75
1,42100,DJEMBES,13385,58,,,,,13386,58,,,,,13385.5,0.0
1,42100,CROISSANTS,4276,139,,,,,4278,139,,,,,4277.0,0.0
1,42100,JAMS,6531,95,6530,102,,,6532,95,6533,102,,,6531.5,0.0
1,42200,DJEMBES,13385,47,,,,,13386,47,,,,,13385.5,0.0
1,42200,RAINFOREST_RESIN,9992,27,,,,,9999,1,10008,27,,,9995.5,130.0
1,42200,PICNIC_BASKET1,58635,1,58634,15,58633,15,58644,1,58645,30,,,58639.5,0.0
1,42200,PICNIC_BASKET2,30280,1,30279,30,,,30285,16,30286,15,,,30282.5,0.0
1,42200,CROISSANTS,4276,130,,,,,4278,130,,,,,4277.0,0.0
1,42200,JAMS,6531,93,6530,129,,,6532,93,6533,129,,,6531.5,0.0
1,42200,SQUID_INK,1894,21,,,,,1896,3,1898,21,,,1895.0,-1496.8984375
1,42200,KELP,2034,21,,,,,2036,3,2037,21,,,2035.0,-63.640625
1,42300,KELP,2036,3,2034,21,,,2038,21,,,,,2037.0,-66.671875
1,42300,DJEMBES,13385,55,,,,,13386,55,,,,,13385.5,0.0
1,42300,CROISSANTS,4276,116,,,,,4278,116,,,,,4277.0,0.0
1,42300,JAMS,6530,164,,,,,6532,164,,,,,6531.0,0.0
1,42300,RAINFOREST_RESIN,9992,33,,,,,10008,33,,,,,10000.0,130.0
1,42300,PICNIC_BASKET1,58632,16,58631,25,,,58643,16,58644,25,,,58637.5,0.0
1,42300,PICNIC_BASKET2,30279,41,,,,,30285,16,30286,25,,,30282.0,0.0
1,42300,SQUID_INK,1897,3,1895,21,,,1898,21,,,,,1897.5,-1523.6328125
1,42400,PICNIC_BASKET1,58637,4,58633,1,58632,42,58642,1,58643,18,58644,24,58639.5,0.0
1,42400,PICNIC_BASKET2,30284,4,30282,1,30281,42,30287,19,30288,24,,,30285.5,0.0
1,42400,CROISSANTS,4277,134,,,,,4278,134,,,,,4277.5,0.0
1,42400,JAMS,6531,98,6530,183,,,6532,98,6533,183,,,6531.5,0.0
1,42400,SQUID_INK,1893,30,,,,,1896,30,,,,,1894.5,-1405.609375
1,42400,DJEMBES,13384,62,,,,,13386,62,,,,,13385.0,0.0
1,42400,KELP,2034,30,,,,,2037,30,,,,,2035.5,-65.625
1,42400,RAINFOREST_RESIN,9992,27,,,,,9998,3,10008,27,,,9995.0,130.0
1,42500,RAINFOREST_RESIN,9992,34,,,,,10008,34,,,,,10000.0,130.0
1,42500,DJEMBES,13384,67,,,,,13386,67,,,,,13385.0,0.0
1,42500,PICNIC_BASKET2,30282,2,30281,43,,,30287,19,30288,26,,,30284.5,0.0
1,42500,PICNIC_BASKET1,58634,2,58633,17,58632,26,58643,2,58644,17,58645,26,58638.5,0.0
1,42500,SQUID_INK,1894,3,1893,2,1892,28,1896,30,,,,,1895.0,-1399.2578125
1,42500,JAMS,6531,60,6530,118,,,6532,50,6533,118,,,6531.5,0.0
1,42500,KELP,2035,3,2034,30,,,2037,30,,,,,2036.0,-60.09375
1,42500,CROISSANTS,4277,61,4276,50,,,4278,111,,,,,4277.5,0.0
1,42600,RAINFOREST_RESIN,9992,31,,,,,10008,31,,,,,10000.0,130.0
1,42600,PICNIC_BASKET2,30283,18,30282,23,,,30288,2,30289,39,,,30285.5,0.0
1,42600,PICNIC_BASKET1,58632,2,58631,39,,,58641,2,58642,16,58643,23,58636.5,0.0
1,42600,SQUID_INK,1892,29,,,,,1894,8,1895,29,,,1893.0,-1377.0078125
1,42600,CROISSANTS,4277,48,4276,96,,,4278,144,,,,,4277.5,0.0
1,42600,JAMS,6531,96,6530,132,,,6532,96,6533,132,,,6531.5,0.0
1,42600,DJEMBES,13384,65,,,,,13385,65,,,,,13384.5,0.0
1,42600,KELP,2034,29,,,,,2036,8,2037,29,,,2035.0,-64.5703125
1,42700,CROISSANTS,4277,42,4276,55,,,4278,97,,,,,4277.5,0.0
1,42700,JAMS,6530,247,,,,,6532,247,,,,,6531.0,0.0
1,42700,KELP,2034,26,,,,,2037,26,,,,,2035.5,-63.59375
1,42700,RAINFOREST_RESIN,10001,1,9992,29,,,10008,29,,,,,10004.5,130.0
1,42700,DJEMBES,13383,58,,,,,13384,58,,,,,13383.5,0.0
1,42700,PICNIC_BASKET2,30282,16,30281,17,,,30288,16,30289,17,,,30285.0,0.0
1,42700,PICNIC_BASKET1,58629,1,58628,15,58627,17,58638,1,58639,15,58640,17,58633.5,0.0
1,42700,SQUID_INK,1893,1,1892,25,,,1896,26,,,,,1894.5,-1399.7890625
1,42800,PICNIC_BASKET2,30279,2,30278,30,,,30284,2,30285,30,,,30281.5,0.0
1,42800,PICNIC_BASKET1,58627,2,58626,12,58625,18,58636,2,58637,12,58638,18,58631.5,0.0
1,42800,SQUID_INK,1893,25,,,,,1896,26,,,,,1894.5,-1408.4609375
1,42800,CROISSANTS,4276,112,,,,,4277,47,4278,65,,,4276.5,0.0
1,42800,JAMS,6530,199,,,,,6532,199,,,,,6531.0,0.0
1,42800,DJEMBES,13381,51,,,,,13382,51,,,,,13381.5,0.0
1,42800,KELP,2034,25,,,,,2037,2,2038,24,,,2035.5,-68.1640625
1,42800,RAINFOREST_RESIN,9992,25,,,,,10008,25,,,,,10000.0,130.0
1,42900,RAINFOREST_RESIN,10001,1,9992,32,,,10008,32,,,,,10004.5,130.0
1,42900,DJEMBES,13382,46,,,,,13383,46,,,,,13382.5,0.0
1,42900,PICNIC_BASKET2,30277,2,30276,35,,,30282,2,30283,35,,,30279.5,0.0
1,42900,PICNIC_BASKET1,58633,22,58632,15,,,58643,2,58644,35,,,58638.0,0.0
1,42900,SQUID_INK,1893,25,,,,,1896,2,1897,23,,,1894.5,-1440.5
1,42900,CROISSANTS,4276,123,,,,,4277,123,,,,,4276.5,0.0
1,42900,JAMS,6531,186,,,,,6533,186,,,,,6532.0,0.0
1,42900,KELP,2034,25,,,,,2037,2,2038,23,,,2035.5,-67.6328125
1,43000,RAINFOREST_RESIN,9992,34,,,,,10008,34,,,,,10000.0,130.0
1,43000,PICNIC_BASKET2,30273,1,30272,49,,,30278,1,30279,49,,,30275.5,0.0
1,43000,PICNIC_BASKET1,58638,1,58637,20,58636,29,58647,1,58648,20,58649,29,58642.5,0.0
1,43000,SQUID_INK,1894,30,,,,,1897,1,1898,29,,,1895.5,-1491.0390625
1,43000,CROISSANTS,4275,98,,,,,4277,98,,,,,4276.0,0.0
1,43000,JAMS,6531,55,6530,145,,,6532,55,6533,145,,,6531.5,0.0
1,43000,DJEMBES,13384,72,,,,,13385,72,,,,,13384.5,0.0
1,43000,KELP,2034,30,,,,,2038,30,,,,,2036.0,-71.6796875
1,43100,CROISSANTS,4275,120,,,,,4276,120,,,,,4275.5,0.0
1,43100,JAMS,6531,169,,,,,6533,169,,,,,6532.0,0.0
1,43100,KELP,2034,22,,,,,2036,5,2038,22,,,2035.0,-69.0703125
1,43100,RAINFOREST_RESIN,9992,29,,,,,10008,29,,,,,10000.0,130.0
1,43100,DJEMBES,13383,66,,,,,13384,18,13385,48,,,13383.5,0.0
1,43100,PICNIC_BASKET2,30270,12,30269,18,,,30276,30,,,,,30273.0,0.0
1,43100,PICNIC_BASKET1,58637,30,,,,,58648,12,58649,18,,,58642.5,0.0
1,43100,SQUID_INK,1891,22,,,,,1893,5,1894,22,,,1892.0,-1310.2734375
1,43200,PICNIC_BASKET2,30267,36,,,,,30274,36,,,,,30270.5,0.0
1,43200,PICNIC_BASKET1,58640,19,58639,17,,,58651,19,58652,17,,,58645.5,0.0
1,43200,SQUID_INK,1891,25,,,,,1892,2,1894,25,,,1891.5,-1324.5859375
1,43200,CROISSANTS,4275,131,,,,,4276,131,,,,,4275.5,0.0
1,43200,JAMS,6532,250,,,,,6534,250,,,,,6533.0,0.0
1,43200,DJEMBES,13383,49,,,,,13385,49,,,,,13384.0,0.0
1,43200,KELP,2034,25,,,,,2035,2,2038,25,,,2034.5,-73.4765625
1,43200,RAINFOREST_RESIN,9992,28,,,,,9999,1,10008,28,,,9995.5,130.0
1,43300,RAINFOREST_RESIN,9992,29,,,,,10008,29,,,,,10000.0,127.0
1,43300,DJEMBES,13383,64,,,,,13384,16,13385,48,,,13383.5,0.0
1,43300,PICNIC_BASKET2,30267,14,30266,16,,,30273,30,,,,,30270.0,0.0
1,43300,PICNIC_BASKET1,58647,14,58646,16,,,58658,14,58659,16,,,58652.5,0.0
1,43300,SQUID_INK,1892,27,,,,,1896,27,,,,,1894.0,-1393.7890625
1,43300,CROISSANTS,4275,143,,,,,4276,59,4277,84,,,4275.5,0.0
1,43300,JAMS,6533,84,6532,199,,,6534,283,,,,,6533.5,0.0
1,43300,KELP,2034,27,,,,,2038,27,,,,,2036.0,-72.9765625
1,43400,RAINFOREST_RESIN,9992,29,,,,,10008,29,,,,,10000.0,127.0
1,43400,PICNIC_BASKET2,30270,5,30267,34,,,30273,11,30274,23,,,30271.5,0.0
1,43400,PICNIC_BASKET1,58654,5,58649,34,,,58660,11,58661,23,,,58657.0,0.0
1,43400,SQUID_INK,1893,27,,,,,1895,4,1896,27,,,1894.0,-1414.234375
1,43400,CROISSANTS,4275,100,,,,,4276,108,,,,,4275.5,0.0
1,43400,JAMS,6533,253,,,,,6535,244,,,,,6534.0,0.0
1,43400,DJEMBES,13383,73,,,,,13384,23,13385,50,,,13383.5,0.0
1,43400,KELP,2034,27,,,,,2036,4,2038,27,,,2035.0,-72.4921875
1,43500,CROISSANTS,4275,107,,,,,4276,107,,,,,4275.5,0.0
1,43500,JAMS,6533,61,6532,142,,,6534,61,6535,142,,,6533.5,0.0
1,43500,KELP,2034,24,,,,,2036,3,2038,24,,,2035.0,-74.5
1,43500,RAINFOREST_RESIN,9992,30,,,,,10008,30,,,,,10000.0,127.0
1,43500,DJEMBES,13383,77,,,,,13385,77,,,,,13384.0,0.0
1,43500,PICNIC_BASKET2,30267,1,30266,44,,,30272,15,30273,30,,,30269.5,0.0
1,43500,PICNIC_BASKET1,58645,1,58644,14,58643,30,58654,1,58655,14,58656,30,58649.5,0.0
1,43500,SQUID_INK,1893,24,,,,,1895,3,1896,24,,,1894.0,-1408.59375
1,43600,SQUID_INK,1895,1,1894,27,,,1896,6,1898,28,,,1895.5,-1501.375
1,43600,RAINFOREST_RESIN,9992,30,,,,,10008,30,,,,,10000.0,127.0
1,43600,JAMS,6533,215,,,,,6534,89,6535,126,,,6533.5,0.0
1,43600,CROISSANTS,4275,134,,,,,4276,134,,,,,4275.5,0.0
1,43600,DJEMBES,13383,62,,,,,13385,62,,,,,13384.0,0.0
1,43600,KELP,2034,28,,,,,2036,6,2038,28,,,2035.0,-72.9453125
1,43600,PICNIC_BASKET1,58651,1,58650,16,58649,27,58660,1,58661,16,58662,27,58655.5,0.0
1,43600,PICNIC_BASKET2,30265,17,30264,27,,,30270,1,30271,43,,,30267.5,0.0
1,43700,DJEMBES,13384,56,,,,,13385,56,,,,,13384.5,0.0
1,43700,SQUID_INK,1893,28,,,,,1894,5,1896,28,,,1893.5,-1422.859375
1,43700,CROISSANTS,4275,123,,,,,4276,47,4277,76,,,4275.5,0.0
1,43700,JAMS,6534,230,,,,,6536,230,,,,,6535.0,0.0
1,43700,PICNIC_BASKET1,58659,17,58658,17,,,58669,2,58670,32,,,58664.0,0.0
1,43700,PICNIC_BASKET2,30272,2,30271,32,,,30277,17,30278,17,,,30274.5,0.0
1,43700,KELP,2034,28,,,,,2035,5,2038,28,,,2034.5,-73.4375
1,43700,RAINFOREST_RESIN,10003,1,9992,27,,,10008,27,,,,,10005.5,127.0
1,43800,PICNIC_BASKET1,58659,2,58658,11,58657,29,58668,2,58669,11,58670,29,58663.5,0.0
1,43800,PICNIC_BASKET2,30269,13,30268,29,,,30274,2,30275,40,,,30271.5,0.0
1,43800,SQUID_INK,1893,32,,,,,1896,32,,,,,1894.5,-1420.1484375
1,43800,RAINFOREST_RESIN,9992,30,,,,,10008,30,,,,,10000.0,127.0
1,43800,CROISSANTS,4275,125,,,,,4276,125,,,,,4275.5,0.0
1,43800,JAMS,6534,65,6533,149,,,6535,65,6536,149,,,6534.5,0.0
1,43800,DJEMBES,13384,66,,,,,13386,66,,,,,13385.0,0.0
1,43800,KELP,2034,32,,,,,2038,32,,,,,2036.0,-73.9765625
1,43900,CROISSANTS,4275,57,4274,79,,,4276,136,,,,,4275.5,0.0
1,43900,JAMS,6534,79,6533,159,,,6535,79,6536,159,,,6534.5,0.0
1,43900,PICNIC_BASKET1,58658,13,58657,25,,,58669,13,58670,25,,,58663.5,0.0
1,43900,PICNIC_BASKET2,30268,38,,,,,30274,13,30275,25,,,30271.0,0.0
1,43900,KELP,2034,26,,,,,2038,26,,,,,2036.0,-76.5390625
1,43900,RAINFOREST_RESIN,9997,7,9992,25,,,10008,25,,,,,10002.5,127.0
1,43900,DJEMBES,13388,25,13387,34,,,13389,59,,,,,13388.5,0.0
1,43900,SQUID_INK,1893,26,,,,,1897,26,,,,,1895.0,-1450.546875
1,44000,SQUID_INK,1894,23,,,,,1897,23,,,,,1895.5,-1481.671875
1,44000,RAINFOREST_RESIN,9992,35,,,,,10008,35,,,,,10000.0,127.0
1,44000,CROISSANTS,4273,111,,,,,4275,111,,,,,4274.0,0.0
1,44000,JAMS,6533,238,,,,,6535,238,,,,,6534.0,0.0
1,44000,DJEMBES,13389,67,,,,,13390,67,,,,,13389.5,0.0
1,44000,KELP,2034,23,,,,,2038,23,,,,,2036.0,-75.53125
1,44000,PICNIC_BASKET1,58657,1,58656,12,58655,19,58661,8,58666,1,58667,12,58659.0,0.0
1,44000,PICNIC_BASKET2,30265,13,30264,19,,,30267,8,30270,1,30271,31,30266.0,0.0
1,44100,DJEMBES,13389,48,,,,,13391,48,,,,,13390.0,0.0
1,44100,KELP,2034,30,,,,,2038,30,,,,,2036.0,-71.9609375
1,44100,CROISSANTS,4274,36,4273,83,,,4275,119,,,,,4274.5,0.0
1,44100,JAMS,6533,212,,,,,6535,212,,,,,6534.0,0.0
1,44100,SQUID_INK,1894,30,,,,,1897,30,,,,,1895.5,-1470.578125
1,44100,PICNIC_BASKET1,58655,2,58654,20,58653,15,58664,2,58665,20,58666,15,58659.5,0.0
1,44100,PICNIC_BASKET2,30267,2,30266,35,,,30272,22,30273,15,,,30269.5,0.0
1,44100,RAINFOREST_RESIN,9992,30,,,,,10008,30,,,,,10000.0,127.0
1,44200,SQUID_INK,1894,26,,,,,1897,22,,,,,1895.5,-1482.0078125
1,44200,PICNIC_BASKET1,58653,13,58652,15,,,58664,13,58665,15,,,58658.5,0.0
1,44200,PICNIC_BASKET2,30266,28,,,,,30272,13,30273,15,,,30269.0,0.0
1,44200,RAINFOREST_RESIN,10002,5,9992,31,,,10008,31,,,,,10005.0,127.0
1,44200,KELP,2035,4,2034,22,,,2038,22,,,,,2036.5,-81.0859375
1,44200,CROISSANTS,4274,42,4273,63,,,4275,105,,,,,4274.5,0.0
1,44200,JAMS,6533,63,6532,123,,,6534,63,6535,123,,,6533.5,0.0
1,44200,DJEMBES,13389,15,13388,47,,,13390,62,,,,,13389.5,0.0
1,44300,KELP,2036,2,2035,2,2034,25,2038,27,,,,,2037.0,-86.21875
1,44300,CROISSANTS,4273,117,,,,,4275,117,,,,,4274.0,0.0
1,44300,JAMS,6532,211,,,,,6534,211,,,,,6533.0,0.0
1,44300,SQUID_INK,1898,2,1897,27,,,1900,27,,,,,1899.0,-1622.7265625
1,44300,PICNIC_BASKET1,58651,2,58650,13,58649,19,58660,2,58661,32,,,58655.5,0.0
1,44300,PICNIC_BASKET2,30264,15,30263,19,,,30269,2,30270,32,,,30266.5,0.0
1,44300,RAINFOREST_RESIN,9992,32,,,,,10008,32,,,,,10000.0,112.0
1,44300,DJEMBES,13388,56,,,,,13389,19,13390,37,,,13388.5,0.0
1,44400,RAINFOREST_RESIN,9992,28,,,,,9999,1,10003,4,10008,28,9995.5,112.0
1,44400,KELP,2034,27,,,,,2038,27,,,,,2036.0,-81.6875
1,44400,CROISSANTS,4273,151,,,,,4274,151,,,,,4273.5,0.0
1,44400,JAMS,6532,238,,,,,6534,238,,,,,6533.0,0.0
1,44400,DJEMBES,13388,70,,,,,13390,70,,,,,13389.0,0.0
1,44400,SQUID_INK,1897,27,,,,,1901,27,,,,,1899.0,-1645.5703125
1,44400,PICNIC_BASKET1,58650,7,58645,16,58644,29,58656,16,58657,29,,,58653.0,0.0
1,44400,PICNIC_BASKET2,30261,7,30258,45,,,30264,16,30265,29,,,30262.5,0.0
1,44500,DJEMBES,13388,47,,,,,13390,47,,,,,13389.0,0.0
1,44500,KELP,2035,1,2034,30,,,2038,31,,,,,2036.5,-85.7734375
1,44500,CROISSANTS,4273,129,,,,,4274,129,,,,,4273.5,0.0
1,44500,JAMS,6532,224,,,,,6534,224,,,,,6533.0,0.0
1,44500,SQUID_INK,1897,31,,,,,1900,31,,,,,1898.5,-1621.984375
1,44500,PICNIC_BASKET1,58643,1,58642,14,58641,16,58652,1,58653,14,58654,16,58647.5,0.0
1,44500,PICNIC_BASKET2,30261,1,30260,30,,,30266,1,30267,30,,,30263.5,0.0
1,44500,RAINFOREST_RESIN,9992,29,,,,,10008,29,,,,,10000.0,106.0
1,44600,SQUID_INK,1898,26,,,,,1901,26,,,,,1899.5,-1657.296875
1,44600,PICNIC_BASKET1,58642,15,58641,22,,,58653,15,58654,22,,,58647.5,0.0
1,44600,PICNIC_BASKET2,30258,15,30257,22,,,30264,15,30265,22,,,30261.0,0.0
1,44600,RAINFOREST_RESIN,9992,31,,,,,10008,31,,,,,10000.0,106.0
1,44600,DJEMBES,13390,69,,,,,13391,69,,,,,13390.5,0.0
1,44600,KELP,2034,26,,,,,2038,26,,,,,2036.0,-87.2421875
1,44600,CROISSANTS,4273,133,,,,,4274,133,,,,,4273.5,0.0
1,44600,JAMS,6532,97,6531,187,,,6533,97,6534,187,,,6532.5,0.0
1,44700,KELP,2034,28,,,,,2036,5,2038,28,,,2035.0,-83.6796875
1,44700,CROISSANTS,4273,118,,,,,4274,118,,,,,4273.5,0.0
1,44700,SQUID_INK,1898,28,,,,,1900,5,1901,28,,,1899.0,-1684.453125
1,44700,PICNIC_BASKET2,30257,38,,,,,30263,14,30264,24,,,30260.0,0.0
1,44700,PICNIC_BASKET1,58636,14,58635,24,,,58647,14,58648,24,,,58641.5,0.0
1,44700,JAMS,6532,53,6531,164,,,6533,53,6534,164,,,6532.5,0.0
1,44700,RAINFOREST_RESIN,9992,35,,,,,10008,35,,,,,10000.0,106.0
1,44700,DJEMBES,13387,67,,,,,13388,67,,,,,13387.5,0.0
1,44800,RAINFOREST_RESIN,9992,30,,,,,10008,30,,,,,10000.0,106.0
1,44800,DJEMBES,13385,56,,,,,13387,56,,,,,13386.0,0.0
1,44800,KELP,2034,22,,,,,2036,4,2038,22,,,2035.0,-73.640625
1,44800,CROISSANTS,4273,116,,,,,4274,116,,,,,4273.5,0.0
1,44800,JAMS,6531,81,6530,136,,,6532,81,6533,136,,,6531.5,0.0
1,44800,SQUID_INK,1898,22,,,,,1900,4,1901,22,,,1899.0,-1661.40625
1,44800,PICNIC_BASKET2,30254,33,,,,,30260,18,30261,17,,,30257.0,0.0
1,44800,PICNIC_BASKET1,58625,16,58624,17,,,58635,1,58636,17,58637,17,58630.0,0.0
1,44900,DJEMBES,13386,64,,,,,13387,64,,,,,13386.5,0.0
1,44900,KELP,2034,24,,,,,2036,3,2038,24,,,2035.0,-79.7578125
1,44900,SQUID_INK,1898,24,,,,,1900,3,1901,24,,,1899.0,-1665.0546875
1,44900,PICNIC_BASKET2,30254,12,30253,27,,,30260,39,,,,,30257.0,0.0
1,44900,PICNIC_BASKET1,58625,12,58624,27,,,58636,12,58637,27,,,58630.5,0.0
1,44900,CROISSANTS,4273,152,,,,,4274,152,,,,,4273.5,0.0
1,44900,JAMS,6531,93,6530,134,,,6532,93,6533,134,,,6531.5,0.0
1,44900,RAINFOREST_RESIN,9997,2,9992,35,,,10008,35,,,,,10002.5,106.0
1,45000,SQUID_INK,1899,21,,,,,1902,22,,,,,1900.5,-1703.7578125
1,45000,PICNIC_BASKET2,30253,1,30252,37,,,30258,14,30259,24,,,30255.5,0.0
1,45000,PICNIC_BASKET1,58620,1,58619,13,58618,24,58629,1,58630,13,58631,24,58624.5,0.0
1,45000,RAINFOREST_RESIN,9992,26,,,,,10008,26,,,,,10000.0,106.0
1,45000,DJEMBES,13385,72,,,,,13386,72,,,,,13385.5,0.0
1,45000,KELP,2034,22,,,,,2035,1,2038,22,,,2034.5,-78.265625
1,45000,CROISSANTS,4272,142,,,,,4273,60,4274,82,,,4272.5,0.0
1,45000,JAMS,6531,250,,,,,6533,250,,,,,6532.0,0.0
1,45100,KELP,2034,23,,,,,2037,23,,,,,2035.5,-65.3359375
1,45100,SQUID_INK,1899,23,,,,,1902,23,,,,,1900.5,-1713.5
1,45100,PICNIC_BASKET2,30254,16,30253,22,,,30259,1,30260,37,,,30256.5,0.0
1,45100,PICNIC_BASKET1,58613,1,58612,15,58611,22,58622,1,58623,15,58624,22,58617.5,0.0
1,45100,CROISSANTS,4272,122,,,,,4274,122,,,,,4273.0,0.0
1,45100,JAMS,6531,73,6530,149,,,6532,73,6533,149,,,6531.5,0.0
1,45100,RAINFOREST_RESIN,9992,33,,,,,10008,33,,,,,10000.0,106.0
1,45100,DJEMBES,13384,54,,,,,13385,22,13386,32,,,13384.5,0.0
1,45200,RAINFOREST_RESIN,9992,32,,,,,10008,32,,,,,10000.0,106.0
1,45200,DJEMBES,13385,15,13384,36,,,13386,51,,,,,13385.5,0.0
1,45200,KELP,2034,29,,,,,2037,29,,,,,2035.5,-60.109375
1,45200,CROISSANTS,4272,145,,,,,4274,145,,,,,4273.0,0.0
1,45200,JAMS,6531,88,6530,105,,,6532,193,,,,,6531.5,0.0
1,45200,SQUID_INK,1899,29,,,,,1902,29,,,,,1900.5,-1726.7109375
1,45200,PICNIC_BASKET2,30253,26,,,,,30259,11,30260,15,,,30256.0,0.0
1,45200,PICNIC_BASKET1,58613,26,,,,,58624,11,58625,15,,,58618.5,0.0
1,45300,DJEMBES,13384,62,,,,,13386,62,,,,,13385.0,0.0
1,45300,SQUID_INK,1900,29,,,,,1903,29,,,,,1901.5,-1755.9453125
1,45300,KELP,2034,29,,,,,2037,29,,,,,2035.5,-61.5546875
1,45300,PICNIC_BASKET2,30256,47,,,,,30262,21,30263,26,,,30259.0,0.0
1,45300,PICNIC_BASKET1,58612,1,58611,20,58610,26,58621,1,58622,20,58623,26,58616.5,0.0
1,45300,CROISSANTS,4272,158,,,,,4274,158,,,,,4273.0,0.0
1,45300,JAMS,6531,94,6530,101,,,6532,94,6533,101,,,6531.5,0.0
1,45300,RAINFOREST_RESIN,9992,29,,,,,10008,29,,,,,10000.0,118.0
1,45400,SQUID_INK,1900,24,,,,,1903,2,1904,22,,,1901.5,-1790.5703125
1,45400,PICNIC_BASKET2,30260,35,,,,,30266,18,30267,17,,,30263.0,0.0
1,45400,PICNIC_BASKET1,58609,2,58608,16,58607,17,58618,2,58619,16,58620,17,58613.5,0.0
1,45400,RAINFOREST_RESIN,9992,25,,,,,9997,5,10008,25,,,9994.5,118.0
1,45400,DJEMBES,13384,55,,,,,13385,55,,,,,13384.5,0.0
1,45400,KELP,2034,24,,,,,2037,24,,,,,2035.5,-61.0546875
1,45400,CROISSANTS,4273,143,,,,,4274,143,,,,,4273.5,0.0
1,45400,JAMS,6531,91,6530,199,,,6532,91,6533,199,,,6531.5,0.0
1,45500,SQUID_INK,1900,30,,,,,1903,2,1904,28,,,1901.5,-1791.5546875
1,45500,KELP,2034,30,,,,,2037,30,,,,,2035.5,-56.140625
1,45500,PICNIC_BASKET2,30261,2,30260,35,,,30266,22,30267,15,,,30263.5,0.0
1,45500,PICNIC_BASKET1,58607,22,58606,15,,,58617,22,58618,15,,,58612.0,0.0
1,45500,CROISSANTS,4273,151,,,,,4274,151,,,,,4273.5,0.0
1,45500,JAMS,6531,190,,,,,6532,87,6533,112,,,6531.5,0.0
1,45500,RAINFOREST_RESIN,9992,27,,,,,10008,27,,,,,10000.0,118.0
1,45500,DJEMBES,13385,55,,,,,13386,15,13387,40,,,13385.5,0.0
1,45600,RAINFOREST_RESIN,9992,27,,,,,10008,27,,,,,10000.0,118.0
1,45600,DJEMBES,13386,55,,,,,13387,55,,,,,13386.5,0.0
1,45600,KELP,2034,25,,,,,2037,26,,,,,2035.5,-57.25
1,45600,CROISSANTS,4273,121,,,,,4275,121,,,,,4274.0,0.0
1,45600,JAMS,6531,65,6530,166,,,6532,65,6533,166,,,6531.5,0.0
1,45600,SQUID_INK,1900,25,,,,,1903,1,1904,25,,,1901.5,-1792.3046875
1,45600,PICNIC_BASKET2,30262,1,30261,38,,,30267,1,30268,38,,,30264.5,0.0
1,45600,PICNIC_BASKET1,58609,1,58608,19,58607,19,58618,1,58619,38,,,58613.5,0.0
1,45700,DJEMBES,13385,70,,,,,13386,70,,,,,13385.5,0.0
1,45700,SQUID_INK,1902,29,,,,,1905,29,,,,,1903.5,-1857.1171875
1,45700,KELP,2034,29,,,,,2037,29,,,,,2035.5,-52.6875
1,45700,PICNIC_BASKET2,30263,18,30262,30,,,30268,1,30269,47,,,30265.5,0.0
1,45700,PICNIC_BASKET1,58611,1,58610,17,58609,30,58620,1,58621,17,58622,30,58615.5,0.0
1,45700,CROISSANTS,4273,123,,,,,4275,123,,,,,4274.0,0.0
1,45700,JAMS,6531,85,6530,104,,,6532,85,6533,104,,,6531.5,0.0
1,45700,RAINFOREST_RESIN,9992,31,,,,,10008,31,,,,,10000.0,118.0
1,45800,SQUID_INK,1900,25,,,,,1903,25,,,,,1901.5,-1777.65625
1,45800,PICNIC_BASKET1,58613,2,58612,10,58611,30,58622,2,58623,10,58624,30,58617.5,0.0
1,45800,PICNIC_BASKET2,30263,12,30262,30,,,30269,12,30270,30,,,30266.0,0.0
1,45800,RAINFOREST_RESIN,9992,25,,,,,10000,3,10008,25,,,9996.0,118.0
1,45800,DJEMBES,13384,30,13383,41,,,13385,71,,,,,13384.5,0.0
1,45800,KELP,2034,25,,,,,2037,25,,,,,2035.5,-46.4921875
1,45800,JAMS,6531,92,6530,173,,,6532,92,6533,173,,,6531.5,0.0
1,45800,CROISSANTS,4273,138,,,,,4274,138,,,,,4273.5,0.0
1,45900,SQUID_INK,1899,26,,,,,1901,2,1902,26,,,1900.0,-1720.90625
1,45900,PICNIC_BASKET1,58609,19,58608,17,,,58620,19,58621,17,,,58614.5,0.0
1,45900,PICNIC_BASKET2,30263,19,30262,17,,,30269,36,,,,,30266.0,0.0
1,45900,KELP,2034,26,,,,,2036,2,2037,26,,,2035.0,-49.53125
1,45900,JAMS,6531,231,,,,,6533,231,,,,,6532.0,0.0
1,45900,CROISSANTS,4273,54,4272,77,,,4274,131,,,,,4273.5,0.0
1,45900,RAINFOREST_RESIN,9992,26,,,,,10003,2,10008,26,,,9997.5,118.0
1,45900,DJEMBES,13383,62,,,,,13385,62,,,,,13384.0,0.0
1,46000,RAINFOREST_RESIN,9992,32,,,,,10008,32,,,,,10000.0,118.0
1,46000,DJEMBES,13384,57,,,,,13385,57,,,,,13384.5,0.0
1,46000,KELP,2034,30,,,,,2037,30,,,,,2035.5,-46.53125
1,46000,CROISSANTS,4273,60,4272,83,,,4274,143,,,,,4273.5,0.0
1,46000,JAMS,6531,83,6530,144,,,6532,83,6533,144,,,6531.5,0.0
1,46000,SQUID_INK,1900,30,,,,,1903,30,,,,,1901.5,-1757.3828125
1,46000,PICNIC_BASKET1,58610,1,58609,11,58608,26,58619,1,58620,11,58621,26,58614.5,0.0
1,46000,PICNIC_BASKET2,30263,1,30262,37,,,30268,12,30269,26,,,30265.5,0.0
1,46100,DJEMBES,13382,58,,,,,13383,58,,,,,13382.5,0.0
1,46100,SQUID_INK,1900,26,,,,,1903,26,,,,,1901.5,-1788.453125
1,46100,PICNIC_BASKET1,58604,1,58603,11,58602,18,58613,1,58614,11,58615,18,58608.5,0.0
1,46100,PICNIC_BASKET2,30261,12,30260,18,,,30266,1,30267,29,,,30263.5,0.0
1,46100,KELP,2034,26,,,,,2037,26,,,,,2035.5,-47.0625
1,46100,CROISSANTS,4272,134,,,,,4274,134,,,,,4273.0,0.0
1,46100,JAMS,6530,278,,,,,6532,271,,,,,6531.0,0.0
1,46100,RAINFOREST_RESIN,9992,32,,,,,10008,32,,,,,10000.0,126.0
1,46200,SQUID_INK,1899,21,,,,,1902,21,,,,,1900.5,-1713.0078125
1,46200,PICNIC_BASKET1,58607,1,58606,11,58605,28,58616,1,58617,11,58618,28,58611.5,0.0
1,46200,PICNIC_BASKET2,30260,12,30259,28,,,30265,1,30266,39,,,30262.5,0.0
1,46200,RAINFOREST_RESIN,9992,34,,,,,10008,34,,,,,10000.0,126.0
1,46200,DJEMBES,13383,28,13382,42,,,13384,70,,,,,13383.5,0.0
1,46200,KELP,2034,21,,,,,2037,21,,,,,2035.5,-41.9765625
1,46200,CROISSANTS,4272,143,,,,,4274,143,,,,,4273.0,0.0
1,46200,JAMS,6530,240,,,,,6531,81,6532,159,,,6530.5,0.0
1,46300,PICNIC_BASKET1,58609,1,58608,11,58607,19,58618,1,58619,11,58620,19,58613.5,0.0
1,46300,PICNIC_BASKET2,30260,31,,,,,30266,12,30267,19,,,30263.0,0.0
1,46300,CROISSANTS,4272,121,,,,,4274,121,,,,,4273.0,0.0
1,46300,JAMS,6529,232,,,,,6531,228,,,,,6530.0,0.0
1,46300,SQUID_INK,1898,28,,,,,1901,28,,,,,1899.5,-1662.3046875
1,46300,RAINFOREST_RESIN,10002,3,9992,28,,,10008,28,,,,,10005.0,126.0
1,46300,DJEMBES,13383,55,,,,,13384,19,13385,36,,,13383.5,0.0
1,46300,KELP,2034,28,,,,,2037,28,,,,,2035.5,-44.0234375
1,46400,RAINFOREST_RESIN,9992,35,,,,,10008,35,,,,,10000.0,126.0
1,46400,DJEMBES,13382,65,,,,,13384,65,,,,,13383.0,0.0
1,46400,CROISSANTS,4273,59,4272,50,,,4274,109,,,,,4273.5,0.0
1,46400,JAMS,6530,50,6529,167,,,6531,50,6532,167,,,6530.5,0.0
1,46400,KELP,2034,24,,,,,2037,24,,,,,2035.5,-46.515625
1,46400,PICNIC_BASKET1,58608,1,58607,12,58606,19,58617,1,58618,12,58619,19,58612.5,0.0
1,46400,PICNIC_BASKET2,30263,1,30262,31,,,30268,13,30269,19,,,30265.5,0.0
1,46400,SQUID_INK,1898,24,,,,,1901,24,,,,,1899.5,-1662.5703125
1,46500,DJEMBES,13382,57,,,,,13383,19,13384,38,,,13382.5,0.0
1,46500,KELP,2034,21,,,,,2036,5,2037,21,,,2035.0,-53.1015625
1,46500,PICNIC_BASKET1,58607,1,58606,19,58605,19,58616,1,58617,19,58618,19,58611.5,0.0
1,46500,PICNIC_BASKET2,30263,1,30262,38,,,30268,1,30269,38,,,30265.5,0.0
1,46500,CROISSANTS,4272,118,,,,,4274,118,,,,,4273.0,0.0
1,46500,JAMS,6529,226,,,,,6531,226,,,,,6530.0,0.0
1,46500,SQUID_INK,1896,21,,,,,1898,5,1899,21,,,1897.0,-1588.546875
1,46500,RAINFOREST_RESIN,9992,29,,,,,10008,29,,,,,10000.0,126.0
1,46600,KELP,2034,23,,,,,2036,8,2037,23,,,2035.0,-56.734375
1,46600,PICNIC_BASKET1,58616,2,58615,16,58614,17,58625,2,58626,16,58627,17,58620.5,0.0
1,46600,PICNIC_BASKET2,30266,18,30265,17,,,30271,2,30272,33,,,30268.5,0.0
1,46600,SQUID_INK,1896,23,,,,,1897,8,1899,23,,,1896.5,-1556.2734375
1,46600,RAINFOREST_RESIN,9992,26,,,,,9998,4,10008,26,,,9995.0,126.0
1,46600,DJEMBES,13381,59,,,,,13382,17,13383,42,,,13381.5,0.0
1,46600,CROISSANTS,4274,40,4273,60,,,4275,100,,,,,4274.5,0.0
1,46600,JAMS,6528,173,,,,,6530,173,,,,,6529.0,0.0
1,46700,PICNIC_BASKET1,58619,2,58618,11,58617,16,58628,2,58629,11,58630,16,58623.5,0.0
1,46700,PICNIC_BASKET2,30268,2,30267,27,,,30273,13,30274,16,,,30270.5,0.0
1,46700,CROISSANTS,4273,131,,,,,4275,131,,,,,4274.0,0.0
1,46700,JAMS,6528,255,,,,,6530,255,,,,,6529.0,0.0
1,46700,SQUID_INK,1894,29,,,,,1897,2,1898,27,,,1895.5,-1490.796875
1,46700,RAINFOREST_RESIN,9992,32,,,,,10008,32,,,,,10000.0,126.0
1,46700,DJEMBES,13382,48,,,,,13383,48,,,,,13382.5,0.0
1,46700,KELP,2034,29,,,,,2037,29,,,,,2035.5,-52.6484375
1,46800,RAINFOREST_RESIN,9992,25,,,,,10008,25,,,,,10000.0,126.0
1,46800,DJEMBES,13385,70,,,,,13386,70,,,,,13385.5,0.0
1,46800,CROISSANTS,4273,101,,,,,4275,101,,,,,4274.0,0.0
1,46800,JAMS,6528,247,,,,,6530,247,,,,,6529.0,0.0
1,46800,KELP,2034,32,,,,,2037,30,,,,,2035.5,-51.140625
1,46800,PICNIC_BASKET1,58618,2,58617,16,58616,25,58627,2,58628,16,58629,25,58622.5,0.0
1,46800,PICNIC_BASKET2,30264,2,30263,41,,,30269,18,30270,25,,,30266.5,0.0
1,46800,SQUID_INK,1894,32,,,,,1897,30,,,,,1895.5,-1480.28125
1,46900,JAMS,6528,195,,,,,6530,195,,,,,6529.0,0.0
1,46900,DJEMBES,13385,63,,,,,13386,15,13387,48,,,13385.5,0.0
1,46900,KELP,2034,25,,,,,2037,25,,,,,2035.5,-50.6171875
1,46900,PICNIC_BASKET2,30268,1,30267,27,,,30273,13,30274,15,,,30270.5,0.0
1,46900,PICNIC_BASKET1,58620,1,58619,12,58618,15,58629,1,58630,12,58631,15,58624.5,0.0
1,46900,CROISSANTS,4273,139,,,,,4275,139,,,,,4274.0,0.0
1,46900,SQUID_INK,1895,25,,,,,1898,25,,,,,1896.5,-1521.8046875
1,46900,RAINFOREST_RESIN,9997,3,9992,35,,,10008,35,,,,,10002.5,126.0
1,47000,JAMS,6528,187,,,,,6530,187,,,,,6529.0,0.0
1,47000,KELP,2035,3,2034,27,,,2036,3,2037,27,,,2035.5,-56.203125
1,47000,PICNIC_BASKET2,30270,1,30269,39,,,30275,15,30276,25,,,30272.5,0.0
1,47000,PICNIC_BASKET1,58623,1,58622,39,,,58632,1,58633,14,58634,25,58627.5,0.0
1,47000,SQUID_INK,1895,1,1894,26,,,1898,27,,,,,1896.5,-1498.4921875
1,47000,RAINFOREST_RESIN,9992,35,,,,,9998,4,10003,2,10008,35,9995.0,126.0
1,47000,DJEMBES,13387,25,13386,37,,,13388,62,,,,,13387.5,0.0
1,47000,CROISSANTS,4273,132,,,,,4275,132,,,,,4274.0,0.0
1,47100,PICNIC_BASKET2,30269,37,,,,,30275,11,30276,26,,,30272.0,0.0
1,47100,PICNIC_BASKET1,58621,11,58620,26,,,58632,11,58633,26,,,58626.5,0.0
1,47100,SQUID_INK,1895,1,1894,28,,,1897,28,,,,,1896.0,-1483.9609375
1,47100,RAINFOREST_RESIN,9992,35,,,,,10008,35,,,,,10000.0,126.0
1,47100,CROISSANTS,4273,101,,,,,4274,39,4275,62,,,4273.5,0.0
1,47100,JAMS,6528,160,,,,,6530,163,,,,,6529.0,0.0
1,47100,DJEMBES,13388,60,,,,,13390,60,,,,,13389.0,0.0
1,47100,KELP,2034,29,,,,,2037,28,,,,,2035.5,-58.2734375
1,47200,RAINFOREST_RESIN,9992,28,,,,,10008,28,,,,,10000.0,126.0
1,47200,DJEMBES,13388,54,,,,,13389,54,,,,,13388.5,0.0
1,47200,CROISSANTS,4273,125,,,,,4274,41,4275,84,,,4273.5,0.0
1,47200,JAMS,6528,256,,,,,6530,256,,,,,6529.0,0.0
1,47200,KELP,2034,17,,,,,2037,25,,,,,2035.5,-56.1640625
1,47200,PICNIC_BASKET2,30270,2,30269,30,,,30275,15,30276,17,,,30272.5,0.0
1,47200,PICNIC_BASKET1,58624,2,58623,30,,,58633,2,58634,13,58635,17,58628.5,0.0
1,47200,SQUID_INK,1894,17,,,,,1897,25,,,,,1895.5,-1461.03125
1,47300,CROISSANTS,4273,159,,,,,4275,159,,,,,4274.0,0.0
1,47300,JAMS,6529,100,6528,152,,,6530,100,6531,152,,,6529.5,0.0
1,47300,DJEMBES,13388,29,13387,44,,,13389,73,,,,,13388.5,0.0
1,47300,KELP,2034,30,,,,,2037,30,,,,,2035.5,-63.875
1,47300,PICNIC_BASKET2,30272,1,30271,44,,,30277,16,30278,29,,,30274.5,0.0
1,47300,PICNIC_BASKET1,58630,1,58629,15,58628,29,58639,1,58640,15,58641,29,58634.5,0.0
1,47300,SQUID_INK,1893,30,,,,,1897,30,,,,,1895.0,-1444.7734375
1,47300,RAINFOREST_RESIN,9992,28,,,,,10008,28,,,,,10000.0,126.0
1,47400,CROISSANTS,4273,148,,,,,4274,148,,,,,4273.5,0.0
1,47400,JAMS,6528,224,,,,,6530,224,,,,,6529.0,0.0
1,47400,KELP,2034,28,,,,,2036,2,2037,28,,,2035.0,-59.78125
1,47400,PICNIC_BASKET2,30274,18,30273,21,,,30280,39,,,,,30277.0,0.0
1,47400,PICNIC_BASKET1,58625,18,58624,21,,,58636,18,58637,21,,,58630.5,0.0
1,47400,SQUID_INK,1892,28,,,,,1894,2,1896,28,,,1893.0,-1399.7734375
1,47400,RAINFOREST_RESIN,9992,31,,,,,10008,31,,,,,10000.0,126.0
1,47400,DJEMBES,13385,21,13384,44,,,13386,65,,,,,13385.5,0.0
1,47500,PICNIC_BASKET2,30276,1,30274,13,30273,23,30279,2,30280,34,,,30277.5,0.0
1,47500,PICNIC_BASKET1,58637,1,58633,2,58632,11,58642,2,58643,11,58644,23,58639.5,0.0
1,47500,SQUID_INK,1892,23,,,,,1895,23,,,,,1893.5,-1381.1015625
1,47500,RAINFOREST_RESIN,9992,26,,,,,10008,26,,,,,10000.0,126.0
1,47500,CROISSANTS,4273,102,,,,,4274,102,,,,,4273.5,0.0
1,47500,JAMS,6529,9,6528,190,,,6530,190,,,,,6529.5,0.0
1,47500,DJEMBES,13387,58,,,,,13388,58,,,,,13387.5,0.0
1,47500,KELP,2034,23,,,,,2037,23,,,,,2035.5,-60.1484375
1,47600,RAINFOREST_RESIN,9992,29,,,,,10008,29,,,,,10000.0,126.0
1,47600,DJEMBES,13388,48,,,,,13389,48,,,,,13388.5,0.0
1,47600,CROISSANTS,4273,126,,,,,4274,126,,,,,4273.5,0.0
1,47600,JAMS,6528,217,,,,,6530,217,,,,,6529.0,0.0
1,47600,KELP,2034,29,,,,,2038,29,,,,,2036.0,-72.546875
1,47600,PICNIC_BASKET2,30274,12,30273,16,,,30280,28,,,,,30277.0,0.0
1,47600,PICNIC_BASKET1,58634,12,58633,16,,,58645,12,58646,16,,,58639.5,0.0
1,47600,SQUID_INK,1892,29,,,,,1895,29,,,,,1893.5,-1379.8359375
1,47700,CROISSANTS,4273,123,,,,,4274,123,,,,,4273.5,0.0
1,47700,JAMS,6529,71,6528,112,,,6530,71,6531,112,,,6529.5,0.0
1,47700,DJEMBES,13387,62,,,,,13389,62,,,,,13388.0,0.0
1,47700,KELP,2034,25,,,,,2037,2,2038,23,,,2035.5,-67.0703125
1,47700,PICNIC_BASKET2,30276,16,30275,28,,,30281,2,30282,42,,,30278.5,0.0
1,47700,PICNIC_BASKET1,58637,2,58636,14,58635,28,58646,2,58647,14,58648,28,58641.5,0.0
1,47700,SQUID_INK,1893,25,,,,,1896,25,,,,,1894.5,-1418.2578125
1,47700,RAINFOREST_RESIN,9992,30,,,,,10003,2,10008,30,,,9997.5,126.0
1,47800,CROISSANTS,4273,150,,,,,4274,150,,,,,4273.5,0.0
1,47800,JAMS,6529,206,,,,,6531,206,,,,,6530.0,0.0
1,47800,KELP,2034,28,,,,,2036,7,2038,28,,,2035.0,-72.53125
1,47800,PICNIC_BASKET2,30277,17,30276,15,,,30283,32,,,,,30280.0,0.0
1,47800,PICNIC_BASKET1,58638,1,58637,31,,,58647,1,58648,16,58649,15,58642.5,0.0
1,47800,SQUID_INK,1893,28,,,,,1895,7,1896,1,1897,27,1894.0,-1438.0234375
1,47800,RAINFOREST_RESIN,9992,31,,,,,9999,1,10008,31,,,9995.5,126.0
1,47800,DJEMBES,13387,51,,,,,13389,51,,,,,13388.0,0.0
1,47900,PICNIC_BASKET2,30278,15,30277,16,,,30284,31,,,,,30281.0,0.0
1,47900,PICNIC_BASKET1,58639,31,,,,,58650,15,58651,16,,,58644.5,0.0
1,47900,SQUID_INK,1894,1,1893,24,,,1897,24,,,,,1895.5,-1441.8203125
1,47900,RAINFOREST_RESIN,9992,26,,,,,10008,26,,,,,10000.0,126.0
1,47900,CROISSANTS,4273,59,4272,66,,,4274,125,,,,,4273.5,0.0
1,47900,JAMS,6529,256,,,,,6531,246,,,,,6530.0,0.0
1,47900,DJEMBES,13387,60,,,,,13388,16,13389,44,,,13387.5,0.0
1,47900,KELP,2035,1,2034,24,,,2038,24,,,,,2036.5,-73.5390625
1,48000,RAINFOREST_RESIN,9992,32,,,,,10008,32,,,,,10000.0,126.0
1,48000,DJEMBES,13388,58,,,,,13389,58,,,,,13388.5,0.0
1,48000,JAMS,6529,226,,,,,6531,226,,,,,6530.0,0.0
1,48000,CROISSANTS,4273,120,,,,,4274,120,,,,,4273.5,0.0
1,48000,PICNIC_BASKET1,58637,1,58636,19,58635,16,58641,8,58646,1,58647,19,58639.0,0.0
1,48000,PICNIC_BASKET2,30275,20,30274,16,,,30277,8,30281,36,,,30276.0,0.0
1,48000,KELP,2035,6,2034,29,,,2038,29,,,,,2036.5,-75.5390625
1,48000,SQUID_INK,1893,35,,,,,1896,29,,,,,1894.5,-1425.046875
1,48100,JAMS,6529,185,,,,,6530,50,6531,135,,,6529.5,0.0
1,48100,CROISSANTS,4272,96,,,,,4274,96,,,,,4273.0,0.0
1,48100,DJEMBES,13386,62,,,,,13387,30,13388,32,,,13386.5,0.0
1,48100,KELP,2034,22,,,,,2038,22,,,,,2036.0,-78.5546875
1,48100,SQUID_INK,1895,22,,,,,1898,22,,,,,1896.5,-1523.3828125
1,48100,RAINFOREST_RESIN,9992,27,,,,,10008,27,,,,,10000.0,126.0
1,48100,PICNIC_BASKET1,58633,14,58632,30,,,58643,1,58644,43,,,58638.0,0.0
1,48100,PICNIC_BASKET2,30275,14,30274,30,,,30281,44,,,,,30278.0,0.0
1,48200,CROISSANTS,4272,115,,,,,4274,115,,,,,4273.0,0.0
1,48200,JAMS,6529,68,6528,131,,,6530,68,6531,131,,,6529.5,0.0
1,48200,PICNIC_BASKET1,58633,1,58632,16,58631,18,58642,1,58643,16,58644,18,58637.5,0.0
1,48200,PICNIC_BASKET2,30276,1,30275,34,,,30281,1,30282,34,,,30278.5,0.0
1,48200,KELP,2034,26,,,,,2038,26,,,,,2036.0,-81.0390625
1,48200,SQUID_INK,1897,1,1896,25,,,1900,26,,,,,1898.5,-1595.1875
1,48200,DJEMBES,13387,51,,,,,13389,51,,,,,13388.0,0.0
1,48200,RAINFOREST_RESIN,9992,33,,,,,10008,33,,,,,10000.0,126.0
1,48300,SQUID_INK,1896,26,,,,,1899,26,,,,,1897.5,-1554.6328125
1,48300,RAINFOREST_RESIN,9992,25,,,,,10008,25,,,,,10000.0,128.0
1,48300,PICNIC_BASKET1,58627,2,58626,10,58625,26,58636,2,58637,10,58638,26,58631.5,0.0
1,48300,PICNIC_BASKET2,30276,2,30275,36,,,30281,12,30282,26,,,30278.5,0.0
1,48300,CROISSANTS,4272,138,,,,,4273,138,,,,,4272.5,0.0
1,48300,JAMS,6529,91,6528,167,,,6530,91,6531,167,,,6529.5,0.0
1,48300,DJEMBES,13386,61,,,,,13387,61,,,,,13386.5,0.0
1,48300,KELP,2034,26,,,,,2038,26,,,,,2036.0,-73.109375
1,48400,DJEMBES,13385,19,13384,47,,,13386,66,,,,,13385.5,0.0
1,48400,RAINFOREST_RESIN,10002,5,9992,32,,,10003,5,10008,32,,,10002.5,129.0
1,48400,CROISSANTS,4272,122,,,,,4273,122,,,,,4272.5,0.0
1,48400,JAMS,6529,210,,,,,6531,210,,,,,6530.0,0.0
1,48400,PICNIC_BASKET1,58633,13,58632,19,,,58644,13,58645,19,,,58638.5,0.0
1,48400,PICNIC_BASKET2,30276,13,30275,19,,,30282,32,,,,,30279.0,0.0
1,48400,KELP,2034,22,,,,,2038,23,,,,,2036.0,-67.0703125
1,48400,SQUID_INK,1897,22,,,,,1900,23,,,,,1898.5,-1610.765625
1,48500,CROISSANTS,4271,109,,,,,4273,109,,,,,4272.0,0.0
1,48500,JAMS,6529,73,6528,118,,,6530,73,6531,118,,,6529.5,0.0
1,48500,DJEMBES,13384,66,,,,,13386,66,,,,,13385.0,0.0
1,48500,KELP,2036,1,2034,29,,,2037,29,,,,,2036.5,-63.5625
1,48500,RAINFOREST_RESIN,9992,34,,,,,9999,1,10008,34,,,9995.5,129.0
1,48500,SQUID_INK,1899,1,1897,29,,,1901,29,,,,,1900.0,-1642.7890625
1,48500,PICNIC_BASKET1,58629,19,58628,22,,,58640,19,58641,22,,,58634.5,0.0
1,48500,PICNIC_BASKET2,30274,41,,,,,30280,19,30281,22,,,30277.0,0.0
1,48600,KELP,2034,24,,,,,2036,4,2037,2,2038,22,2035.0,-67.9609375
1,48600,CROISSANTS,4272,50,4271,93,,,4273,143,,,,,4272.5,0.0
1,48600,JAMS,6529,93,6528,194,,,6530,93,6531,194,,,6529.5,0.0
1,48600,SQUID_INK,1896,24,,,,,1898,4,1899,24,,,1897.0,-1577.1171875
1,48600,PICNIC_BASKET1,58631,2,58630,12,58629,24,58640,2,58641,12,58642,24,58635.5,0.0
1,48600,PICNIC_BASKET2,30277,14,30276,24,,,30283,38,,,,,30280.0,0.0
1,48600,DJEMBES,13385,74,,,,,13386,74,,,,,13385.5,0.0
1,48600,RAINFOREST_RESIN,9992,31,,,,,10008,31,,,,,10000.0,126.0
1,48700,RAINFOREST_RESIN,9992,25,,,,,10008,25,,,,,10000.0,130.0
1,48700,SQUID_INK,1896,28,,,,,1899,28,,,,,1897.5,-1582.46875
1,48700,PICNIC_BASKET1,58635,1,58634,17,58633,20,58644,1,58645,17,58646,20,58639.5,0.0
1,48700,PICNIC_BASKET2,30278,18,30277,20,,,30283,1,30284,37,,,30280.5,0.0
1,48700,KELP,2034,28,,,,,2037,28,,,,,2035.5,-61.875
1,48700,CROISSANTS,4272,38,4271,56,,,4273,94,,,,,4272.5,0.0
1,48700,JAMS,6529,56,6528,177,,,6530,56,6531,177,,,6529.5,0.0
1,48700,DJEMBES,13388,62,,,,,13389,20,13390,42,,,13388.5,0.0
1,48800,DJEMBES,13388,22,13387,49,,,13389,71,,,,,13388.5,0.0
1,48800,RAINFOREST_RESIN,9992,35,,,,,10008,35,,,,,10000.0,130.0
1,48800,KELP,2034,26,,,,,2037,23,,,,,2035.5,-63.296875
1,48800,CROISSANTS,4271,120,,,,,4273,120,,,,,4272.0,0.0
1,48800,JAMS,6529,85,6528,199,,,6530,85,6531,199,,,6529.5,0.0
1,48800,SQUID_INK,1896,5,1895,21,,,1899,23,,,,,1897.5,-1545.15625
1,48800,PICNIC_BASKET1,58635,2,58634,12,58633,22,58644,2,58645,12,58646,22,58639.5,0.0
1,48800,PICNIC_BASKET2,30279,14,30278,22,,,30285,36,,,,,30282.0,0.0
1,48900,KELP,2034,29,,,,,2037,24,,,,,2035.5,-63.8515625
1,48900,CROISSANTS,4272,48,4271,99,,,4273,147,,,,,4272.5,0.0
1,48900,JAMS,6529,99,6528,155,,,6530,99,6531,155,,,6529.5,0.0
1,48900,DJEMBES,13387,65,,,,,13389,65,,,,,13388.0,0.0
1,48900,RAINFOREST_RESIN,9992,31,,,,,10008,31,,,,,10000.0,130.0
1,48900,SQUID_INK,1896,29,,,,,1899,24,,,,,1897.5,-1576.90625
1,48900,PICNIC_BASKET1,58633,16,58632,16,,,58644,16,58645,16,,,58638.5,0.0
1,48900,PICNIC_BASKET2,30279,16,30278,16,,,30285,32,,,,,30282.0,0.0
1,49000,KELP,2034,22,,,,,2037,22,,,,,2035.5,-63.8515625
1,49000,CROISSANTS,4271,129,,,,,4273,129,,,,,4272.0,0.0
1,49000,JAMS,6529,68,6528,144,,,6530,68,6531,144,,,6529.5,0.0
1,49000,SQUID_INK,1896,22,,,,,1899,22,,,,,1897.5,-1576.6796875
1,49000,PICNIC_BASKET1,58637,15,58636,20,,,58648,15,58649,20,,,58642.5,0.0
1,49000,PICNIC_BASKET2,30279,15,30278,20,,,30285,35,,,,,30282.0,0.0
1,49000,DJEMBES,13387,58,,,,,13388,20,13389,38,,,13387.5,0.0
1,49000,RAINFOREST_RESIN,9992,29,,,,,10003,8,10008,29,,,9997.5,130.0
1,49100,RAINFOREST_RESIN,9992,35,,,,,10008,35,,,,,10000.0,130.0
1,49100,SQUID_INK,1895,32,,,,,1898,31,,,,,1896.5,-1524.140625
1,49100,PICNIC_BASKET2,30281,3,30279,20,30278,20,30284,1,30285,39,,,30282.5,0.0
1,49100,PICNIC_BASKET1,58638,3,58634,1,58633,19,58643,1,58644,19,58645,20,58640.5,0.0
1,49100,DJEMBES,13387,20,13386,44,,,13388,64,,,,,13387.5,0.0
1,49100,KELP,2034,32,,,,,2037,31,,,,,2035.5,-62.8046875
1,49100,CROISSANTS,4271,133,,,,,4272,63,4273,70,,,4271.5,0.0
1,49100,JAMS,6529,212,,,,,6531,212,,,,,6530.0,0.0
1,49200,DJEMBES,13386,26,13385,42,,,13387,68,,,,,13386.5,0.0
1,49200,RAINFOREST_RESIN,9992,29,,,,,10008,29,,,,,10000.0,130.0
1,49200,KELP,2034,29,,,,,2037,29,,,,,2035.5,-63.328125
1,49200,CROISSANTS,4271,135,,,,,4272,59,4273,76,,,4271.5,0.0
1,49200,SQUID_INK,1895,29,,,,,1898,29,,,,,1896.5,-1499.328125
1,49200,PICNIC_BASKET2,30276,12,30275,26,,,30282,38,,,,,30279.0,0.0
1,49200,PICNIC_BASKET1,58633,12,58632,26,,,58644,12,58645,26,,,58638.5,0.0
1,49200,JAMS,6529,272,,,,,6531,272,,,,,6530.0,0.0
1,49300,DJEMBES,13386,17,13385,35,,,13387,52,,,,,13386.5,0.0
1,49300,KELP,2035,2,2034,31,,,2037,1,2038,30,,,2036.0,-65.78125
1,49300,CROISSANTS,4271,137,,,,,4272,46,4273,91,,,4271.5,0.0
1,49300,JAMS,6530,103,6529,169,,,6531,91,6532,169,,,6530.5,0.0
1,49300,RAINFOREST_RESIN,9992,30,,,,,10008,30,,,,,10000.0,130.0
1,49300,SQUID_INK,1895,2,1894,31,,,1897,31,,,,,1896.0,-1451.3515625
1,49300,PICNIC_BASKET2,30277,1,30276,35,,,30282,1,30283,35,,,30279.5,0.0
1,49300,PICNIC_BASKET1,58630,1,58629,18,58628,17,58639,1,58640,18,58641,17,58634.5,0.0
1,49400,KELP,2036,1,2034,28,,,2037,1,2038,21,,,2036.5,-63.84375
1,49400,SQUID_INK,1893,1,1892,6,1891,22,1895,22,,,,,1894.0,-1339.5625
1,49400,PICNIC_BASKET2,30281,3,30279,14,30278,18,30285,32,,,,,30283.0,0.0
1,49400,PICNIC_BASKET1,58632,3,58628,1,58627,13,58637,1,58638,13,58639,18,58634.5,0.0
1,49400,CROISSANTS,4271,119,,,,,4272,42,4273,77,,,4271.5,0.0
1,49400,JAMS,6530,194,,,,,6532,194,,,,,6531.0,0.0
1,49400,DJEMBES,13386,18,13385,49,,,13387,67,,,,,13386.5,0.0
1,49400,RAINFOREST_RESIN,9992,28,,,,,9999,1,10003,2,10008,28,9995.5,130.0
1,49500,RAINFOREST_RESIN,10002,3,9992,27,,,10008,27,,,,,10005.0,130.0
1,49500,SQUID_INK,1894,1,1892,22,,,1895,22,,,,,1894.5,-1349.6875
1,49500,PICNIC_BASKET2,30277,48,,,,,30283,21,30284,27,,,30280.0,0.0
1,49500,PICNIC_BASKET1,58627,1,58626,47,,,58636,1,58637,20,58638,27,58631.5,0.0
1,49500,DJEMBES,13385,27,13384,44,,,13386,71,,,,,13385.5,0.0
1,49500,KELP,2036,1,2034,22,,,2037,22,,,,,2036.5,-63.109375
1,49500,CROISSANTS,4272,142,,,,,4273,142,,,,,4272.5,0.0
1,49500,JAMS,6529,284,,,,,6531,290,,,,,6530.0,0.0
1,49600,DJEMBES,13384,54,,,,,13385,54,,,,,13384.5,0.0
1,49600,RAINFOREST_RESIN,9992,27,,,,,10008,27,,,,,10000.0,130.0
1,49600,SQUID_INK,1891,2,1890,21,,,1894,23,,,,,1892.5,-1296.609375
1,49600,KELP,2034,23,,,,,2038,23,,,,,2036.0,-73.7890625
1,49600,PICNIC_BASKET2,30274,21,30273,16,,,30279,2,30280,35,,,30276.5,0.0
1,49600,PICNIC_BASKET1,58622,2,58621,19,58620,16,58631,2,58632,19,58633,16,58626.5,0.0
1,49600,CROISSANTS,4272,109,,,,,4273,115,,,,,4272.5,0.0
1,49600,JAMS,6528,160,,,,,6529,50,6530,110,,,6528.5,0.0
1,49700,DJEMBES,13385,16,13384,37,,,13386,53,,,,,13385.5,0.0
1,49700,KELP,2034,29,,,,,2036,6,2038,29,,,2035.0,-72.2578125
1,49700,CROISSANTS,4272,132,,,,,4273,132,,,,,4272.5,0.0
1,49700,JAMS,6528,83,6527,148,,,6529,83,6530,148,,,6528.5,0.0
1,49700,RAINFOREST_RESIN,9992,28,,,,,10008,28,,,,,10000.0,130.0
1,49700,SQUID_INK,1890,29,,,,,1892,6,1893,29,,,1891.0,-1254.3203125
1,49700,PICNIC_BASKET2,30272,28,,,,,30278,12,30279,16,,,30275.0,0.0
1,49700,PICNIC_BASKET1,58619,28,,,,,58630,12,58631,16,,,58624.5,0.0
1,49800,SQUID_INK,1890,23,,,,,1893,23,,,,,1891.5,-1250.4296875
1,49800,KELP,2034,23,,,,,2038,23,,,,,2036.0,-72.2734375
1,49800,PICNIC_BASKET2,30273,2,30272,45,,,30278,19,30279,28,,,30275.5,0.0
1,49800,PICNIC_BASKET1,58618,19,58617,28,,,58628,19,58629,28,,,58623.0,0.0
1,49800,CROISSANTS,4272,45,4271,91,,,4273,136,,,,,4272.5,0.0
1,49800,JAMS,6528,91,6527,180,,,6529,91,6530,180,,,6528.5,0.0
1,49800,DJEMBES,13385,76,,,,,13387,76,,,,,13386.0,0.0
1,49800,RAINFOREST_RESIN,9992,28,,,,,10008,28,,,,,10000.0,130.0
1,49900,RAINFOREST_RESIN,9992,35,,,,,10008,35,,,,,10000.0,130.0
1,49900,SQUID_INK,1890,27,,,,,1892,1,1894,27,,,1891.0,-1292.3125
1,49900,PICNIC_BASKET2,30274,28,,,,,30280,12,30281,16,,,30277.0,0.0
1,49900,PICNIC_BASKET1,58617,12,58616,16,,,58628,12,58629,16,,,58622.5,0.0
1,49900,DJEMBES,13384,50,,,,,13386,50,,,,,13385.0,0.0
1,49900,KELP,2034,27,,,,,2036,1,2038,27,,,2035.0,-71.28125
1,49900,CROISSANTS,4272,45,4271,67,,,4273,112,,,,,4272.5,0.0
1,49900,JAMS,6527,224,,,,,6529,224,,,,,6528.0,0.0
1,50000,DJEMBES,13386,54,,,,,13387,54,,,,,13386.5,0.0
1,50000,RAINFOREST_RESIN,9992,27,,,,,10008,27,,,,,10000.0,130.0
1,50000,SQUID_INK,1892,23,,,,,1895,23,,,,,1893.5,-1360.3046875
1,50000,KELP,2034,23,,,,,2038,23,,,,,2036.0,-72.7578125
1,50000,PICNIC_BASKET2,30273,2,30272,34,,,30278,17,30279,19,,,30275.5,0.0
1,50000,PICNIC_BASKET1,58622,2,58621,15,58620,19,58631,2,58632,15,58633,19,58626.5,0.0
1,50000,CROISSANTS,4271,104,,,,,4272,39,4273,65,,,4271.5,0.0
1,50000,JAMS,6527,237,,,,,6529,237,,,,,6528.0,0.0
1,50100,DJEMBES,13386,66,,,,,13387,20,13388,46,,,13386.5,0.0
1,50100,KELP,2034,26,,,,,2038,26,,,,,2036.0,-76.3203125
1,50100,CROISSANTS,4272,55,4271,99,,,4273,154,,,,,4272.5,0.0
1,50100,JAMS,6527,286,,,,,6529,286,,,,,6528.0,0.0
1,50100,RAINFOREST_RESIN,9992,31,,,,,10008,31,,,,,10000.0,140.0
1,50100,SQUID_INK,1891,26,,,,,1894,26,,,,,1892.5,-1328.5859375
1,50100,PICNIC_BASKET2,30274,2,30273,32,,,30279,2,30280,32,,,30276.5,0.0
1,50100,PICNIC_BASKET1,58628,2,58627,12,58626,20,58637,2,58638,12,58639,20,58632.5,0.0
1,50200,SQUID_INK,1892,28,,,,,1895,26,,,,,1893.5,-1354.15625
1,50200,KELP,2035,3,2034,25,,,2038,26,,,,,2036.5,-84.703125
1,50200,PICNIC_BASKET2,30274,13,30273,30,,,30279,1,30280,42,,,30276.5,0.0
1,50200,JAMS,6528,52,6527,112,,,6529,52,6530,112,,,6528.5,0.0
1,50200,PICNIC_BASKET1,58623,1,58622,12,58621,30,58632,1,58633,12,58634,30,58627.5,0.0
1,50200,CROISSANTS,4272,40,4271,52,,,4273,92,,,,,4272.5,0.0
1,50200,DJEMBES,13388,67,,,,,13389,67,,,,,13388.5,0.0
1,50200,RAINFOREST_RESIN,9992,26,,,,,10008,26,,,,,10000.0,140.0
1,50300,RAINFOREST_RESIN,9992,34,,,,,10008,34,,,,,10000.0,140.0
1,50300,SQUID_INK,1890,26,,,,,1892,3,1894,26,,,1891.0,-1289.0
1,50300,PICNIC_BASKET1,58622,1,58621,15,58620,29,58631,1,58632,15,58633,29,58626.5,0.0
1,50300,PICNIC_BASKET2,30273,1,30272,44,,,30278,16,30279,29,,,30275.5,0.0
1,50300,DJEMBES,13387,70,,,,,13389,70,,,,,13388.0,0.0
1,50300,KELP,2035,1,2034,25,,,2037,3,2038,26,,,2036.0,-84.1875
1,50300,JAMS,6528,280,,,,,6530,280,,,,,6529.0,0.0
1,50300,CROISSANTS,4271,150,,,,,4272,150,,,,,4271.5,0.0
1,50400,DJEMBES,13388,28,13387,30,,,13389,58,,,,,13388.5,0.0
1,50400,RAINFOREST_RESIN,9992,30,,,,,10008,30,,,,,10000.0,140.0
1,50400,SQUID_INK,1890,22,,,,,1893,23,,,,,1891.5,-1266.734375
1,50400,PICNIC_BASKET1,58623,1,58622,20,58621,28,58632,1,58633,20,58634,28,58627.5,0.0
1,50400,PICNIC_BASKET2,30272,1,30271,48,,,30277,21,30278,28,,,30274.5,0.0
1,50400,KELP,2034,22,,,,,2038,23,,,,,2036.0,-83.65625
1,50400,CROISSANTS,4271,52,4270,65,,,4272,117,,,,,4271.5,0.0
1,50400,JAMS,6528,266,,,,,6530,255,,,,,6529.0,0.0
1,50500,DJEMBES,13387,29,13386,41,,,13388,70,,,,,13387.5,0.0
1,50500,KELP,2035,20,,,,,2038,20,,,,,2036.5,-85.7421875
1,50500,CROISSANTS,4271,122,,,,,4272,128,,,,,4271.5,0.0
1,50500,JAMS,6528,91,6527,176,,,6529,91,6530,176,,,6528.5,0.0
1,50500,RAINFOREST_RESIN,9992,35,,,,,10008,35,,,,,10000.0,140.0
1,50500,SQUID_INK,1891,20,,,,,1894,20,,,,,1892.5,-1300.8984375
1,50500,PICNIC_BASKET1,58616,10,58615,29,,,58627,10,58628,29,,,58621.5,0.0
1,50500,PICNIC_BASKET2,30266,10,30265,29,,,30272,39,,,,,30269.0,0.0
1,50600,SQUID_INK,1895,1,1893,24,,,1896,24,,,,,1895.5,-1421.34375
1,50600,PICNIC_BASKET1,58608,1,58607,11,58606,29,58612,7,58617,1,58618,11,58610.0,0.0
1,50600,PICNIC_BASKET2,30265,12,30264,29,,,30267,7,30270,1,30271,40,30266.0,0.0
1,50600,KELP,2037,1,2034,24,,,2038,24,,,,,2037.5,-79.0078125
1,50600,CROISSANTS,4271,46,4270,53,,,4272,99,,,,,4271.5,0.0
1,50600,JAMS,6527,215,,,,,6529,215,,,,,6528.0,0.0
1,50600,DJEMBES,13387,62,,,,,13388,62,,,,,13387.5,0.0
1,50600,RAINFOREST_RESIN,9992,27,,,,,10008,27,,,,,10000.0,140.0
1,50700,RAINFOREST_RESIN,9992,30,,,,,10008,30,,,,,10000.0,140.0
1,50700,SQUID_INK,1892,21,,,,,1894,2,1896,21,,,1893.0,-1389.1015625
1,50700,PICNIC_BASKET1,58601,11,58600,19,,,58612,11,58613,19,,,58606.5,0.0
1,50700,PICNIC_BASKET2,30268,30,,,,,30275,30,,,,,30271.5,0.0
1,50700,DJEMBES,13387,54,,,,,13388,54,,,,,13387.5,0.0
1,50700,KELP,2034,21,,,,,2036,2,2038,21,,,2035.0,-81.015625
1,50700,CROISSANTS,4271,101,,,,,4272,101,,,,,4271.5,0.0
1,50700,JAMS,6527,194,,,,,6529,194,,,,,6528.0,0.0
1,50800,DJEMBES,13389,50,,,,,13390,16,13391,34,,,13389.5,0.0
1,50800,RAINFOREST_RESIN,9992,32,,,,,10008,32,,,,,10000.0,140.0
1,50800,PICNIC_BASKET1,58609,2,58608,10,58607,16,58618,2,58619,10,58620,16,58613.5,0.0
1,50800,PICNIC_BASKET2,30273,2,30272,26,,,30278,12,30279,16,,,30275.5,0.0
1,50800,CROISSANTS,4271,135,,,,,4272,135,,,,,4271.5,0.0
1,50800,JAMS,6528,98,6527,140,,,6529,238,,,,,6528.5,0.0
1,50800,SQUID_INK,1893,31,,,,,1895,3,1896,31,,,1894.0,-1419.7109375
1,50800,KELP,2035,2,2034,29,,,2037,3,2038,31,,,2036.0,-83.625
1,50900,KELP,2035,21,,,,,2038,22,,,,,2036.5,-90.1953125
1,50900,DJEMBES,13390,69,,,,,13391,69,,,,,13390.5,0.0
1,50900,CROISSANTS,4271,110,,,,,4272,49,4273,61,,,4271.5,0.0
1,50900,JAMS,6528,209,,,,,6529,61,6530,148,,,6528.5,0.0
1,50900,RAINFOREST_RESIN,9992,26,,,,,10008,26,,,,,10000.0,140.0
1,50900,PICNIC_BASKET1,58617,6,58612,16,58611,24,58623,16,58624,24,,,58620.0,0.0
1,50900,PICNIC_BASKET2,30277,6,30274,40,,,30280,16,30281,24,,,30278.5,0.0
1,50900,SQUID_INK,1892,21,,,,,1895,22,,,,,1893.5,-1377.1484375
1,51000,PICNIC_BASKET1,58609,1,58608,15,58607,20,58618,1,58619,15,58620,20,58613.5,0.0
1,51000,PICNIC_BASKET2,30277,1,30276,35,,,30282,1,30283,35,,,30279.5,0.0
1,51000,CROISSANTS,4271,114,,,,,4272,56,4273,58,,,4271.5,0.0
1,51000,JAMS,6528,189,,,,,6530,189,,,,,6529.0,0.0
1,51000,SQUID_INK,1894,31,,,,,1897,31,,,,,1895.5,-1465.6328125
1,51000,KELP,2035,31,,,,,2038,31,,,,,2036.5,-85.59375
1,51000,DJEMBES,13389,50,,,,,13390,50,,,,,13389.5,0.0
1,51000,RAINFOREST_RESIN,9992,29,,,,,10008,29,,,,,10000.0,140.0
1,51100,RAINFOREST_RESIN,9992,35,,,,,10008,35,,,,,10000.0,140.0
1,51100,PICNIC_BASKET1,58611,11,58610,19,,,58621,1,58622,29,,,58616.0,0.0
1,51100,PICNIC_BASKET2,30275,11,30274,19,,,30280,1,30281,29,,,30277.5,0.0
1,51100,SQUID_INK,1893,27,,,,,1896,27,,,,,1894.5,-1432.7265625
1,51100,KELP,2034,27,,,,,2038,27,,,,,2036.0,-76.8984375
1,51100,DJEMBES,13388,56,,,,,13390,56,,,,,13389.0,0.0
1,51100,CROISSANTS,4271,100,,,,,4273,100,,,,,4272.0,0.0
1,51100,JAMS,6528,168,,,,,6530,168,,,,,6529.0,0.0
1,51200,DJEMBES,13389,28,13388,33,,,13390,61,,,,,13389.5,0.0
1,51200,RAINFOREST_RESIN,9992,33,,,,,10008,33,,,,,10000.0,140.0
1,51200,PICNIC_BASKET1,58620,16,58619,28,,,58631,16,58632,28,,,58625.5,0.0
1,51200,PICNIC_BASKET2,30280,44,,,,,30286,16,30287,28,,,30283.0,0.0
1,51200,CROISSANTS,4272,121,,,,,4274,121,,,,,4273.0,0.0
1,51200,JAMS,6528,57,6527,148,,,6529,57,6530,148,,,6528.5,0.0
1,51200,SQUID_INK,1894,30,,,,,1898,30,,,,,1896.0,-1487.03125
1,51200,KELP,2034,30,,,,,2038,30,,,,,2036.0,-78.3984375
1,51300,JAMS,6528,72,6527,116,,,6529,72,6530,116,,,6528.5,0.0
1,51300,KELP,2034,28,,,,,2038,28,,,,,2036.0,-79.484375
1,51300,CROISSANTS,4273,113,,,,,4274,41,4275,72,,,4273.5,0.0
1,51300,RAINFOREST_RESIN,9992,27,,,,,10008,27,,,,,10000.0,140.0
1,51300,DJEMBES,13388,30,13387,50,,,13389,80,,,,,13388.5,0.0
1,51300,PICNIC_BASKET1,58625,12,58624,30,,,58636,12,58637,30,,,58630.5,0.0
1,51300,PICNIC_BASKET2,30282,42,,,,,30288,12,30289,30,,,30285.0,0.0
1,51300,SQUID_INK,1894,28,,,,,1897,28,,,,,1895.5,-1482.1796875
1,51400,PICNIC_BASKET2,30285,1,30284,36,,,30290,21,30291,16,,,30287.5,0.0
1,51400,PICNIC_BASKET1,58624,21,58623,16,,,58634,1,58635,36,,,58629.0,0.0
1,51400,CROISSANTS,4273,132,,,,,4275,132,,,,,4274.0,0.0
1,51400,SQUID_INK,1895,27,,,,,1898,27,,,,,1896.5,-1500.984375
1,51400,JAMS,6528,71,6527,110,,,6529,71,6530,110,,,6528.5,0.0
1,51400,DJEMBES,13388,54,,,,,13389,16,13390,38,,,13388.5,0.0
1,51400,KELP,2034,27,,,,,2038,27,,,,,2036.0,-77.515625
1,51400,RAINFOREST_RESIN,9992,32,,,,,10008,32,,,,,10000.0,140.0
1,51500,RAINFOREST_RESIN,9992,35,,,,,10003,8,10008,35,,,9997.5,140.0
1,51500,DJEMBES,13388,54,,,,,13389,54,,,,,13388.5,0.0
1,51500,PICNIC_BASKET2,30290,16,30289,16,,,30295,2,30296,30,,,30292.5,0.0
1,51500,PICNIC_BASKET1,58629,2,58628,14,58627,16,58638,2,58639,14,58640,16,58633.5,0.0
1,51500,SQUID_INK,1895,22,,,,,1896,3,1898,22,,,1895.5,-1499.71875
1,51500,CROISSANTS,4274,117,,,,,4275,117,,,,,4274.5,0.0
1,51500,JAMS,6529,82,6528,122,,,6530,82,6531,122,,,6529.5,0.0
1,51500,KELP,2034,22,,,,,2036,3,2038,22,,,2035.0,-77.515625
1,51600,RAINFOREST_RESIN,9992,30,,,,,10008,30,,,,,10000.0,176.0
1,51600,PICNIC_BASKET2,30286,33,,,,,30289,2,30292,12,30293,21,30287.5,0.0
1,51600,PICNIC_BASKET1,58626,12,58625,21,,,58631,2,58637,12,58638,21,58628.5,0.0
1,51600,SQUID_INK,1895,22,,,,,1898,23,,,,,1896.5,-1519.6484375
1,51600,CROISSANTS,4274,36,4273,64,,,4275,100,,,,,4274.5,0.0
1,51600,JAMS,6529,72,6528,168,,,6530,64,6531,168,,,6529.5,0.0
1,51600,DJEMBES,13388,69,,,,,13389,69,,,,,13388.5,0.0
1,51600,KELP,2034,23,,,,,2035,1,2038,23,,,2034.5,-79.5390625
1,51700,CROISSANTS,4273,122,,,,,4275,122,,,,,4274.0,0.0
1,51700,JAMS,6529,241,,,,,6531,241,,,,,6530.0,0.0
1,51700,KELP,2035,2,2034,26,,,2036,2,2038,28,,,2035.5,-80.5703125
1,51700,RAINFOREST_RESIN,10002,4,9992,26,,,10008,26,,,,,10005.0,176.0
1,51700,DJEMBES,13390,74,,,,,13391,28,13392,46,,,13390.5,0.0
1,51700,PICNIC_BASKET2,30290,16,30289,28,,,30295,2,30296,42,,,30292.5,0.0
1,51700,PICNIC_BASKET1,58633,2,58632,14,58631,28,58642,2,58643,14,58644,28,58637.5,0.0
1,51700,SQUID_INK,1896,28,,,,,1898,2,1899,28,,,1897.0,-1571.0078125
1,51800,PICNIC_BASKET2,30284,39,,,,,30291,39,,,,,30287.5,0.0
1,51800,PICNIC_BASKET1,58636,10,58635,29,,,58647,10,58648,29,,,58641.5,0.0
1,51800,SQUID_INK,1896,30,,,,,1899,30,,,,,1897.5,-1571.3984375
1,51800,CROISSANTS,4273,137,,,,,4275,137,,,,,4274.0,0.0
1,51800,JAMS,6529,185,,,,,6531,185,,,,,6530.0,0.0
1,51800,DJEMBES,13391,29,13390,32,,,13392,61,,,,,13391.5,0.0
1,51800,KELP,2034,30,,,,,2038,30,,,,,2036.0,-83.078125
1,51800,RAINFOREST_RESIN,9992,25,,,,,10008,25,,,,,10000.0,224.0
1,51900,RAINFOREST_RESIN,9992,31,,,,,10008,31,,,,,10000.0,224.0
1,51900,DJEMBES,13392,15,13391,30,,,13393,45,,,,,13392.5,0.0
1,51900,PICNIC_BASKET2,30283,29,,,,,30289,14,30290,15,,,30286.0,0.0
1,51900,PICNIC_BASKET1,58634,14,58633,15,,,58645,14,58646,15,,,58639.5,0.0
1,51900,SQUID_INK,1897,30,,,,,1899,4,1900,30,,,1898.0,-1624.4609375
1,51900,CROISSANTS,4273,121,,,,,4274,121,,,,,4273.5,0.0
1,51900,JAMS,6529,216,,,,,6531,216,,,,,6530.0,0.0
1,51900,KELP,2034,30,,,,,2037,4,2038,30,,,2035.5,-83.5859375
1,52000,RAINFOREST_RESIN,9992,32,,,,,10008,32,,,,,10000.0,224.0
1,52000,PICNIC_BASKET2,30277,44,,,,,30283,18,30284,26,,,30280.0,0.0
1,52000,PICNIC_BASKET1,58636,1,58635,17,58634,26,58645,1,58646,17,58647,26,58640.5,0.0
1,52000,SQUID_INK,1899,3,1898,31,,,1901,31,,,,,1900.0,-1658.390625
1,52000,CROISSANTS,4272,113,,,,,4273,55,4274,58,,,4272.5,0.0
1,52000,JAMS,6529,169,,,,,6531,169,,,,,6530.0,0.0
1,52000,DJEMBES,13390,70,,,,,13391,26,13392,44,,,13390.5,0.0
1,52000,KELP,2036,3,2035,1,2034,30,2038,31,,,,,2037.0,-80.109375
1,52100,CROISSANTS,4272,128,,,,,4274,128,,,,,4273.0,0.0
1,52100,JAMS,6528,222,,,,,6530,222,,,,,6529.0,0.0
1,52100,KELP,2034,24,,,,,2038,24,,,,,2036.0,-83.21875
1,52100,RAINFOREST_RESIN,9992,34,,,,,10008,34,,,,,10000.0,224.0
1,52100,DJEMBES,13389,71,,,,,13390,71,,,,,13389.5,0.0
1,52100,PICNIC_BASKET2,30274,19,30273,25,,,30280,44,,,,,30277.0,0.0
1,52100,PICNIC_BASKET1,58638,19,58637,25,,,58649,19,58650,25,,,58643.5,0.0
1,52100,SQUID_INK,1898,24,,,,,1901,24,,,,,1899.5,-1651.25
1,52200,PICNIC_BASKET2,30270,2,30269,30,,,30275,2,30276,30,,,30272.5,0.0
1,52200,PICNIC_BASKET1,58631,2,58630,30,,,58641,16,58642,16,,,58636.0,0.0
1,52200,SQUID_INK,1897,22,,,,,1899,2,1900,22,,,1898.0,-1612.890625
1,52200,CROISSANTS,4272,128,,,,,4273,128,,,,,4272.5,0.0
1,52200,JAMS,6527,224,,,,,6529,224,,,,,6528.0,0.0
1,52200,DJEMBES,13389,49,,,,,13390,16,13391,33,,,13389.5,0.0
1,52200,KELP,2035,22,,,,,2037,2,2038,22,,,2036.0,-86.2578125
1,52200,RAINFOREST_RESIN,9992,27,,,,,10008,27,,,,,10000.0,238.0
1,52300,RAINFOREST_RESIN,9997,3,9992,30,,,10008,30,,,,,10002.5,242.0
1,52300,DJEMBES,13389,18,13388,33,,,13390,51,,,,,13389.5,0.0
1,52300,PICNIC_BASKET2,30270,2,30269,35,,,30275,19,30276,18,,,30272.5,0.0
1,52300,PICNIC_BASKET1,58627,2,58626,17,58625,18,58636,2,58637,17,58638,18,58631.5,0.0
1,52300,SQUID_INK,1898,25,,,,,1900,1,1901,25,,,1899.0,-1671.7421875
1,52300,CROISSANTS,4272,103,,,,,4273,103,,,,,4272.5,0.0
1,52300,JAMS,6527,208,,,,,6529,208,,,,,6528.0,0.0
1,52300,KELP,2035,25,,,,,2037,1,2038,25,,,2036.0,-91.4296875
1,52400,RAINFOREST_RESIN,10002,3,9992,25,,,10008,25,,,,,10005.0,242.0
1,52400,PICNIC_BASKET2,30272,14,30271,27,,,30277,1,30278,40,,,30274.5,0.0
1,52400,PICNIC_BASKET1,58634,1,58633,13,58632,27,58643,1,58644,13,58645,27,58638.5,0.0
1,52400,SQUID_INK,1899,4,1898,1,1897,26,1901,27,,,,,1900.0,-1644.0390625
1,52400,CROISSANTS,4272,142,,,,,4273,142,,,,,4272.5,0.0
1,52400,JAMS,6528,83,6527,110,,,6529,83,6530,110,,,6528.5,0.0
1,52400,DJEMBES,13389,61,,,,,13390,61,,,,,13389.5,0.0
1,52400,KELP,2036,4,2035,27,,,2038,27,,,,,2037.0,-85.3984375
1,52500,JAMS,6527,184,,,,,6529,184,,,,,6528.0,0.0
1,52500,CROISSANTS,4272,45,4271,61,,,4273,106,,,,,4272.5,0.0
1,52500,PICNIC_BASKET1,58631,36,,,,,58632,2,58641,2,58642,16,58631.5,0.0
1,52500,PICNIC_BASKET2,30267,14,30266,20,,,30272,2,30273,36,,,30269.5,0.0
1,52500,KELP,2035,28,,,,,2038,28,,,,,2036.5,-90.453125
1,52500,RAINFOREST_RESIN,10002,5,9992,26,,,10008,26,,,,,10005.0,233.0
1,52500,DJEMBES,13388,59,,,,,13390,59,,,,,13389.0,0.0
1,52500,SQUID_INK,1897,28,,,,,1900,28,,,,,1898.5,-1631.015625
1,52600,SQUID_INK,1898,3,1897,27,,,1900,27,,,,,1899.0,-1603.5703125
1,52600,RAINFOREST_RESIN,9992,26,,,,,10008,26,,,,,10000.0,233.0
1,52600,CROISSANTS,4272,62,4271,90,,,4273,152,,,,,4272.5,0.0
1,52600,JAMS,6527,288,,,,,6529,288,,,,,6528.0,0.0
1,52600,DJEMBES,13386,73,,,,,13388,73,,,,,13387.0,0.0
1,52600,KELP,2036,3,2035,27,,,2038,27,,,,,2037.0,-92.3984375
1,52600,PICNIC_BASKET1,58631,14,58630,24,,,58642,14,58643,24,,,58636.5,0.0
1,52600,PICNIC_BASKET2,30269,14,30268,24,,,30275,38,,,,,30272.0,0.0
1,52700,DJEMBES,13387,51,,,,,13388,20,13389,31,,,13387.5,0.0
1,52700,SQUID_INK,1897,28,,,,,1900,28,,,,,1898.5,-1626.2421875
1,52700,CROISSANTS,4271,111,,,,,4273,111,,,,,4272.0,0.0
1,52700,JAMS,6527,221,,,,,6529,221,,,,,6528.0,0.0
1,52700,PICNIC_BASKET1,58630,2,58629,10,58628,20,58639,2,58640,10,58641,20,58634.5,0.0
1,52700,PICNIC_BASKET2,30268,2,30267,30,,,30273,12,30274,20,,,30270.5,0.0
1,52700,KELP,2035,28,,,,,2038,28,,,,,2036.5,-94.046875
1,52700,RAINFOREST_RESIN,9992,26,,,,,10008,26,,,,,10000.0,233.0
1,52800,PICNIC_BASKET1,58627,1,58626,20,58625,30,58636,1,58637,20,58638,30,58631.5,0.0
1,52800,PICNIC_BASKET2,30265,21,30264,30,,,30271,51,,,,,30268.0,0.0
1,52800,SQUID_INK,1898,31,,,,,1901,31,,,,,1899.5,-1653.2265625
1,52800,RAINFOREST_RESIN,9992,34,,,,,9999,1,10008,34,,,9995.5,241.0
1,52800,CROISSANTS,4271,139,,,,,4272,63,4273,76,,,4271.5,0.0
1,52800,JAMS,6526,259,,,,,6528,259,,,,,6527.0,0.0
1,52800,DJEMBES,13386,73,,,,,13387,73,,,,,13386.5,0.0
1,52800,KELP,2035,31,,,,,2038,31,,,,,2036.5,-94.0390625
1,52900,CROISSANTS,4271,100,,,,,4273,100,,,,,4272.0,0.0
1,52900,JAMS,6527,184,,,,,6529,184,,,,,6528.0,0.0
1,52900,PICNIC_BASKET1,58630,1,58629,11,58628,29,58639,1,58640,11,58641,29,58634.5,0.0
1,52900,PICNIC_BASKET2,30269,12,30268,29,,,30274,1,30275,40,,,30271.5,0.0
1,52900,KELP,2035,30,,,,,2038,30,,,,,2036.5,-85.7890625
1,52900,RAINFOREST_RESIN,9992,29,,,,,10008,29,,,,,10000.0,238.0
1,52900,DJEMBES,13386,69,,,,,13387,29,13388,40,,,13386.5,0.0
1,52900,SQUID_INK,1898,30,,,,,1901,30,,,,,1899.5,-1661.9921875
1,53000,RAINFOREST_RESIN,10001,1,9992,32,,,10008,32,,,,,10004.5,238.0
1,53000,KELP,2037,1,2035,31,,,2038,31,,,,,2037.5,-90.4140625
1,53000,CROISSANTS,4271,145,,,,,4273,145,,,,,4272.0,0.0
1,53000,JAMS,6528,80,6527,178,,,6529,80,6530,178,,,6528.5,0.0
1,53000,DJEMBES,13387,15,13386,50,,,13388,65,,,,,13387.5,0.0
1,53000,SQUID_INK,1899,1,1897,31,,,1901,31,,,,,1900.0,-1640.953125
1,53000,PICNIC_BASKET1,58628,1,58627,19,58626,15,58637,1,58638,19,58639,15,58632.5,0.0
1,53000,PICNIC_BASKET2,30269,1,30268,34,,,30274,20,30275,15,,,30271.5,0.0
1,53100,DJEMBES,13388,57,,,,,13389,22,13390,35,,,13388.5,0.0
1,53100,KELP,2035,29,,,,,2038,29,,,,,2036.5,-88.9453125
1,53100,CROISSANTS,4271,133,,,,,4272,63,4273,70,,,4271.5,0.0
1,53100,JAMS,6527,210,,,,,6529,210,,,,,6528.0,0.0
1,53100,SQUID_INK,1896,29,,,,,1899,29,,,,,1897.5,-1577.734375
1,53100,PICNIC_BASKET1,58623,1,58622,12,58621,22,58632,1,58633,12,58634,22,58627.5,0.0
1,53100,PICNIC_BASKET2,30266,1,30265,34,,,30271,1,30272,34,,,30268.5,0.0
1,53100,RAINFOREST_RESIN,9992,32,,,,,10008,32,,,,,10000.0,238.0
1,53200,SQUID_INK,1895,23,,,,,1899,23,,,,,1897.0,-1541.4296875
1,53200,PICNIC_BASKET1,58619,2,58618,17,58617,16,58628,2,58629,17,58630,16,58623.5,0.0
1,53200,PICNIC_BASKET2,30265,35,,,,,30271,19,30272,16,,,30268.0,0.0
1,53200,RAINFOREST_RESIN,9992,25,,,,,10008,25,,,,,10000.0,238.0
1,53200,KELP,2035,23,,,,,2038,23,,,,,2036.5,-93.03125
1,53200,CROISSANTS,4271,122,,,,,4272,122,,,,,4271.5,0.0
1,53200,JAMS,6527,266,,,,,6529,260,,,,,6528.0,0.0
1,53200,DJEMBES,13387,61,,,,,13389,61,,,,,13388.0,0.0
1,53300,KELP,2035,31,,,,,2038,31,,,,,2036.5,-98.0390625
1,53300,CROISSANTS,4271,50,4270,84,,,4272,134,,,,,4271.5,0.0
1,53300,JAMS,6526,201,,,,,6527,9,6528,201,,,6526.5,0.0
1,53300,SQUID_INK,1896,31,,,,,1899,31,,,,,1897.5,-1574.84375
1,53300,PICNIC_BASKET1,58615,1,58614,16,58613,22,58619,6,58624,1,58625,16,58617.0,0.0
1,53300,PICNIC_BASKET2,30262,1,30261,38,,,30264,6,30267,17,30268,22,30263.0,0.0
1,53300,RAINFOREST_RESIN,9992,26,,,,,10008,26,,,,,10000.0,238.0
1,53300,DJEMBES,13387,63,,,,,13388,22,13389,41,,,13387.5,0.0
1,53400,RAINFOREST_RESIN,9992,26,,,,,10008,26,,,,,10000.0,238.0
1,53400,KELP,2035,21,,,,,2038,21,,,,,2036.5,-111.59375
1,53400,CROISSANTS,4271,147,,,,,4272,147,,,,,4271.5,0.0
1,53400,JAMS,6527,84,6526,160,,,6528,84,6529,160,,,6527.5,0.0
1,53400,DJEMBES,13388,55,,,,,13389,21,13390,34,,,13388.5,0.0
1,53400,SQUID_INK,1896,21,,,,,1899,21,,,,,1897.5,-1554.09375
1,53400,PICNIC_BASKET1,58610,16,58609,21,,,58621,16,58622,21,,,58615.5,0.0
1,53400,PICNIC_BASKET2,30263,16,30262,21,,,30269,37,,,,,30266.0,0.0
1,53500,DJEMBES,13388,61,,,,,13389,61,,,,,13388.5,0.0
1,53500,KELP,2035,24,,,,,2037,7,2038,24,,,2036.0,-109.84375
1,53500,CROISSANTS,4271,140,,,,,4272,140,,,,,4271.5,0.0
1,53500,JAMS,6527,236,,,,,6529,236,,,,,6528.0,0.0
1,53500,SQUID_INK,1896,24,,,,,1898,7,1900,24,,,1897.0,-1591.65625
1,53500,PICNIC_BASKET1,58610,1,58609,13,58608,26,58619,1,58620,13,58621,26,58614.5,0.0
1,53500,PICNIC_BASKET2,30264,1,30263,39,,,30269,14,30270,26,,,30266.5,0.0
1,53500,RAINFOREST_RESIN,9992,32,,,,,10008,32,,,,,10000.0,238.0
1,53600,SQUID_INK,1898,1,1896,33,,,1899,29,,,,,1898.5,-1562.8359375
1,53600,PICNIC_BASKET2,30264,1,30263,44,,,30269,1,30270,44,,,30266.5,0.0
1,53600,PICNIC_BASKET1,58613,1,58612,18,58611,26,58622,1,58623,18,58624,26,58617.5,0.0
1,53600,RAINFOREST_RESIN,9997,3,9992,30,,,10008,30,,,,,10002.5,238.0
1,53600,DJEMBES,13387,26,13386,40,,,13388,66,,,,,13387.5,0.0
1,53600,KELP,2037,1,2035,33,,,2038,29,,,,,2037.5,-109.8359375
1,53600,CROISSANTS,4271,44,4270,55,,,4272,99,,,,,4271.5,0.0
1,53600,JAMS,6528,7,6527,165,,,6529,165,,,,,6528.5,0.0
1,53700,KELP,2035,26,,,,,2037,7,2038,26,,,2036.0,-107.1484375
1,53700,SQUID_INK,1895,26,,,,,1897,7,1898,26,,,1896.0,-1505.625
1,53700,PICNIC_BASKET2,30265,36,,,,,30271,11,30272,25,,,30268.0,0.0
1,53700,PICNIC_BASKET1,58614,11,58613,25,,,58625,11,58626,25,,,58619.5,0.0
1,53700,CROISSANTS,4271,114,,,,,4272,114,,,,,4271.5,0.0
1,53700,JAMS,6528,55,6527,126,,,6529,65,6530,126,,,6528.5,0.0
1,53700,RAINFOREST_RESIN,9992,34,,,,,10008,34,,,,,10000.0,238.0
1,53700,DJEMBES,13386,61,,,,,13388,61,,,,,13387.0,0.0
1,53800,RAINFOREST_RESIN,9992,32,,,,,10008,32,,,,,10000.0,238.0
1,53800,DJEMBES,13387,62,,,,,13388,62,,,,,13387.5,0.0
1,53800,KELP,2035,26,,,,,2037,8,2038,26,,,2036.0,-107.1171875
1,53800,CROISSANTS,4271,123,,,,,4272,123,,,,,4271.5,0.0
1,53800,JAMS,6528,75,6527,174,,,6529,75,6530,174,,,6528.5,0.0
1,53800,SQUID_INK,1894,26,,,,,1896,8,1897,26,,,1895.0,-1480.0234375
1,53800,PICNIC_BASKET2,30265,28,,,,,30271,12,30272,16,,,30268.0,0.0
1,53800,PICNIC_BASKET1,58621,2,58620,10,58619,16,58630,2,58631,10,58632,16,58625.5,0.0
1,53900,DJEMBES,13387,70,,,,,13389,70,,,,,13388.0,0.0
1,53900,KELP,2035,25,,,,,2038,25,,,,,2036.5,-107.640625
1,53900,SQUID_INK,1894,25,,,,,1897,25,,,,,1895.5,-1475.3359375
1,53900,PICNIC_BASKET2,30262,14,30261,30,,,30268,44,,,,,30265.0,0.0
1,53900,PICNIC_BASKET1,58625,14,58624,30,,,58636,14,58637,30,,,58630.5,0.0
1,53900,CROISSANTS,4271,113,,,,,4272,113,,,,,4271.5,0.0
1,53900,JAMS,6528,62,6527,141,,,6529,62,6530,141,,,6528.5,0.0
1,53900,RAINFOREST_RESIN,9992,30,,,,,10008,30,,,,,10000.0,238.0
1,54000,SQUID_INK,1895,2,1894,25,,,1898,27,,,,,1896.5,-1493.2578125
1,54000,PICNIC_BASKET2,30262,18,30261,21,,,30268,39,,,,,30265.0,0.0
1,54000,PICNIC_BASKET1,58621,2,58620,16,58619,21,58630,2,58631,16,58632,21,58625.5,0.0
1,54000,RAINFOREST_RESIN,9992,27,,,,,10008,27,,,,,10000.0,238.0
1,54000,DJEMBES,13386,21,13385,38,,,13387,59,,,,,13386.5,0.0
1,54000,KELP,2035,27,,,,,2038,27,,,,,2036.5,-104.5390625
1,54000,CROISSANTS,4270,130,,,,,4272,130,,,,,4271.0,0.0
1,54000,JAMS,6527,258,,,,,6528,86,6529,172,,,6527.5,0.0
1,54100,SQUID_INK,1894,22,,,,,1897,23,,,,,1895.5,-1472.5625
1,54100,KELP,2035,22,,,,,2038,23,,,,,2036.5,-97.3984375
1,54100,PICNIC_BASKET2,30265,2,30264,45,,,30270,20,30271,27,,,30267.5,0.0
1,54100,PICNIC_BASKET1,58624,2,58623,45,,,58634,20,58635,27,,,58629.0,0.0
1,54100,CROISSANTS,4271,109,,,,,4272,109,,,,,4271.5,0.0
1,54100,JAMS,6527,220,,,,,6529,220,,,,,6528.0,0.0
1,54100,RAINFOREST_RESIN,9992,34,,,,,10008,34,,,,,10000.0,238.0
1,54100,DJEMBES,13386,69,,,,,13388,69,,,,,13387.0,0.0
1,54200,RAINFOREST_RESIN,9992,28,,,,,10008,28,,,,,10000.0,238.0
1,54200,DJEMBES,13386,59,,,,,13387,59,,,,,13386.5,0.0
1,54200,KELP,2035,30,,,,,2038,30,,,,,2036.5,-104.5546875
1,54200,CROISSANTS,4271,121,,,,,4272,121,,,,,4271.5,0.0
1,54200,JAMS,6527,251,,,,,6529,251,,,,,6528.0,0.0
1,54200,SQUID_INK,1894,30,,,,,1897,30,,,,,1895.5,-1457.140625
1,54200,PICNIC_BASKET2,30264,40,,,,,30270,11,30271,29,,,30267.0,0.0
1,54200,PICNIC_BASKET1,58631,11,58630,29,,,58642,40,,,,,58636.5,0.0
1,54300,DJEMBES,13386,62,,,,,13387,28,13388,34,,,13386.5,0.0
1,54300,SQUID_INK,1895,6,1894,25,,,1897,1,1898,24,,,1896.0,-1487.046875
1,54300,KELP,2035,31,,,,,2038,25,,,,,2036.5,-102.03125
1,54300,PICNIC_BASKET2,30271,16,30270,28,,,30276,1,30277,43,,,30273.5,0.0
1,54300,PICNIC_BASKET1,58638,16,58637,28,,,58648,16,58649,28,,,58643.0,0.0
1,54300,CROISSANTS,4272,115,,,,,4273,115,,,,,4272.5,0.0
1,54300,JAMS,6527,239,,,,,6529,239,,,,,6528.0,0.0
1,54300,RAINFOREST_RESIN,9992,28,,,,,10008,28,,,,,10000.0,238.0
1,54400,SQUID_INK,1895,30,,,,,1898,30,,,,,1896.5,-1505.546875
1,54400,PICNIC_BASKET2,30275,4,30273,12,30272,15,30279,12,30280,15,,,30277.0,0.0
1,54400,PICNIC_BASKET1,58641,4,58636,12,58635,15,58647,12,58648,15,,,58644.0,0.0
1,54400,RAINFOREST_RESIN,9992,30,,,,,10008,30,,,,,10000.0,238.0
1,54400,DJEMBES,13384,63,,,,,13386,63,,,,,13385.0,0.0
1,54400,KELP,2035,30,,,,,2038,30,,,,,2036.5,-106.5859375
1,54400,CROISSANTS,4272,134,,,,,4274,134,,,,,4273.0,0.0
1,54400,JAMS,6527,242,,,,,6529,242,,,,,6528.0,0.0
1,54500,SQUID_INK,1895,22,,,,,1897,6,1898,23,,,1896.0,-1510.3125
1,54500,KELP,2035,22,,,,,2037,6,2038,23,,,2036.0,-107.0625
1,54500,PICNIC_BASKET2,30275,38,,,,,30281,20,30282,18,,,30278.0,0.0
1,54500,PICNIC_BASKET1,58646,20,58645,18,,,58657,20,58658,18,,,58651.5,0.0
1,54500,CROISSANTS,4273,113,,,,,4274,113,,,,,4273.5,0.0
1,54500,JAMS,6529,232,,,,,6530,12,6531,232,,,6529.5,0.0
1,54500,RAINFOREST_RESIN,10002,5,9992,25,,,10003,7,10008,25,,,10002.5,238.0
1,54500,DJEMBES,13384,61,,,,,13385,18,13386,43,,,13384.5,0.0
1,54600,RAINFOREST_RESIN,10000,3,9992,32,,,10008,32,,,,,10004.0,238.0
1,54600,DJEMBES,13384,75,,,,,13386,75,,,,,13385.0,0.0
1,54600,KELP,2035,36,,,,,2038,29,,,,,2036.5,-99.4609375
1,54600,CROISSANTS,4273,161,,,,,4274,161,,,,,4273.5,0.0
1,54600,JAMS,6530,261,,,,,6532,261,,,,,6531.0,0.0
1,54600,SQUID_INK,1894,36,,,,,1897,29,,,,,1895.5,-1474.890625
1,54600,PICNIC_BASKET2,30276,42,,,,,30282,16,30283,26,,,30279.0,0.0
1,54600,PICNIC_BASKET1,58647,42,,,,,58658,16,58659,26,,,58652.5,0.0
1,54700,DJEMBES,13385,53,,,,,13386,53,,,,,13385.5,0.0
1,54700,SQUID_INK,1895,5,1894,31,,,1897,1,1898,30,,,1896.0,-1486.8203125
1,54700,PICNIC_BASKET1,58650,1,58649,15,58648,15,58659,1,58660,15,58661,15,58654.5,0.0
1,54700,PICNIC_BASKET2,30275,1,30274,30,,,30280,1,30281,30,,,30277.5,0.0
1,54700,KELP,2035,36,,,,,2038,31,,,,,2036.5,-104.046875
1,54700,JAMS,6530,258,,,,,6532,247,,,,,6531.0,0.0
1,54700,CROISSANTS,4273,154,,,,,4274,154,,,,,4273.5,0.0
1,54700,RAINFOREST_RESIN,9992,34,,,,,10003,6,10008,34,,,9997.5,238.0
1,54800,SQUID_INK,1894,25,,,,,1897,1,1898,25,,,1895.5,-1484.3125
1,54800,PICNIC_BASKET1,58657,1,58656,45,,,58667,16,58668,30,,,58662.0,0.0
1,54800,PICNIC_BASKET2,30273,1,30272,45,,,30278,16,30279,30,,,30275.5,0.0
1,54800,RAINFOREST_RESIN,9992,29,,,,,10008,29,,,,,10000.0,238.0
1,54800,DJEMBES,13385,36,13384,50,,,13386,80,,,,,13385.5,0.0
1,54800,KELP,2035,25,,,,,2038,26,,,,,2036.5,-96.984375
1,54800,CROISSANTS,4273,100,,,,,4274,50,4275,50,,,4273.5,0.0
1,54800,JAMS,6530,200,,,,,6532,200,,,,,6531.0,0.0
1,54900,SQUID_INK,1895,30,,,,,1898,30,,,,,1896.5,-1501.7890625
1,54900,PICNIC_BASKET1,58652,33,,,,,58663,13,58664,20,,,58657.5,0.0
1,54900,PICNIC_BASKET2,30270,33,,,,,30277,33,,,,,30273.5,0.0
1,54900,KELP,2035,30,,,,,2038,30,,,,,2036.5,-90.8984375
1,54900,CROISSANTS,4273,125,,,,,4274,125,,,,,4273.5,0.0
1,54900,JAMS,6530,87,6529,103,,,6531,87,6532,103,,,6530.5,0.0
1,54900,RAINFOREST_RESIN,9992,35,,,,,10008,35,,,,,10000.0,238.0
1,54900,DJEMBES,13386,25,13385,30,,,13387,50,,,,,13386.5,0.0
1,55000,RAINFOREST_RESIN,10000,4,9992,27,,,10008,27,,,,,10004.0,238.0
1,55000,DJEMBES,13386,70,,,,,13387,70,,,,,13386.5,0.0
1,55000,KELP,2035,30,,,,,2038,30,,,,,2036.5,-93.4609375
1,55000,CROISSANTS,4273,116,,,,,4274,116,,,,,4273.5,0.0
1,55000,JAMS,6530,54,6529,185,,,6531,54,6532,185,,,6530.5,0.0
1,55000,SQUID_INK,1895,30,,,,,1898,30,,,,,1896.5,-1507.2734375
1,55000,PICNIC_BASKET1,58653,1,58652,16,58651,24,58662,1,58663,16,58664,24,58657.5,0.0
1,55000,PICNIC_BASKET2,30270,41,,,,,30276,17,30277,24,,,30273.0,0.0
1,55100,DJEMBES,13385,71,,,,,13386,71,,,,,13385.5,0.0
1,55100,SQUID_INK,1895,29,,,,,1898,29,,,,,1896.5,-1513.7109375
1,55100,PICNIC_BASKET1,58649,2,58648,16,58647,25,58658,2,58659,16,58660,25,58653.5,0.0
1,55100,PICNIC_BASKET2,30267,2,30266,41,,,30272,18,30273,25,,,30269.5,0.0
1,55100,KELP,2035,29,,,,,2038,29,,,,,2036.5,-93.984375
1,55100,CROISSANTS,4273,40,4272,81,,,4274,121,,,,,4273.5,0.0
1,55100,JAMS,6530,81,6529,197,,,6531,81,6532,197,,,6530.5,0.0
1,55100,RAINFOREST_RESIN,9992,32,,,,,9998,3,10008,32,,,9995.0,238.0
1,55200,KELP,2035,25,,,,,2038,25,,,,,2036.5,-86.84375
1,55200,PICNIC_BASKET1,58652,2,58651,10,58650,21,58661,2,58662,10,58663,21,58656.5,0.0
1,55200,PICNIC_BASKET2,30269,2,30268,31,,,30274,12,30275,21,,,30271.5,0.0
1,55200,SQUID_INK,1895,25,,,,,1898,25,,,,,1896.5,-1531.8359375
1,55200,RAINFOREST_RESIN,9992,29,,,,,10008,29,,,,,10000.0,238.0
1,55200,DJEMBES,13385,56,,,,,13386,56,,,,,13385.5,0.0
1,55200,CROISSANTS,4273,61,4272,84,,,4274,145,,,,,4273.5,0.0
1,55200,JAMS,6530,84,6529,125,,,6531,84,6532,125,,,6530.5,0.0
1,55300,PICNIC_BASKET1,58655,19,58654,17,,,58666,19,58667,17,,,58660.5,0.0
1,55300,PICNIC_BASKET2,30269,19,30268,17,,,30275,36,,,,,30272.0,0.0
1,55300,CROISSANTS,4273,56,4272,82,,,4274,138,,,,,4273.5,0.0
1,55300,JAMS,6529,82,6528,163,,,6530,82,6531,163,,,6529.5,0.0
1,55300,SQUID_INK,1895,30,,,,,1896,6,1898,30,,,1895.5,-1501.46875
1,55300,RAINFOREST_RESIN,10002,3,9992,32,,,10008,32,,,,,10005.0,238.0
1,55300,DJEMBES,13385,17,13384,30,,,13386,47,,,,,13385.5,0.0
1,55300,KELP,2035,30,,,,,2037,6,2038,30,,,2036.0,-91.5
1,55400,RAINFOREST_RESIN,9992,27,,,,,10008,27,,,,,10000.0,238.0
1,55400,DJEMBES,13384,76,,,,,13386,76,,,,,13385.0,0.0
1,55400,CROISSANTS,4272,123,,,,,4274,123,,,,,4273.0,0.0
1,55400,JAMS,6528,236,,,,,6530,236,,,,,6529.0,0.0
1,55400,KELP,2035,25,,,,,2038,25,,,,,2036.5,-99.15625
1,55400,PICNIC_BASKET1,58655,1,58654,20,58653,27,58664,1,58665,20,58666,27,58659.5,0.0
1,55400,PICNIC_BASKET2,30269,1,30268,47,,,30274,1,30275,47,,,30271.5,0.0
1,55400,SQUID_INK,1895,25,,,,,1898,25,,,,,1896.5,-1500.6015625
1,55500,DJEMBES,13385,60,,,,,13386,60,,,,,13385.5,0.0
1,55500,KELP,2035,23,,,,,2038,23,,,,,2036.5,-95.5859375
1,55500,PICNIC_BASKET1,58651,12,58650,19,,,58662,12,58663,19,,,58656.5,0.0
1,55500,PICNIC_BASKET2,30269,31,,,,,30275,12,30276,19,,,30272.0,0.0
1,55500,CROISSANTS,4273,39,4272,91,,,4274,130,,,,,4273.5,0.0
1,55500,JAMS,6528,209,,,,,6530,209,,,,,6529.0,0.0
1,55500,SQUID_INK,1895,23,,,,,1898,23,,,,,1896.5,-1523.796875
1,55500,RAINFOREST_RESIN,9992,30,,,,,10008,30,,,,,10000.0,242.0
1,55600,KELP,2035,27,,,,,2038,25,,,,,2036.5,-95.5234375
1,55600,PICNIC_BASKET1,58653,2,58652,13,58651,22,58662,2,58663,13,58664,22,58657.5,0.0
1,55600,PICNIC_BASKET2,30270,37,,,,,30276,15,30277,22,,,30273.0,0.0
1,55600,SQUID_INK,1896,27,,,,,1899,25,,,,,1897.5,-1559.40625
1,55600,RAINFOREST_RESIN,9997,8,9992,29,,,10008,29,,,,,10002.5,242.0
1,55600,DJEMBES,13385,70,,,,,13386,22,13387,48,,,13385.5,0.0
1,55600,CROISSANTS,4272,111,,,,,4274,111,,,,,4273.0,0.0
1,55600,JAMS,6529,72,6528,150,,,6530,72,6531,150,,,6529.5,0.0
1,55700,PICNIC_BASKET1,58652,2,58651,19,58650,19,58661,2,58662,38,,,58656.5,0.0
1,55700,PICNIC_BASKET2,30270,2,30269,38,,,30275,21,30276,19,,,30272.5,0.0
1,55700,CROISSANTS,4273,44,4272,81,,,4274,125,,,,,4273.5,0.0
1,55700,JAMS,6529,81,6528,157,,,6530,81,6531,157,,,6529.5,0.0
1,55700,SQUID_INK,1895,22,,,,,1897,5,1899,22,,,1896.0,-1539.2421875
1,55700,RAINFOREST_RESIN,9992,34,,,,,10008,34,,,,,10000.0,242.0
1,55700,DJEMBES,13385,67,,,,,13386,19,13387,48,,,13385.5,0.0
1,55700,KELP,2035,22,,,,,2037,5,2038,22,,,2036.0,-106.7734375
1,55800,RAINFOREST_RESIN,9992,29,,,,,10008,29,,,,,10000.0,242.0
1,55800,DJEMBES,13385,21,13384,44,,,13386,65,,,,,13385.5,0.0
1,55800,CROISSANTS,4273,113,,,,,4274,38,4275,75,,,4273.5,0.0
1,55800,JAMS,6529,258,,,,,6531,258,,,,,6530.0,0.0
1,55800,KELP,2035,32,,,,,2038,32,,,,,2036.5,-107.484375
1,55800,PICNIC_BASKET2,30275,17,30274,21,,,30280,2,30281,36,,,30277.5,0.0
1,55800,PICNIC_BASKET1,58658,2,58657,15,58656,21,58667,2,58668,15,58669,21,58662.5,0.0
1,55800,SQUID_INK,1895,32,,,,,1898,32,,,,,1896.5,-1522.0703125
1,55900,CROISSANTS,4273,149,,,,,4274,149,,,,,4273.5,0.0
1,55900,JAMS,6529,235,,,,,6531,235,,,,,6530.0,0.0
1,55900,DJEMBES,13385,59,,,,,13386,22,13387,37,,,13385.5,0.0
1,55900,KELP,2035,21,,,,,2038,22,,,,,2036.5,-95.21875
1,55900,PICNIC_BASKET2,30274,19,30273,22,,,30280,41,,,,,30277.0,0.0
1,55900,PICNIC_BASKET1,58655,19,58654,22,,,58666,19,58667,22,,,58660.5,0.0
1,55900,SQUID_INK,1894,21,,,,,1897,22,,,,,1895.5,-1484.015625
1,55900,RAINFOREST_RESIN,9992,27,,,,,10008,27,,,,,10000.0,242.0
1,56000,CROISSANTS,4273,117,,,,,4274,117,,,,,4273.5,0.0
1,56000,JAMS,6529,250,,,,,6531,250,,,,,6530.0,0.0
1,56000,KELP,2035,24,,,,,2038,24,,,,,2036.5,-95.40625
1,56000,PICNIC_BASKET2,30276,40,,,,,30282,17,30283,23,,,30279.0,0.0
1,56000,PICNIC_BASKET1,58658,1,58657,16,58656,23,58667,1,58668,16,58669,23,58662.5,0.0
1,56000,SQUID_INK,1895,24,,,,,1898,24,,,,,1896.5,-1526.6875
1,56000,RAINFOREST_RESIN,9992,28,,,,,10008,28,,,,,10000.0,242.0
1,56000,DJEMBES,13385,68,,,,,13386,68,,,,,13385.5,0.0
1,56100,PICNIC_BASKET2,30276,36,,,,,30282,17,30283,19,,,30279.0,0.0
1,56100,PICNIC_BASKET1,58662,17,58661,19,,,58673,17,58674,19,,,58667.5,0.0
1,56100,SQUID_INK,1896,23,,,,,1899,24,,,,,1897.5,-1570.21875
1,56100,RAINFOREST_RESIN,9992,28,,,,,10003,5,10008,28,,,9997.5,242.0
1,56100,CROISSANTS,4272,159,,,,,4274,159,,,,,4273.0,0.0
1,56100,JAMS,6530,256,,,,,6531,99,6532,157,,,6530.5,0.0
1,56100,DJEMBES,13385,69,,,,,13387,69,,,,,13386.0,0.0
1,56100,KELP,2035,23,,,,,2038,24,,,,,2036.5,-91.8984375
1,56200,RAINFOREST_RESIN,9992,25,,,,,9999,1,10008,25,,,9995.5,258.0
1,56200,DJEMBES,13384,57,,,,,13386,57,,,,,13385.0,0.0
1,56200,CROISSANTS,4272,134,,,,,4274,134,,,,,4273.0,0.0
1,56200,JAMS,6530,69,6529,125,,,6531,69,6532,125,,,6530.5,0.0
1,56200,KELP,2035,26,,,,,2038,26,,,,,2036.5,-90.328125
1,56200,PICNIC_BASKET2,30278,2,30277,35,,,30280,4,30283,18,30284,19,30279.0,0.0
1,56200,PICNIC_BASKET1,58660,2,58659,35,,,58664,4,58670,18,58671,19,58662.0,0.0
1,56200,SQUID_INK,1896,26,,,,,1899,26,,,,,1897.5,-1568.4453125
1,56300,CROISSANTS,4273,150,,,,,4274,150,,,,,4273.5,0.0
1,56300,JAMS,6530,87,6529,130,,,6531,87,6532,130,,,6530.5,0.0
1,56300,DJEMBES,13385,25,13384,40,,,13386,65,,,,,13385.5,0.0
1,56300,KELP,2035,24,,,,,2037,7,2038,24,,,2036.0,-92.3671875
1,56300,PICNIC_BASKET2,30276,19,30275,25,,,30282,19,30283,25,,,30279.0,0.0
1,56300,PICNIC_BASKET1,58656,19,58655,25,,,58666,2,58667,42,,,58661.0,0.0
1,56300,SQUID_INK,1897,24,,,,,1899,7,1900,24,,,1898.0,-1604.4765625
1,56300,RAINFOREST_RESIN,9992,34,,,,,10008,34,,,,,10000.0,258.0
1,56400,CROISSANTS,4273,124,,,,,4274,124,,,,,4273.5,0.0
1,56400,JAMS,6530,80,6529,130,,,6531,210,,,,,6530.5,0.0
1,56400,KELP,2035,28,,,,,2038,25,,,,,2036.5,-86.4609375
1,56400,PICNIC_BASKET2,30274,44,,,,,30280,20,30281,24,,,30277.0,0.0
1,56400,PICNIC_BASKET1,58654,20,58653,24,,,58664,1,58665,43,,,58659.0,0.0
1,56400,SQUID_INK,1896,28,,,,,1899,25,,,,,1897.5,-1565.515625
1,56400,RAINFOREST_RESIN,9992,25,,,,,10008,25,,,,,10000.0,264.0
1,56400,DJEMBES,13385,71,,,,,13386,71,,,,,13385.5,0.0
1,56500,PICNIC_BASKET2,30272,46,,,,,30278,17,30279,29,,,30275.0,0.0
1,56500,PICNIC_BASKET1,58652,2,58651,15,58650,29,58661,2,58662,15,58663,29,58656.5,0.0
1,56500,SQUID_INK,1898,1,1896,26,,,1899,26,,,,,1898.5,-1565.7421875
1,56500,RAINFOREST_RESIN,9992,29,,,,,10008,29,,,,,10000.0,264.0
1,56500,CROISSANTS,4273,138,,,,,4274,138,,,,,4273.5,0.0
1,56500,JAMS,6529,255,,,,,6531,249,,,,,6530.0,0.0
1,56500,DJEMBES,13386,75,,,,,13387,75,,,,,13386.5,0.0
1,56500,KELP,2037,1,2035,26,,,2038,26,,,,,2037.5,-95.046875
1,56600,RAINFOREST_RESIN,9992,33,,,,,10008,33,,,,,10000.0,264.0
1,56600,DJEMBES,13386,57,,,,,13387,22,13388,35,,,13386.5,0.0
1,56600,CROISSANTS,4273,109,,,,,4274,109,,,,,4273.5,0.0
1,56600,JAMS,6529,166,,,,,6531,166,,,,,6530.0,0.0
1,56600,KELP,2035,31,,,,,2038,31,,,,,2036.5,-94.546875
1,56600,PICNIC_BASKET2,30275,22,30274,22,,,30280,2,30281,42,,,30277.5,0.0
1,56600,PICNIC_BASKET1,58655,22,58654,22,,,58665,2,58666,42,,,58660.0,0.0
1,56600,SQUID_INK,1897,2,1896,29,,,1900,31,,,,,1898.5,-1593.6875
1,56700,CROISSANTS,4273,112,,,,,4274,112,,,,,4273.5,0.0
1,56700,JAMS,6529,193,,,,,6531,193,,,,,6530.0,0.0
1,56700,DJEMBES,13386,73,,,,,13387,26,13388,47,,,13386.5,0.0
1,56700,KELP,2035,22,,,,,2038,22,,,,,2036.5,-92.40625
1,56700,PICNIC_BASKET2,30275,2,30274,36,,,30280,2,30281,36,,,30277.5,0.0
1,56700,PICNIC_BASKET1,58658,2,58657,10,58656,26,58667,2,58668,36,,,58662.5,0.0
1,56700,SQUID_INK,1897,22,,,,,1900,22,,,,,1898.5,-1616.3671875
1,56700,RAINFOREST_RESIN,10000,3,9992,25,,,10008,25,,,,,10004.0,264.0
1,56800,CROISSANTS,4273,95,,,,,4274,95,,,,,4273.5,0.0
1,56800,JAMS,6529,221,,,,,6530,51,6531,170,,,6529.5,0.0
1,56800,KELP,2035,30,,,,,2038,30,,,,,2036.5,-98.578125
1,56800,PICNIC_BASKET2,30278,2,30277,36,,,30283,2,30284,36,,,30280.5,0.0
1,56800,PICNIC_BASKET1,58658,2,58657,16,58656,20,58667,2,58668,16,58669,20,58662.5,0.0
1,56800,SQUID_INK,1897,30,,,,,1900,30,,,,,1898.5,-1600.8046875
1,56800,RAINFOREST_RESIN,9992,34,,,,,10008,34,,,,,10000.0,264.0
1,56800,DJEMBES,13387,55,,,,,13388,20,13389,35,,,13387.5,0.0
1,56900,SQUID_INK,1898,2,1897,20,,,1901,20,,,,,1899.5,-1646.8984375
1,56900,RAINFOREST_RESIN,9992,33,,,,,10008,33,,,,,10000.0,264.0
1,56900,PICNIC_BASKET1,58658,16,58657,23,,,58669,16,58670,23,,,58663.5,0.0
1,56900,PICNIC_BASKET2,30276,39,,,,,30282,16,30283,23,,,30279.0,0.0
1,56900,JAMS,6529,199,,,,,6530,5,6531,199,,,6529.5,0.0
1,56900,CROISSANTS,4273,122,,,,,4274,122,,,,,4273.5,0.0
1,56900,DJEMBES,13387,62,,,,,13388,23,13389,39,,,13387.5,0.0
1,56900,KELP,2035,22,,,,,2038,20,,,,,2036.5,-94.640625
1,57000,DJEMBES,13387,55,,,,,13389,55,,,,,13388.0,0.0
1,57000,RAINFOREST_RESIN,9992,32,,,,,9999,1,10008,32,,,9995.5,264.0
1,57000,JAMS,6529,282,,,,,6531,282,,,,,6530.0,0.0
1,57000,CROISSANTS,4273,37,4272,90,,,4274,127,,,,,4273.5,0.0
1,57000,PICNIC_BASKET1,58654,1,58653,40,,,58663,1,58664,19,58665,21,58658.5,0.0
1,57000,PICNIC_BASKET2,30274,20,30273,21,,,30280,41,,,,,30277.0,0.0
1,57000,KELP,2037,1,2035,31,,,2038,31,,,,,2037.5,-97.7109375
1,57000,SQUID_INK,1900,1,1898,31,,,1901,31,,,,,1900.5,-1648.515625
1,57100,CROISSANTS,4273,117,,,,,4274,117,,,,,4273.5,0.0
1,57100,JAMS,6529,238,,,,,6531,238,,,,,6530.0,0.0
1,57100,DJEMBES,13387,59,,,,,13388,59,,,,,13387.5,0.0
1,57100,KELP,2035,24,,,,,2038,24,,,,,2036.5,-84.2265625
1,57100,SQUID_INK,1898,24,,,,,1901,24,,,,,1899.5,-1653.4296875
1,57100,RAINFOREST_RESIN,9992,31,,,,,9997,6,10008,31,,,9994.5,264.0
1,57100,PICNIC_BASKET1,58655,19,58654,16,,,58666,19,58667,16,,,58660.5,0.0
1,57100,PICNIC_BASKET2,30272,35,,,,,30278,19,30279,16,,,30275.0,0.0
1,57200,CROISSANTS,4273,99,,,,,4274,99,,,,,4273.5,0.0
1,57200,JAMS,6529,198,,,,,6531,198,,,,,6530.0,0.0
1,57200,PICNIC_BASKET1,58657,1,58656,12,58655,23,58666,1,58667,12,58668,23,58661.5,0.0
1,57200,PICNIC_BASKET2,30276,13,30275,23,,,30281,1,30282,35,,,30278.5,0.0
1,57200,KELP,2034,26,,,,,2038,26,,,,,2036.0,-76.953125
1,57200,SQUID_INK,1897,26,,,,,1900,26,,,,,1898.5,-1616.3203125
1,57200,DJEMBES,13386,23,13385,44,,,13387,67,,,,,13386.5,0.0
1,57200,RAINFOREST_RESIN,10002,3,9992,29,,,10008,29,,,,,10005.0,216.0
1,57300,SQUID_INK,1897,28,,,,,1900,28,,,,,1898.5,-1624.5078125
1,57300,RAINFOREST_RESIN,9992,26,,,,,10008,26,,,,,10000.0,216.0
1,57300,PICNIC_BASKET1,58657,12,58656,15,,,58668,12,58669,15,,,58662.5,0.0
1,57300,PICNIC_BASKET2,30278,12,30277,15,,,30284,27,,,,,30281.0,0.0
1,57300,CROISSANTS,4273,123,,,,,4274,57,4275,66,,,4273.5,0.0
1,57300,JAMS,6530,66,6529,106,,,6531,66,6532,106,,,6530.5,0.0
1,57300,DJEMBES,13385,49,,,,,13386,49,,,,,13385.5,0.0
1,57300,KELP,2035,28,,,,,2038,28,,,,,2036.5,-82.90625
1,57400,DJEMBES,13385,52,,,,,13387,52,,,,,13386.0,0.0
1,57400,RAINFOREST_RESIN,9992,33,,,,,10008,33,,,,,10000.0,216.0
1,57400,KELP,2035,27,,,,,2037,8,2038,27,,,2036.0,-86.46875
1,57400,CROISSANTS,4273,143,,,,,4274,143,,,,,4273.5,0.0
1,57400,JAMS,6531,81,6530,140,,,6532,81,6533,140,,,6531.5,0.0
1,57400,SQUID_INK,1897,27,,,,,1899,8,1900,2,1901,25,1898.0,-1635.109375
1,57400,PICNIC_BASKET1,58660,2,58659,13,58658,17,58669,2,58670,13,58671,17,58664.5,0.0
1,57400,PICNIC_BASKET2,30278,15,30277,17,,,30283,2,30284,30,,,30280.5,0.0
1,57500,KELP,2035,29,,,,,2037,1,2038,29,,,2036.0,-83.3671875
1,57500,CROISSANTS,4273,135,,,,,4274,135,,,,,4273.5,0.0
1,57500,JAMS,6531,11,6530,241,,,6532,241,,,,,6531.5,0.0
1,57500,DJEMBES,13385,65,,,,,13386,16,13387,49,,,13385.5,0.0
1,57500,RAINFOREST_RESIN,9992,27,,,,,10008,27,,,,,10000.0,216.0
1,57500,SQUID_INK,1899,29,,,,,1900,1,1902,29,,,1899.5,-1700.390625
1,57500,PICNIC_BASKET1,58661,2,58660,17,58659,16,58670,2,58671,17,58672,16,58665.5,0.0
1,57500,PICNIC_BASKET2,30277,19,30276,16,,,30283,35,,,,,30280.0,0.0
1,57600,KELP,2035,21,,,,,2038,22,,,,,2036.5,-83.359375
1,57600,CROISSANTS,4273,142,,,,,4274,58,4275,84,,,4273.5,0.0
1,57600,JAMS,6531,84,6530,132,,,6532,84,6533,132,,,6531.5,0.0
1,57600,SQUID_INK,1899,22,,,,,1900,1,1903,22,,,1899.5,-1740.1328125
1,57600,PICNIC_BASKET1,58664,20,58663,16,,,58675,20,58676,16,,,58669.5,0.0
1,57600,PICNIC_BASKET2,30279,20,30278,16,,,30285,36,,,,,30282.0,0.0
1,57600,DJEMBES,13385,65,,,,,13386,16,13387,49,,,13385.5,0.0
1,57600,RAINFOREST_RESIN,9992,34,,,,,9998,4,10008,34,,,9995.0,216.0
1,57700,RAINFOREST_RESIN,9992,32,,,,,9999,1,10008,32,,,9995.5,204.0
1,57700,SQUID_INK,1900,31,,,,,1902,3,1903,31,,,1901.0,-1775.1640625
1,57700,PICNIC_BASKET1,58668,1,58667,37,,,58678,19,58679,19,,,58673.0,0.0
1,57700,PICNIC_BASKET2,30277,1,30276,37,,,30282,1,30283,37,,,30279.5,0.0
1,57700,KELP,2035,31,,,,,2037,3,2038,31,,,2036.0,-85.6875
1,57700,CROISSANTS,4273,109,,,,,4274,109,,,,,4273.5,0.0
1,57700,JAMS,6531,198,,,,,6533,198,,,,,6532.0,0.0
1,57700,DJEMBES,13385,63,,,,,13386,19,13387,44,,,13385.5,0.0
1,57800,DJEMBES,13384,59,,,,,13386,59,,,,,13385.0,0.0
1,57800,RAINFOREST_RESIN,9992,33,,,,,10008,33,,,,,10000.0,204.0
1,57800,KELP,2037,1,2035,27,,,2038,27,,,,,2037.5,-83.5390625
1,57800,CROISSANTS,4273,158,,,,,4274,158,,,,,4273.5,0.0
1,57800,JAMS,6531,93,6530,199,,,6532,93,6533,199,,,6531.5,0.0
1,57800,SQUID_INK,1902,1,1900,27,,,1903,27,,,,,1902.5,-1776.7734375
1,57800,PICNIC_BASKET1,58669,13,58668,25,,,58680,13,58681,25,,,58674.5,0.0
1,57800,PICNIC_BASKET2,30275,38,,,,,30281,13,30282,25,,,30278.0,0.0
1,57900,DJEMBES,13384,51,,,,,13385,15,13386,36,,,13384.5,0.0
1,57900,KELP,2036,6,2035,1,2034,27,2038,28,,,,,2037.0,-78.1953125
1,57900,CROISSANTS,4273,138,,,,,4274,138,,,,,4273.5,0.0
1,57900,JAMS,6531,94,6530,106,,,6532,94,6533,106,,,6531.5,0.0
1,57900,RAINFOREST_RESIN,9992,26,,,,,10008,26,,,,,10000.0,204.0
1,57900,SQUID_INK,1902,6,1900,28,,,1903,28,,,,,1902.5,-1780.21875
1,57900,PICNIC_BASKET1,58673,1,58672,16,58671,15,58682,1,58683,16,58684,15,58677.5,0.0
1,57900,PICNIC_BASKET2,30276,1,30275,31,,,30281,17,30282,15,,,30278.5,0.0
1,58000,KELP,2035,1,2034,27,,,2038,27,,,,,2036.5,-77.6796875
1,58000,CROISSANTS,4272,147,,,,,4274,147,,,,,4273.0,0.0
1,58000,SQUID_INK,1902,28,,,,,1905,27,,,,,1903.5,-1866.9609375
1,58000,PICNIC_BASKET2,30275,18,30274,23,,,30281,18,30282,23,,,30278.0,0.0
1,58000,PICNIC_BASKET1,58670,18,58669,23,,,58681,18,58682,23,,,58675.5,0.0
1,58000,JAMS,6530,273,,,,,6532,273,,,,,6531.0,0.0
1,58000,DJEMBES,13384,65,,,,,13385,65,,,,,13384.5,0.0
1,58000,RAINFOREST_RESIN,9992,30,,,,,10008,30,,,,,10000.0,206.0
1,58100,RAINFOREST_RESIN,9992,28,,,,,10008,28,,,,,10000.0,206.0
1,58100,SQUID_INK,1902,20,,,,,1906,20,,,,,1904.0,-1884.59375
1,58100,PICNIC_BASKET2,30271,16,30270,22,,,30277,38,,,,,30274.0,0.0
1,58100,PICNIC_BASKET1,58662,16,58661,22,,,58673,16,58674,22,,,58667.5,0.0
1,58100,DJEMBES,13383,54,,,,,13385,54,,,,,13384.0,0.0
1,58100,KELP,2034,20,,,,,2038,20,,,,,2036.0,-74.0078125
1,58100,CROISSANTS,4272,133,,,,,4273,133,,,,,4272.5,0.0
1,58100,JAMS,6530,193,,,,,6532,193,,,,,6531.0,0.0
1,58200,DJEMBES,13384,49,,,,,13385,49,,,,,13384.5,0.0
1,58200,RAINFOREST_RESIN,9992,32,,,,,10008,32,,,,,10000.0,206.0
1,58200,KELP,2034,29,,,,,2038,29,,,,,2036.0,-70.2109375
1,58200,SQUID_INK,1903,29,,,,,1906,29,,,,,1904.5,-1922.609375
1,58200,PICNIC_BASKET2,30273,7,30271,22,30270,16,30276,2,30277,36,,,30274.5,0.0
1,58200,PICNIC_BASKET1,58666,7,58662,2,58661,20,58671,2,58672,20,58673,16,58668.5,0.0
1,58200,CROISSANTS,4271,132,,,,,4273,132,,,,,4272.0,0.0
1,58200,JAMS,6530,267,,,,,6532,267,,,,,6531.0,0.0
1,58300,DJEMBES,13385,25,13384,49,,,13386,74,,,,,13385.5,0.0
1,58300,KELP,2034,28,,,,,2038,29,,,,,2036.0,-70.671875
1,58300,CROISSANTS,4271,119,,,,,4273,119,,,,,4272.0,0.0
1,58300,JAMS,6530,211,,,,,6532,211,,,,,6531.0,0.0
1,58300,RAINFOREST_RESIN,9992,35,,,,,10008,35,,,,,10000.0,206.0
1,58300,SQUID_INK,1903,28,,,,,1906,29,,,,,1904.5,-1918.4921875
1,58300,PICNIC_BASKET2,30270,37,,,,,30276,12,30277,25,,,30273.0,0.0
1,58300,PICNIC_BASKET1,58662,12,58661,25,,,58673,12,58674,25,,,58667.5,0.0
1,58400,KELP,2034,25,,,,,2035,2,2038,25,,,2034.5,-68.7890625
1,58400,SQUID_INK,1902,25,,,,,1903,2,1906,25,,,1902.5,-1889.0859375
1,58400,PICNIC_BASKET2,30271,2,30270,28,,,30276,13,30277,17,,,30273.5,0.0
1,58400,PICNIC_BASKET1,58659,2,58658,11,58657,17,58668,2,58669,11,58670,17,58663.5,0.0
1,58400,CROISSANTS,4271,149,,,,,4273,149,,,,,4272.0,0.0
1,58400,JAMS,6529,204,,,,,6531,204,,,,,6530.0,0.0
1,58400,DJEMBES,13384,52,,,,,13386,52,,,,,13385.0,0.0
1,58400,RAINFOREST_RESIN,9992,31,,,,,10008,31,,,,,10000.0,206.0
1,58500,RAINFOREST_RESIN,9992,26,,,,,10008,26,,,,,10000.0,206.0
1,58500,SQUID_INK,1903,28,,,,,1906,2,1907,26,,,1904.5,-1936.53125
1,58500,PICNIC_BASKET2,30268,16,30267,16,,,30273,2,30274,30,,,30270.5,0.0
1,58500,PICNIC_BASKET1,58659,2,58658,14,58657,16,58668,2,58669,14,58670,16,58663.5,0.0
1,58500,DJEMBES,13384,56,,,,,13385,16,13386,40,,,13384.5,0.0
1,58500,KELP,2034,28,,,,,2038,28,,,,,2036.0,-66.9921875
1,58500,CROISSANTS,4271,158,,,,,4272,58,4273,100,,,4271.5,0.0
1,58500,JAMS,6529,225,,,,,6531,225,,,,,6530.0,0.0
1,58600,DJEMBES,13384,71,,,,,13385,71,,,,,13384.5,0.0
1,58600,RAINFOREST_RESIN,9992,25,,,,,10008,25,,,,,10000.0,206.0
1,58600,SQUID_INK,1904,3,1903,26,,,1907,26,,,,,1905.5,-1940.4375
1,58600,KELP,2034,29,,,,,2037,1,2038,25,,,2035.5,-62.390625
1,58600,PICNIC_BASKET2,30269,16,30268,29,,,30275,45,,,,,30272.0,0.0
1,58600,PICNIC_BASKET1,58666,1,58665,15,58664,29,58675,1,58676,15,58677,29,58670.5,0.0
1,58600,CROISSANTS,4271,120,,,,,4273,120,,,,,4272.0,0.0
1,58600,JAMS,6530,224,,,,,6532,224,,,,,6531.0,0.0
1,58700,DJEMBES,13384,50,,,,,13385,16,13386,34,,,13384.5,0.0
1,58700,KELP,2034,29,,,,,2038,29,,,,,2036.0,-62.3828125
1,58700,CROISSANTS,4271,101,,,,,4273,101,,,,,4272.0,0.0
1,58700,JAMS,6531,56,6530,127,,,6532,56,6533,127,,,6531.5,0.0
1,58700,RAINFOREST_RESIN,9992,27,,,,,10008,27,,,,,10000.0,206.0
1,58700,SQUID_INK,1903,29,,,,,1906,29,,,,,1904.5,-1906.1953125
1,58700,PICNIC_BASKET2,30268,10,30267,16,,,30274,26,,,,,30271.0,0.0
1,58700,PICNIC_BASKET1,58666,10,58665,16,,,58677,10,58678,16,,,58671.5,0.0
1,58800,SQUID_INK,1904,35,,,,,1907,29,,,,,1905.5,-1963.4453125
1,58800,KELP,2035,6,2034,29,,,2037,1,2038,28,,,2036.0,-62.8515625
1,58800,PICNIC_BASKET2,30268,17,30267,17,,,30273,1,30274,33,,,30270.5,0.0
1,58800,PICNIC_BASKET1,58666,1,58665,16,58664,17,58675,1,58676,16,58677,17,58670.5,0.0
1,58800,CROISSANTS,4271,125,,,,,4273,125,,,,,4272.0,0.0
1,58800,JAMS,6531,67,6530,142,,,6532,209,,,,,6531.5,0.0
1,58800,DJEMBES,13384,17,13383,30,,,13385,47,,,,,13384.5,0.0
1,58800,RAINFOREST_RESIN,9992,33,,,,,10008,33,,,,,10000.0,206.0
1,58900,RAINFOREST_RESIN,9992,28,,,,,10008,28,,,,,10000.0,206.0
1,58900,SQUID_INK,1905,1,1903,26,,,1906,26,,,,,1905.5,-1917.7578125
1,58900,PICNIC_BASKET2,30266,2,30265,39,,,30271,20,30272,21,,,30268.5,0.0
1,58900,PICNIC_BASKET1,58664,2,58663,18,58662,21,58673,2,58674,18,58675,21,58668.5,0.0
1,58900,DJEMBES,13384,68,,,,,13386,68,,,,,13385.0,0.0
1,58900,KELP,2036,1,2034,26,,,2037,2,2038,24,,,2036.5,-63.3203125
1,58900,CROISSANTS,4271,123,,,,,4272,64,4273,59,,,4271.5,0.0
1,58900,JAMS,6530,243,,,,,6532,249,,,,,6531.0,0.0
1,59000,DJEMBES,13384,52,,,,,13386,52,,,,,13385.0,0.0
1,59000,RAINFOREST_RESIN,9992,35,,,,,10008,35,,,,,10000.0,206.0
1,59000,SQUID_INK,1904,6,1903,22,,,1906,22,,,,,1905.0,-1930.484375
1,59000,KELP,2035,6,2034,22,,,2037,1,2038,21,,,2036.0,-62.8203125
1,59000,PICNIC_BASKET2,30270,1,30269,34,,,30275,17,30276,18,,,30272.5,0.0
1,59000,PICNIC_BASKET1,58667,1,58666,16,58665,18,58676,1,58677,16,58678,18,58671.5,0.0
1,59000,CROISSANTS,4271,136,,,,,4272,61,4273,75,,,4271.5,0.0
1,59000,JAMS,6530,230,,,,,6532,230,,,,,6531.0,0.0
1,59100,DJEMBES,13384,69,,,,,13386,69,,,,,13385.0,0.0
1,59100,KELP,2034,28,,,,,2038,28,,,,,2036.0,-62.8203125
1,59100,JAMS,6530,175,,,,,6532,175,,,,,6531.0,0.0
1,59100,CROISSANTS,4271,116,,,,,4272,116,,,,,4271.5,0.0
1,59100,RAINFOREST_RESIN,9992,32,,,,,10008,32,,,,,10000.0,206.0
1,59100,SQUID_INK,1901,28,,,,,1904,28,,,,,1902.5,-1803.125
1,59100,PICNIC_BASKET1,58664,19,58663,23,,,58675,42,,,,,58669.5,0.0
1,59100,PICNIC_BASKET2,30270,19,30269,23,,,30276,42,,,,,30273.0,0.0
1,59200,SQUID_INK,1900,3,1898,22,,,1901,22,,,,,1900.5,-1685.296875
1,59200,PICNIC_BASKET1,58665,2,58664,19,58663,18,58674,2,58675,19,58676,18,58669.5,0.0
1,59200,PICNIC_BASKET2,30273,2,30272,37,,,30278,2,30279,37,,,30275.5,0.0
1,59200,KELP,2036,3,2034,22,,,2037,22,,,,,2036.5,-59.4921875
1,59200,JAMS,6531,56,6530,141,,,6532,56,6533,141,,,6531.5,0.0
1,59200,CROISSANTS,4271,112,,,,,4272,56,4273,56,,,4271.5,0.0
1,59200,DJEMBES,13384,61,,,,,13386,61,,,,,13385.0,0.0
1,59200,RAINFOREST_RESIN,9992,25,,,,,10003,4,10008,25,,,9997.5,206.0
1,59300,RAINFOREST_RESIN,9992,31,,,,,10008,31,,,,,10000.0,206.0
1,59300,SQUID_INK,1897,5,1895,26,,,1898,26,,,,,1897.5,-1529.4296875
1,59300,PICNIC_BASKET1,58666,2,58665,16,58664,25,58675,2,58676,16,58677,25,58670.5,0.0
1,59300,PICNIC_BASKET2,30273,18,30272,25,,,30278,2,30279,41,,,30275.5,0.0
1,59300,DJEMBES,13385,68,,,,,13386,25,13387,43,,,13385.5,0.0
1,59300,KELP,2036,5,2034,26,,,2038,26,,,,,2037.0,-74.34375
1,59300,CROISSANTS,4271,121,,,,,4273,121,,,,,4272.0,0.0
1,59300,JAMS,6531,64,6530,185,,,6532,64,6533,185,,,6531.5,0.0
1,59400,DJEMBES,13386,53,,,,,13388,53,,,,,13387.0,0.0
1,59400,RAINFOREST_RESIN,9992,30,,,,,10008,30,,,,,10000.0,206.0
1,59400,SQUID_INK,1896,27,,,,,1898,6,1899,27,,,1897.0,-1575.203125
1,59400,PICNIC_BASKET1,58668,11,58667,15,,,58679,11,58680,15,,,58673.5,0.0
1,59400,PICNIC_BASKET2,30273,26,,,,,30279,11,30280,15,,,30276.0,0.0
1,59400,KELP,2034,27,,,,,2036,6,2038,27,,,2035.0,-68.78125
1,59400,CROISSANTS,4271,112,,,,,4273,112,,,,,4272.0,0.0
1,59400,JAMS,6531,50,6530,137,,,6532,50,6533,137,,,6531.5,0.0
1,59500,DJEMBES,13386,16,13385,48,,,13387,64,,,,,13386.5,0.0
1,59500,KELP,2035,6,2034,24,,,2038,24,,,,,2036.5,-68.6640625
1,59500,CROISSANTS,4271,149,,,,,4273,149,,,,,4272.0,0.0
1,59500,JAMS,6531,283,,,,,6533,283,,,,,6532.0,0.0
1,59500,RAINFOREST_RESIN,9992,27,,,,,10008,27,,,,,10000.0,206.0
1,59500,SQUID_INK,1893,6,1892,24,,,1895,2,1896,22,,,1894.0,-1402.34375
1,59500,PICNIC_BASKET1,58663,2,58662,12,58661,16,58672,2,58673,12,58674,16,58667.5,0.0
1,59500,PICNIC_BASKET2,30276,14,30275,16,,,30281,2,30282,28,,,30278.5,0.0
1,59600,PICNIC_BASKET1,58663,2,58662,12,58661,19,58672,2,58673,12,58674,19,58667.5,0.0
1,59600,PICNIC_BASKET2,30277,14,30276,19,,,30283,14,30284,19,,,30280.0,0.0
1,59600,KELP,2034,28,,,,,2038,28,,,,,2036.0,-71.78125
1,59600,CROISSANTS,4272,41,4271,67,,,4273,108,,,,,4272.5,0.0
1,59600,JAMS,6531,224,,,,,6533,224,,,,,6532.0,0.0
1,59600,SQUID_INK,1895,28,,,,,1898,28,,,,,1896.5,-1515.546875
1,59600,DJEMBES,13386,55,,,,,13388,55,,,,,13387.0,0.0
1,59600,RAINFOREST_RESIN,9992,25,,,,,10008,25,,,,,10000.0,206.0
1,59700,RAINFOREST_RESIN,9992,29,,,,,10008,29,,,,,10000.0,206.0
1,59700,PICNIC_BASKET1,58660,1,58659,13,58658,19,58669,1,58670,13,58671,19,58664.5,0.0
1,59700,PICNIC_BASKET2,30277,1,30276,32,,,30282,14,30283,19,,,30279.5,0.0
1,59700,SQUID_INK,1897,28,,,,,1898,5,1900,25,,,1897.5,-1610.890625
1,59700,KELP,2035,4,2034,24,,,2036,5,2038,25,,,2035.5,-79.859375
1,59700,DJEMBES,13386,63,,,,,13388,63,,,,,13387.0,0.0
1,59700,CROISSANTS,4272,51,4271,71,,,4273,122,,,,,4272.5,0.0
1,59700,JAMS,6531,251,,,,,6533,251,,,,,6532.0,0.0
1,59800,DJEMBES,13386,67,,,,,13388,67,,,,,13387.0,0.0
1,59800,RAINFOREST_RESIN,9992,27,,,,,10008,27,,,,,10000.0,206.0
1,59800,PICNIC_BASKET1,58659,18,58658,24,,,58670,18,58671,24,,,58664.5,0.0
1,59800,PICNIC_BASKET2,30276,42,,,,,30282,18,30283,24,,,30279.0,0.0
1,59800,CROISSANTS,4272,39,4271,86,,,4273,125,,,,,4272.5,0.0
1,59800,JAMS,6531,243,,,,,6533,243,,,,,6532.0,0.0
1,59800,SQUID_INK,1895,29,,,,,1896,10,1899,29,,,1895.5,-1546.1484375
1,59800,KELP,2034,29,,,,,2035,10,2038,29,,,2034.5,-81.484375
1,59900,KELP,2035,4,2034,23,,,2038,23,,,,,2036.5,-81.015625
1,59900,DJEMBES,13385,60,,,,,13387,60,,,,,13386.0,0.0
1,59900,CROISSANTS,4272,114,,,,,4273,114,,,,,4272.5,0.0
1,59900,JAMS,6531,236,,,,,6533,236,,,,,6532.0,0.0
1,59900,RAINFOREST_RESIN,10001,1,9992,31,,,10008,31,,,,,10004.5,206.0
1,59900,PICNIC_BASKET1,58661,10,58660,19,,,58672,29,,,,,58666.5,0.0
1,59900,PICNIC_BASKET2,30277,29,,,,,30283,10,30284,19,,,30280.0,0.0
1,59900,SQUID_INK,1897,27,,,,,1900,23,,,,,1898.5,-1618.1484375
1,60000,PICNIC_BASKET1,58658,16,58657,19,,,58669,16,58670,19,,,58663.5,0.0
1,60000,PICNIC_BASKET2,30274,35,,,,,30281,35,,,,,30277.5,0.0
1,60000,CROISSANTS,4272,60,4271,71,,,4273,131,,,,,4272.5,0.0
1,60000,JAMS,6531,264,,,,,6533,264,,,,,6532.0,0.0
1,60000,SQUID_INK,1897,35,,,,,1900,29,,,,,1898.5,-1617.40625
1,60000,KELP,2035,6,2034,29,,,2038,29,,,,,2036.5,-82.0703125
1,60000,DJEMBES,13386,54,,,,,13387,54,,,,,13386.5,0.0
1,60000,RAINFOREST_RESIN,9992,34,,,,,10000,3,10008,34,,,9996.0,200.0
1,60100,RAINFOREST_RESIN,9992,29,,,,,10008,29,,,,,10000.0,200.0
1,60100,PICNIC_BASKET1,58663,2,58662,15,58661,16,58667,8,58672,2,58673,15,58665.0,0.0
1,60100,PICNIC_BASKET2,30276,17,30275,16,,,30278,8,30281,2,30282,31,30277.0,0.0
1,60100,SQUID_INK,1898,5,1897,23,,,1900,23,,,,,1899.0,-1639.4765625
1,60100,KELP,2036,5,2034,23,,,2038,23,,,,,2037.0,-75.3984375
1,60100,DJEMBES,13386,59,,,,,13387,59,,,,,13386.5,0.0
1,60100,CROISSANTS,4272,52,4271,97,,,4273,149,,,,,4272.5,0.0
1,60100,JAMS,6531,219,,,,,6533,219,,,,,6532.0,0.0
1,60200,RAINFOREST_RESIN,9992,27,,,,,10008,27,,,,,10000.0,200.0
1,60200,PICNIC_BASKET1,58665,12,58664,20,,,58676,32,,,,,58670.5,0.0
1,60200,PICNIC_BASKET2,30279,12,30278,20,,,30285,12,30286,20,,,30282.0,0.0
1,60200,CROISSANTS,4272,117,,,,,4273,117,,,,,4272.5,0.0
1,60200,SQUID_INK,1900,5,1898,24,,,1901,24,,,,,1900.5,-1680.765625
1,60200,JAMS,6531,235,,,,,6533,235,,,,,6532.0,0.0
1,60200,DJEMBES,13387,61,,,,,13388,20,13389,41,,,13387.5,0.0
1,60200,KELP,2036,5,2034,24,,,2038,24,,,,,2037.0,-71.8828125
1,60300,JAMS,6531,223,,,,,6533,223,,,,,6532.0,0.0
1,60300,KELP,2036,1,2034,23,,,2038,23,,,,,2037.0,-67.765625
1,60300,CROISSANTS,4272,113,,,,,4273,122,,,,,4272.5,0.0
1,60300,RAINFOREST_RESIN,10003,12,9992,31,,,10008,31,,,,,10005.5,201.0
1,60300,DJEMBES,13387,66,,,,,13389,66,,,,,13388.0,0.0
1,60300,PICNIC_BASKET2,30284,19,30283,17,,,30290,19,30291,17,,,30287.0,0.0
1,60300,PICNIC_BASKET1,58665,2,58664,17,58663,17,58674,2,58675,17,58676,17,58669.5,0.0
1,60300,SQUID_INK,1895,1,1893,23,,,1897,23,,,,,1896.0,-1456.4296875
1,60400,PICNIC_BASKET2,30285,1,30284,47,,,30290,1,30291,47,,,30287.5,0.0
1,60400,PICNIC_BASKET1,58673,1,58672,47,,,58683,18,58684,30,,,58678.0,0.0
1,60400,SQUID_INK,1897,5,1896,1,1895,26,1899,27,,,,,1898.0,-1554.671875
1,60400,CROISSANTS,4273,46,4272,96,,,4274,142,,,,,4273.5,0.0
1,60400,JAMS,6531,215,,,,,6533,215,,,,,6532.0,0.0
1,60400,DJEMBES,13388,62,,,,,13389,62,,,,,13388.5,0.0
1,60400,KELP,2036,5,2034,27,,,2037,1,2038,26,,,2036.5,-62.25
1,60400,RAINFOREST_RESIN,9992,31,,,,,10008,31,,,,,10000.0,201.0
1,60500,RAINFOREST_RESIN,9992,33,,,,,10008,33,,,,,10000.0,201.0
1,60500,DJEMBES,13391,26,13390,47,,,13392,73,,,,,13391.5,0.0
1,60500,PICNIC_BASKET2,30284,14,30283,26,,,30289,1,30290,39,,,30286.5,0.0
1,60500,PICNIC_BASKET1,58680,1,58679,13,58678,26,58689,1,58690,13,58691,26,58684.5,0.0
1,60500,SQUID_INK,1896,30,,,,,1899,1,1900,29,,,1897.5,-1595.6640625
1,60500,CROISSANTS,4272,107,,,,,4273,50,4274,57,,,4272.5,0.0
1,60500,JAMS,6532,7,6531,226,,,6533,226,,,,,6532.5,0.0
1,60500,KELP,2034,30,,,,,2037,1,2038,29,,,2035.5,-62.25
1,60600,RAINFOREST_RESIN,9992,29,,,,,10008,29,,,,,10000.0,201.0
1,60600,PICNIC_BASKET2,30284,2,30283,41,,,30286,2,30289,19,30290,24,30285.0,0.0
1,60600,PICNIC_BASKET1,58683,2,58682,17,58681,24,58687,2,58692,2,58693,17,58685.0,0.0
1,60600,SQUID_INK,1897,28,,,,,1898,5,1900,28,,,1897.5,-1609.1875
1,60600,CROISSANTS,4272,130,,,,,4273,51,4274,79,,,4272.5,0.0
1,60600,JAMS,6531,198,,,,,6533,198,,,,,6532.0,0.0
1,60600,DJEMBES,13392,62,,,,,13393,62,,,,,13392.5,0.0
1,60600,KELP,2034,28,,,,,2036,5,2037,2,2038,26,2035.0,-63.2734375
1,60700,CROISSANTS,4272,152,,,,,4274,152,,,,,4273.0,0.0
1,60700,JAMS,6530,240,,,,,6532,240,,,,,6531.0,0.0
1,60700,KELP,2034,24,,,,,2036,8,2037,1,2038,23,2035.0,-62.7734375
1,60700,RAINFOREST_RESIN,9992,26,,,,,10008,26,,,,,10000.0,201.0
1,60700,DJEMBES,13390,65,,,,,13392,65,,,,,13391.0,0.0
1,60700,PICNIC_BASKET2,30282,1,30281,44,,,30287,1,30288,44,,,30284.5,0.0
1,60700,PICNIC_BASKET1,58683,1,58682,19,58681,25,58692,1,58693,44,,,58687.5,0.0
1,60700,SQUID_INK,1898,24,,,,,1900,8,1902,24,,,1899.0,-1695.40625
1,60800,PICNIC_BASKET2,30284,15,30283,22,,,30289,1,30290,36,,,30286.5,0.0
1,60800,PICNIC_BASKET1,58687,1,58686,14,58685,22,58696,1,58697,14,58698,22,58691.5,0.0
1,60800,SQUID_INK,1899,24,,,,,1902,24,,,,,1900.5,-1718.484375
1,60800,CROISSANTS,4273,41,4272,92,,,4274,133,,,,,4273.5,0.0
1,60800,JAMS,6530,207,,,,,6532,207,,,,,6531.0,0.0
1,60800,DJEMBES,13390,67,,,,,13391,22,13392,45,,,13390.5,0.0
1,60800,KELP,2034,24,,,,,2037,1,2038,23,,,2035.5,-64.2890625
1,60800,RAINFOREST_RESIN,9992,30,,,,,10008,30,,,,,10000.0,203.0
1,60900,RAINFOREST_RESIN,9992,33,,,,,10008,33,,,,,10000.0,203.0
1,60900,DJEMBES,13390,59,,,,,13392,59,,,,,13391.0,0.0
1,60900,PICNIC_BASKET2,30289,8,30287,1,30286,38,30292,13,30293,26,,,30290.5,0.0
1,60900,PICNIC_BASKET1,58697,8,58693,1,58692,12,58702,1,58703,12,58704,26,58699.5,0.0
1,60900,SQUID_INK,1897,31,,,,,1900,31,,,,,1898.5,-1634.7734375
1,60900,CROISSANTS,4273,148,,,,,4275,148,,,,,4274.0,0.0
1,60900,JAMS,6530,91,6529,185,,,6531,91,6532,185,,,6530.5,0.0
1,60900,KELP,2034,31,,,,,2037,1,2038,30,,,2035.5,-64.7578125
1,61000,RAINFOREST_RESIN,9992,33,,,,,10008,33,,,,,10000.0,210.0
1,61000,PICNIC_BASKET2,30288,32,,,,,30295,32,,,,,30291.5,0.0
1,61000,PICNIC_BASKET1,58699,11,58698,21,,,58710,11,58711,21,,,58704.5,0.0
1,61000,SQUID_INK,1897,26,,,,,1901,26,,,,,1899.0,-1649.140625
1,61000,CROISSANTS,4274,131,,,,,4275,131,,,,,4274.5,0.0
1,61000,JAMS,6529,252,,,,,6531,252,,,,,6530.0,0.0
1,61000,DJEMBES,13391,3,13390,51,,,13392,51,,,,,13391.5,0.0
1,61000,KELP,2034,26,,,,,2038,26,,,,,2036.0,-65.765625
1,61100,CROISSANTS,4274,89,,,,,4275,38,4276,51,,,4274.5,0.0
1,61100,JAMS,6528,161,,,,,6530,161,,,,,6529.0,0.0
1,61100,KELP,2034,30,,,,,2038,30,,,,,2036.0,-63.7109375
1,61100,RAINFOREST_RESIN,9992,32,,,,,10008,32,,,,,10000.0,210.0
1,61100,DJEMBES,13390,55,,,,,13391,55,,,,,13390.5,0.0
1,61100,PICNIC_BASKET2,30291,37,,,,,30298,37,,,,,30294.5,0.0
1,61100,PICNIC_BASKET1,58702,37,,,,,58713,12,58714,25,,,58707.5,0.0
1,61100,SQUID_INK,1898,30,,,,,1901,30,,,,,1899.5,-1673.90625
1,61200,PICNIC_BASKET2,30295,35,,,,,30298,3,30302,35,,,30296.5,0.0
1,61200,PICNIC_BASKET1,58701,13,58700,22,,,58706,3,58712,13,58713,22,58703.5,0.0
1,61200,SQUID_INK,1900,1,1898,27,,,1901,27,,,,,1900.5,-1668.15625
1,61200,CROISSANTS,4274,106,,,,,4275,43,4276,73,,,4274.5,0.0
1,61200,JAMS,6528,73,6527,133,,,6529,206,,,,,6528.5,0.0
1,61200,DJEMBES,13390,69,,,,,13392,69,,,,,13391.0,0.0
1,61200,KELP,2036,1,2034,27,,,2038,27,,,,,2037.0,-66.8203125
1,61200,RAINFOREST_RESIN,9992,26,,,,,10008,26,,,,,10000.0,210.0
1,61300,RAINFOREST_RESIN,9992,26,,,,,10008,26,,,,,10000.0,210.0
1,61300,DJEMBES,13389,73,,,,,13390,73,,,,,13389.5,0.0
1,61300,PICNIC_BASKET2,30293,17,30292,26,,,30299,43,,,,,30296.0,0.0
1,61300,PICNIC_BASKET1,58689,2,58688,41,,,58699,17,58700,26,,,58694.0,0.0
1,61300,SQUID_INK,1896,32,,,,,1899,32,,,,,1897.5,-1589.0234375
1,61300,JAMS,6527,60,6526,200,,,6528,60,6529,200,,,6527.5,0.0
1,61300,CROISSANTS,4274,99,,,,,4275,99,,,,,4274.5,0.0
1,61300,KELP,2034,32,,,,,2038,32,,,,,2036.0,-66.8203125
1,61400,PICNIC_BASKET1,58687,1,58686,48,,,58697,19,58698,30,,,58692.0,0.0
1,61400,PICNIC_BASKET2,30294,1,30293,48,,,30299,1,30300,48,,,30296.5,0.0
1,61400,SQUID_INK,1898,23,,,,,1901,24,,,,,1899.5,-1680.6015625
1,61400,RAINFOREST_RESIN,9992,30,,,,,10008,30,,,,,10000.0,210.0
1,61400,JAMS,6527,56,6526,131,,,6528,56,6529,131,,,6527.5,0.0
1,61400,CROISSANTS,4274,60,4273,56,,,4275,116,,,,,4274.5,0.0
1,61400,DJEMBES,13389,30,13388,38,,,13390,68,,,,,13389.5,0.0
1,61400,KELP,2034,23,,,,,2038,24,,,,,2036.0,-66.2734375
1,61500,CROISSANTS,4273,134,,,,,4274,40,4275,94,,,4273.5,0.0
1,61500,JAMS,6527,214,,,,,6529,214,,,,,6528.0,0.0
1,61500,PICNIC_BASKET1,58684,2,58683,16,58682,23,58693,2,58694,16,58695,23,58688.5,0.0
1,61500,PICNIC_BASKET2,30293,18,30292,23,,,30299,41,,,,,30296.0,0.0
1,61500,KELP,2034,32,,,,,2037,2,2038,30,,,2035.5,-63.234375
1,61500,RAINFOREST_RESIN,9992,35,,,,,10008,35,,,,,10000.0,210.0
1,61500,DJEMBES,13387,53,,,,,13389,53,,,,,13388.0,0.0
1,61500,SQUID_INK,1896,32,,,,,1900,32,,,,,1898.0,-1596.046875
1,61600,SQUID_INK,1898,22,,,,,1901,22,,,,,1899.5,-1654.921875
1,61600,RAINFOREST_RESIN,9992,25,,,,,10003,6,10008,25,,,9997.5,210.0
1,61600,CROISSANTS,4273,55,4272,85,,,4274,140,,,,,4273.5,0.0
1,61600,JAMS,6527,232,,,,,6529,232,,,,,6528.0,0.0
1,61600,DJEMBES,13387,69,,,,,13389,69,,,,,13388.0,0.0
1,61600,KELP,2034,22,,,,,2038,22,,,,,2036.0,-71.75
1,61600,PICNIC_BASKET1,58684,1,58683,19,58682,20,58693,1,58694,19,58695,20,58688.5,0.0
1,61600,PICNIC_BASKET2,30289,20,30288,20,,,30295,20,30296,20,,,30292.0,0.0
1,61700,DJEMBES,13388,29,13387,35,,,13389,64,,,,,13388.5,0.0
1,61700,SQUID_INK,1899,30,,,,,1902,30,,,,,1900.5,-1719.1171875
1,61700,CROISSANTS,4272,122,,,,,4274,117,,,,,4273.0,0.0
1,61700,JAMS,6528,76,6527,192,,,6529,76,6530,192,,,6528.5,0.0
1,61700,PICNIC_BASKET1,58687,1,58686,17,58685,29,58696,1,58697,17,58698,29,58691.5,0.0
1,61700,PICNIC_BASKET2,30287,1,30286,46,,,30292,18,30293,29,,,30289.5,0.0
1,61700,KELP,2034,30,,,,,2038,30,,,,,2036.0,-72.203125
1,61700,RAINFOREST_RESIN,9992,29,,,,,10008,29,,,,,10000.0,210.0
1,61800,PICNIC_BASKET1,58692,1,58691,17,58690,29,58701,1,58702,17,58703,29,58696.5,0.0
1,61800,PICNIC_BASKET2,30286,1,30285,46,,,30291,18,30292,29,,,30288.5,0.0
1,61800,SQUID_INK,1899,1,1898,27,,,1902,28,,,,,1900.5,-1700.2734375
1,61800,RAINFOREST_RESIN,9992,35,,,,,10008,35,,,,,10000.0,210.0
1,61800,CROISSANTS,4273,44,4272,58,,,4274,102,,,,,4273.5,0.0
1,61800,JAMS,6528,58,6527,110,,,6529,58,6530,110,,,6528.5,0.0
1,61800,DJEMBES,13388,65,,,,,13389,29,13390,36,,,13388.5,0.0
1,61800,KELP,2034,28,,,,,2038,28,,,,,2036.0,-75.734375
1,61900,KELP,2034,22,,,,,2038,22,,,,,2036.0,-74.6484375
1,61900,CROISSANTS,4273,132,,,,,4274,54,4275,78,,,4273.5,0.0
1,61900,JAMS,6529,78,6528,199,,,6530,78,6531,199,,,6529.5,0.0
1,61900,SQUID_INK,1899,1,1898,21,,,1902,22,,,,,1900.5,-1700.890625
1,61900,PICNIC_BASKET1,58692,1,58691,31,,,58702,15,58703,17,,,58697.0,0.0
1,61900,PICNIC_BASKET2,30289,1,30288,31,,,30294,1,30295,31,,,30291.5,0.0
1,61900,RAINFOREST_RESIN,9992,29,,,,,10008,29,,,,,10000.0,210.0
1,61900,DJEMBES,13388,56,,,,,13390,56,,,,,13389.0,0.0
1,62000,RAINFOREST_RESIN,9997,8,9992,32,,,10008,32,,,,,10002.5,210.0
1,62000,KELP,2034,23,,,,,2038,23,,,,,2036.0,-67.0859375
1,62000,CROISSANTS,4274,35,4273,63,,,4275,98,,,,,4274.5,0.0
1,62000,JAMS,6530,63,6529,188,,,6531,63,6532,188,,,6530.5,0.0
1,62000,DJEMBES,13388,48,,,,,13389,54,,,,,13388.5,0.0
1,62000,SQUID_INK,1902,2,1901,21,,,1905,23,,,,,1903.5,-1845.25
1,62000,PICNIC_BASKET1,58695,2,58694,41,,,58705,21,58706,22,,,58700.0,0.0
1,62000,PICNIC_BASKET2,30293,2,30292,41,,,30298,21,30299,22,,,30295.5,0.0
1,62100,DJEMBES,13390,19,13389,31,,,13391,50,,,,,13390.5,0.0
1,62100,KELP,2034,25,,,,,2035,2,2038,25,,,2034.5,-67.0859375
1,62100,CROISSANTS,4274,61,4273,56,,,4275,117,,,,,4274.5,0.0
1,62100,JAMS,6529,255,,,,,6531,255,,,,,6530.0,0.0
1,62100,SQUID_INK,1902,25,,,,,1903,2,1905,25,,,1902.5,-1858.5
1,62100,PICNIC_BASKET1,58697,1,58696,18,58695,19,58706,1,58707,18,58708,19,58701.5,0.0
1,62100,PICNIC_BASKET2,30293,19,30292,19,,,30299,38,,,,,30296.0,0.0
1,62100,RAINFOREST_RESIN,9992,28,,,,,10008,28,,,,,10000.0,210.0
1,62200,SQUID_INK,1902,30,,,,,1905,29,,,,,1903.5,-1853.5703125
1,62200,PICNIC_BASKET1,58701,34,,,,,58712,12,58713,22,,,58706.5,0.0
1,62200,PICNIC_BASKET2,30293,12,30292,22,,,30299,12,30300,22,,,30296.0,0.0
1,62200,RAINFOREST_RESIN,9992,28,,,,,10008,28,,,,,10000.0,210.0
1,62200,KELP,2035,1,2034,29,,,2038,29,,,,,2036.5,-65.0703125
1,62200,CROISSANTS,4274,55,4273,73,,,4275,128,,,,,4274.5,0.0
1,62200,JAMS,6530,73,6529,172,,,6531,73,6532,172,,,6530.5,0.0
1,62200,DJEMBES,13390,54,,,,,13391,54,,,,,13390.5,0.0
1,62300,KELP,2034,21,,,,,2037,1,2038,21,,,2035.5,-61.0625
1,62300,CROISSANTS,4273,111,,,,,4274,111,,,,,4273.5,0.0
1,62300,JAMS,6529,178,,,,,6531,178,,,,,6530.0,0.0
1,62300,SQUID_INK,1902,21,,,,,1905,22,,,,,1903.5,-1850.34375
1,62300,PICNIC_BASKET1,58703,15,58702,17,,,58708,5,58713,1,58714,31,58705.5,0.0
1,62300,PICNIC_BASKET2,30292,15,30291,17,,,30294,5,30298,15,30299,17,30293.0,0.0
1,62300,RAINFOREST_RESIN,9992,35,,,,,10008,35,,,,,10000.0,210.0
1,62300,DJEMBES,13391,60,,,,,13392,60,,,,,13391.5,0.0
1,62400,RAINFOREST_RESIN,9992,27,,,,,10008,27,,,,,10000.0,210.0
1,62400,DJEMBES,13391,70,,,,,13392,70,,,,,13391.5,0.0
1,62400,KELP,2034,30,,,,,2038,30,,,,,2036.0,-62.6171875
1,62400,CROISSANTS,4273,150,,,,,4274,150,,,,,4273.5,0.0
1,62400,JAMS,6528,244,,,,,6530,244,,,,,6529.0,0.0
1,62400,SQUID_INK,1899,30,,,,,1902,30,,,,,1900.5,-1707.4296875
1,62400,PICNIC_BASKET1,58702,20,58701,23,,,58713,20,58714,23,,,58707.5,0.0
1,62400,PICNIC_BASKET2,30290,43,,,,,30296,20,30297,23,,,30293.0,0.0
1,62500,DJEMBES,13391,58,,,,,13392,25,13393,33,,,13391.5,0.0
1,62500,KELP,2034,23,,,,,2038,24,,,,,2036.0,-64.125
1,62500,CROISSANTS,4273,118,,,,,4274,118,,,,,4273.5,0.0
1,62500,SQUID_INK,1901,23,,,,,1904,24,,,,,1902.5,-1804.1875
1,62500,PICNIC_BASKET2,30288,14,30287,25,,,30294,39,,,,,30291.0,0.0
1,62500,PICNIC_BASKET1,58708,14,58707,25,,,58719,14,58720,25,,,58713.5,0.0
1,62500,JAMS,6529,194,,,,,6531,182,,,,,6530.0,0.0
1,62500,RAINFOREST_RESIN,9992,32,,,,,10008,32,,,,,10000.0,210.0
1,62600,SQUID_INK,1899,1,1897,25,,,1900,25,,,,,1899.5,-1621.7109375
1,62600,PICNIC_BASKET2,30283,14,30282,28,,,30289,42,,,,,30286.0,0.0
1,62600,PICNIC_BASKET1,58706,14,58705,28,,,58717,14,58718,28,,,58711.5,0.0
1,62600,RAINFOREST_RESIN,9992,35,,,,,10008,35,,,,,10000.0,210.0
1,62600,DJEMBES,13391,78,,,,,13392,78,,,,,13391.5,0.0
1,62600,KELP,2036,1,2034,25,,,2037,25,,,,,2036.5,-43.2890625
1,62600,CROISSANTS,4273,41,4272,64,,,4274,105,,,,,4273.5,0.0
1,62600,JAMS,6529,64,6528,188,,,6530,64,6531,188,,,6529.5,0.0
1,62700,KELP,2033,25,,,,,2035,7,2037,25,,,2034.0,-25.6875
1,62700,SQUID_INK,1899,25,,,,,1901,7,1902,1,1903,24,1900.0,-1740.1953125
1,62700,PICNIC_BASKET2,30282,1,30281,37,,,30287,16,30288,22,,,30284.5,0.0
1,62700,PICNIC_BASKET1,58700,16,58699,22,,,58710,16,58711,22,,,58705.0,0.0
1,62700,CROISSANTS,4273,46,4272,53,,,4274,99,,,,,4273.5,0.0
1,62700,JAMS,6529,247,,,,,6531,247,,,,,6530.0,0.0
1,62700,RAINFOREST_RESIN,9997,5,9992,32,,,10008,32,,,,,10002.5,210.0
1,62700,DJEMBES,13391,68,,,,,13393,68,,,,,13392.0,0.0
1,62800,RAINFOREST_RESIN,9992,27,,,,,10008,27,,,,,10000.0,210.0
1,62800,DJEMBES,13390,69,,,,,13391,25,13392,44,,,13390.5,0.0
1,62800,KELP,2033,25,,,,,2037,25,,,,,2035.0,-22.6640625
1,62800,CROISSANTS,4273,49,4272,89,,,4274,138,,,,,4273.5,0.0
1,62800,JAMS,6529,288,,,,,6531,288,,,,,6530.0,0.0
1,62800,SQUID_INK,1900,25,,,,,1903,25,,,,,1901.5,-1754.484375
1,62800,PICNIC_BASKET2,30285,1,30284,36,,,30290,1,30291,36,,,30287.5,0.0
1,62800,PICNIC_BASKET1,58696,1,58695,11,58694,25,58705,1,58706,11,58707,25,58700.5,0.0
1,62900,DJEMBES,13390,45,,,,,13392,45,,,,,13391.0,0.0
1,62900,KELP,2033,32,,,,,2036,2,2037,30,,,2034.5,-11.53125
1,62900,SQUID_INK,1901,32,,,,,1904,32,,,,,1902.5,-1822.0546875
1,62900,PICNIC_BASKET2,30285,15,30284,15,,,30290,2,30291,28,,,30287.5,0.0
1,62900,PICNIC_BASKET1,58692,2,58691,13,58690,15,58701,2,58702,28,,,58696.5,0.0
1,62900,CROISSANTS,4273,59,4272,99,,,4274,158,,,,,4273.5,0.0
1,62900,JAMS,6529,218,,,,,6531,218,,,,,6530.0,0.0
1,62900,RAINFOREST_RESIN,9992,25,,,,,10008,25,,,,,10000.0,210.0
1,63000,SQUID_INK,1901,26,,,,,1904,26,,,,,1902.5,-1815.171875
1,63000,PICNIC_BASKET2,30280,2,30279,35,,,30285,18,30286,19,,,30282.5,0.0
1,63000,PICNIC_BASKET1,58688,18,58687,19,,,58698,2,58699,35,,,58693.0,0.0
1,63000,RAINFOREST_RESIN,9992,28,,,,,10008,28,,,,,10000.0,210.0
1,63000,DJEMBES,13390,67,,,,,13392,67,,,,,13391.0,0.0
1,63000,KELP,2033,26,,,,,2037,26,,,,,2035.0,-17.078125
1,63000,CROISSANTS,4273,36,4272,67,,,4274,103,,,,,4273.5,0.0
1,63000,JAMS,6529,67,6528,129,,,6530,67,6531,129,,,6529.5,0.0
1,63100,SQUID_INK,1901,24,,,,,1903,6,1904,24,,,1902.0,-1830.765625
1,63100,KELP,2033,24,,,,,2035,6,2037,24,,,2034.0,-21.625
1,63100,PICNIC_BASKET2,30282,1,30281,35,,,30287,20,30288,16,,,30284.5,0.0
1,63100,PICNIC_BASKET1,58688,1,58687,35,,,58698,20,58699,16,,,58693.0,0.0
1,63100,CROISSANTS,4272,151,,,,,4274,151,,,,,4273.0,0.0
1,63100,JAMS,6529,287,,,,,6531,287,,,,,6530.0,0.0
1,63100,RAINFOREST_RESIN,9997,7,9992,27,,,10008,27,,,,,10002.5,210.0
1,63100,DJEMBES,13390,58,,,,,13391,58,,,,,13390.5,0.0
1,63200,RAINFOREST_RESIN,9992,33,,,,,10008,33,,,,,10000.0,210.0
1,63200,DJEMBES,13390,60,,,,,13391,60,,,,,13390.5,0.0
1,63200,KELP,2034,1,2033,20,,,2037,21,,,,,2035.5,-28.9375
1,63200,CROISSANTS,4272,150,,,,,4273,150,,,,,4272.5,0.0
1,63200,JAMS,6530,232,,,,,6532,222,,,,,6531.0,0.0
1,63200,SQUID_INK,1903,21,,,,,1906,21,,,,,1904.5,-1911.1484375
1,63200,PICNIC_BASKET2,30284,12,30283,29,,,30290,12,30291,29,,,30287.0,0.0
1,63200,PICNIC_BASKET1,58687,12,58686,29,,,58697,1,58698,40,,,58692.0,0.0
1,63300,DJEMBES,13390,70,,,,,13392,70,,,,,13391.0,0.0
1,63300,SQUID_INK,1903,24,,,,,1907,24,,,,,1905.0,-1948.7890625
1,63300,KELP,2033,24,,,,,2037,24,,,,,2035.0,-28.9453125
1,63300,PICNIC_BASKET2,30283,4,30280,45,,,30286,17,30287,28,,,30284.5,0.0
1,63300,PICNIC_BASKET1,58687,4,58682,17,58681,28,58693,17,58694,28,,,58690.0,0.0
1,63300,CROISSANTS,4272,119,,,,,4273,115,,,,,4272.5,0.0
1,63300,JAMS,6529,237,,,,,6531,237,,,,,6530.0,0.0
1,63300,RAINFOREST_RESIN,9992,31,,,,,10008,31,,,,,10000.0,210.0
1,63400,SQUID_INK,1899,26,,,,,1901,6,1902,26,,,1900.0,-1724.1328125
1,63400,PICNIC_BASKET2,30283,2,30282,36,,,30288,2,30289,36,,,30285.5,0.0
1,63400,PICNIC_BASKET1,58684,2,58683,13,58682,23,58693,2,58694,13,58695,23,58688.5,0.0
1,63400,RAINFOREST_RESIN,9992,26,,,,,10008,26,,,,,10000.0,210.0
1,63400,DJEMBES,13391,53,,,,,13392,23,13393,30,,,13391.5,0.0
1,63400,KELP,2034,26,,,,,2036,6,2037,26,,,2035.0,-33.421875
1,63400,CROISSANTS,4272,127,,,,,4273,127,,,,,4272.5,0.0
1,63400,JAMS,6530,83,6529,162,,,6531,245,,,,,6530.5,0.0
1,63500,SQUID_INK,1899,25,,,,,1901,2,1902,25,,,1900.0,-1735.21875
1,63500,KELP,2034,25,,,,,2036,2,2037,25,,,2035.0,-37.5859375
1,63500,PICNIC_BASKET2,30284,2,30283,44,,,30289,20,30290,26,,,30286.5,0.0
1,63500,PICNIC_BASKET1,58680,2,58679,44,,,58689,2,58690,18,58691,26,58684.5,0.0
1,63500,CROISSANTS,4272,136,,,,,4273,63,4274,73,,,4272.5,0.0
1,63500,JAMS,6529,241,,,,,6531,241,,,,,6530.0,0.0
1,63500,RAINFOREST_RESIN,9992,27,,,,,10008,27,,,,,10000.0,210.0
1,63500,DJEMBES,13390,69,,,,,13392,69,,,,,13391.0,0.0
1,63600,RAINFOREST_RESIN,10001,1,9992,25,,,10008,25,,,,,10004.5,210.0
1,63600,DJEMBES,13390,48,,,,,13391,18,13392,30,,,13390.5,0.0
1,63600,KELP,2034,27,,,,,2036,7,2037,27,,,2035.0,-40.6640625
1,63600,JAMS,6529,196,,,,,6531,196,,,,,6530.0,0.0
1,63600,CROISSANTS,4273,49,4272,56,,,4274,105,,,,,4273.5,0.0
1,63600,SQUID_INK,1899,27,,,,,1901,7,1902,27,,,1900.0,-1733.75
1,63600,PICNIC_BASKET1,58682,1,58681,12,58680,18,58691,1,58692,12,58693,18,58686.5,0.0
1,63600,PICNIC_BASKET2,30284,13,30283,18,,,30289,1,30290,30,,,30286.5,0.0
1,63700,DJEMBES,13390,52,,,,,13391,21,13392,31,,,13390.5,0.0
1,63700,SQUID_INK,1900,31,,,,,1903,28,,,,,1901.5,-1766.9375
1,63700,PICNIC_BASKET1,58682,19,58681,21,,,58692,19,58693,21,,,58687.0,0.0
1,63700,PICNIC_BASKET2,30281,19,30280,21,,,30286,2,30287,38,,,30283.5,0.0
1,63700,KELP,2034,31,,,,,2037,28,,,,,2035.5,-41.6640625
1,63700,CROISSANTS,4273,45,4272,70,,,4274,115,,,,,4273.5,0.0
1,63700,JAMS,6528,213,,,,,6530,213,,,,,6529.0,0.0
1,63700,RAINFOREST_RESIN,9992,33,,,,,10008,33,,,,,10000.0,210.0
1,63800,SQUID_INK,1902,1,1900,21,,,1903,1,1904,20,,,1902.5,-1787.703125
1,63800,PICNIC_BASKET1,58693,1,58692,10,58691,28,58702,1,58703,10,58704,28,58697.5,0.0
1,63800,PICNIC_BASKET2,30286,11,30285,28,,,30292,11,30293,28,,,30289.0,0.0
1,63800,RAINFOREST_RESIN,9992,25,,,,,9999,1,10008,25,,,9995.5,210.0
1,63800,DJEMBES,13390,64,,,,,13392,64,,,,,13391.0,0.0
1,63800,KELP,2036,1,2034,21,,,2037,21,,,,,2036.5,-55.9296875
1,63800,CROISSANTS,4274,35,4273,53,,,4275,88,,,,,4274.5,0.0
1,63800,JAMS,6528,193,,,,,6530,193,,,,,6529.0,0.0
1,63900,SQUID_INK,1900,22,,,,,1902,5,1903,22,,,1901.0,-1777.21875
1,63900,PICNIC_BASKET1,58692,21,58691,30,,,58702,1,58703,50,,,58697.0,0.0
1,63900,PICNIC_BASKET2,30290,1,30289,50,,,30295,21,30296,30,,,30292.5,0.0
1,63900,KELP,2034,22,,,,,2036,5,2037,22,,,2035.0,-58.9609375
1,63900,CROISSANTS,4274,124,,,,,4275,124,,,,,4274.5,0.0
1,63900,JAMS,6528,192,,,,,6530,192,,,,,6529.0,0.0
1,63900,RAINFOREST_RESIN,9997,6,9992,28,,,10000,3,10008,28,,,9998.5,210.0
1,63900,DJEMBES,13390,79,,,,,13392,79,,,,,13391.0,0.0
1,64000,RAINFOREST_RESIN,9992,25,,,,,10008,25,,,,,10000.0,210.0
1,64000,DJEMBES,13391,63,,,,,13392,27,13393,36,,,13391.5,0.0
1,64000,KELP,2034,26,,,,,2037,26,,,,,2035.5,-52.1875
1,64000,CROISSANTS,4274,127,,,,,4275,127,,,,,4274.5,0.0
1,64000,JAMS,6528,225,,,,,6530,225,,,,,6529.0,0.0
1,64000,SQUID_INK,1900,26,,,,,1903,26,,,,,1901.5,-1776.1171875
1,64000,PICNIC_BASKET1,58697,1,58696,14,58695,27,58706,1,58707,14,58708,27,58701.5,0.0
1,64000,PICNIC_BASKET2,30292,1,30291,41,,,30297,15,30298,27,,,30294.5,0.0
1,64100,DJEMBES,13390,58,,,,,13392,58,,,,,13391.0,0.0
1,64100,KELP,2034,26,,,,,2037,26,,,,,2035.5,-53.7421875
1,64100,PICNIC_BASKET1,58699,19,58698,28,,,58710,19,58711,28,,,58704.5,0.0
1,64100,PICNIC_BASKET2,30292,47,,,,,30298,19,30299,28,,,30295.0,0.0
1,64100,CROISSANTS,4274,125,,,,,4275,45,4276,80,,,4274.5,0.0
1,64100,JAMS,6528,187,,,,,6530,187,,,,,6529.0,0.0
1,64100,SQUID_INK,1904,26,,,,,1907,26,,,,,1905.5,-1953.53125
1,64100,RAINFOREST_RESIN,10001,1,9992,30,,,10008,30,,,,,10004.5,210.0
1,64200,KELP,2034,31,,,,,2036,2,2037,32,,,2035.0,-54.6953125
1,64200,PICNIC_BASKET1,58704,2,58703,18,58702,21,58713,2,58714,18,58715,21,58708.5,0.0
1,64200,PICNIC_BASKET2,30292,2,30291,39,,,30297,2,30298,39,,,30294.5,0.0
1,64200,SQUID_INK,1899,31,,,,,1901,2,1902,32,,,1900.0,-1710.21875
1,64200,RAINFOREST_RESIN,9992,30,,,,,10008,30,,,,,10000.0,208.0
1,64200,DJEMBES,13390,62,,,,,13392,62,,,,,13391.0,0.0
1,64200,CROISSANTS,4274,133,,,,,4275,54,4276,79,,,4274.5,0.0
1,64200,JAMS,6528,258,,,,,6530,258,,,,,6529.0,0.0
1,64300,PICNIC_BASKET1,58701,33,,,,,58712,13,58713,20,,,58706.5,0.0
1,64300,PICNIC_BASKET2,30289,33,,,,,30295,13,30296,20,,,30292.0,0.0
1,64300,CROISSANTS,4274,59,4273,61,,,4275,120,,,,,4274.5,0.0
1,64300,JAMS,6528,255,,,,,6530,255,,,,,6529.0,0.0
1,64300,SQUID_INK,1899,20,,,,,1903,20,,,,,1901.0,-1749.2734375
1,64300,RAINFOREST_RESIN,9992,33,,,,,10008,33,,,,,10000.0,208.0
1,64300,DJEMBES,13392,20,13391,35,,,13393,55,,,,,13392.5,0.0
1,64300,KELP,2034,20,,,,,2037,20,,,,,2035.5,-52.0234375
1,64400,RAINFOREST_RESIN,9992,33,,,,,10008,33,,,,,10000.0,209.0
1,64400,DJEMBES,13391,70,,,,,13392,21,13393,49,,,13391.5,0.0
1,64400,CROISSANTS,4273,144,,,,,4275,144,,,,,4274.0,0.0
1,64400,JAMS,6528,272,,,,,6530,278,,,,,6529.0,0.0
1,64400,KELP,2034,23,,,,,2037,23,,,,,2035.5,-45.40625
1,64400,PICNIC_BASKET1,58699,2,58698,11,58697,21,58708,2,58709,11,58710,21,58703.5,0.0
1,64400,PICNIC_BASKET2,30289,13,30288,21,,,30294,2,30295,32,,,30291.5,0.0
1,64400,SQUID_INK,1899,23,,,,,1902,23,,,,,1900.5,-1726.4453125
1,64500,DJEMBES,13391,23,13390,50,,,13392,73,,,,,13391.5,0.0
1,64500,KELP,2034,31,,,,,2037,30,,,,,2035.5,-44.90625
1,64500,PICNIC_BASKET1,58696,2,58695,11,58694,23,58705,2,58706,11,58707,23,58700.5,0.0
1,64500,PICNIC_BASKET2,30288,2,30287,34,,,30293,2,30294,34,,,30290.5,0.0
1,64500,CROISSANTS,4273,121,,,,,4274,42,4275,79,,,4273.5,0.0
1,64500,JAMS,6528,276,,,,,6530,276,,,,,6529.0,0.0
1,64500,SQUID_INK,1900,1,1899,30,,,1903,30,,,,,1901.5,-1742.0703125
1,64500,RAINFOREST_RESIN,10001,1,9997,3,9992,28,10008,28,,,,,10004.5,209.0
1,64600,KELP,2034,25,,,,,2037,26,,,,,2035.5,-47.375
1,64600,PICNIC_BASKET1,58693,13,58692,25,,,58704,13,58705,25,,,58698.5,0.0
1,64600,PICNIC_BASKET2,30285,13,30284,25,,,30291,38,,,,,30288.0,0.0
1,64600,SQUID_INK,1903,25,,,,,1906,26,,,,,1904.5,-1924.0390625
1,64600,RAINFOREST_RESIN,9992,25,,,,,10008,25,,,,,10000.0,209.0
1,64600,DJEMBES,13391,25,13390,38,,,13392,63,,,,,13391.5,0.0
1,64600,CROISSANTS,4273,129,,,,,4275,129,,,,,4274.0,0.0
1,64600,JAMS,6528,10,6527,246,,,6529,246,,,,,6528.5,0.0
1,64700,PICNIC_BASKET2,30282,12,30281,27,,,30287,1,30288,38,,,30284.5,0.0
1,64700,PICNIC_BASKET1,58689,1,58688,38,,,58699,12,58700,27,,,58694.0,0.0
1,64700,CROISSANTS,4273,128,,,,,4275,128,,,,,4274.0,0.0
1,64700,SQUID_INK,1899,29,,,,,1901,2,1902,29,,,1900.0,-1733.1015625
1,64700,RAINFOREST_RESIN,9992,35,,,,,10008,35,,,,,10000.0,209.0
1,64700,JAMS,6527,255,,,,,6529,255,,,,,6528.0,0.0
1,64700,DJEMBES,13390,70,,,,,13392,70,,,,,13391.0,0.0
1,64700,KELP,2034,29,,,,,2036,2,2037,29,,,2035.0,-46.4140625
1,64800,RAINFOREST_RESIN,9992,35,,,,,9999,1,10008,35,,,9995.5,209.0
1,64800,DJEMBES,13389,55,,,,,13391,55,,,,,13390.0,0.0
1,64800,CROISSANTS,4273,128,,,,,4274,63,4275,65,,,4273.5,0.0
1,64800,JAMS,6527,65,6526,193,,,6528,65,6529,193,,,6527.5,0.0
1,64800,KELP,2034,25,,,,,2035,2,2036,7,2037,25,2034.5,-46.9296875
1,64800,PICNIC_BASKET2,30279,10,30278,24,,,30285,34,,,,,30282.0,0.0
1,64800,PICNIC_BASKET1,58682,10,58681,24,,,58693,10,58694,24,,,58687.5,0.0
1,64800,SQUID_INK,1898,25,,,,,1899,2,1900,7,1901,25,1898.5,-1668.6875
1,64900,CROISSANTS,4273,62,4272,80,,,4274,142,,,,,4273.5,0.0
1,64900,JAMS,6527,80,6526,116,,,6528,80,6529,116,,,6527.5,0.0
1,64900,DJEMBES,13390,51,,,,,13391,51,,,,,13390.5,0.0
1,64900,KELP,2034,31,,,,,2037,31,,,,,2035.5,-38.7578125
1,64900,PICNIC_BASKET2,30277,17,30276,18,,,30283,35,,,,,30280.0,0.0
1,64900,PICNIC_BASKET1,58682,2,58681,15,58680,18,58691,2,58692,15,58693,18,58686.5,0.0
1,64900,SQUID_INK,1900,2,1899,29,,,1903,31,,,,,1901.5,-1747.7734375
1,64900,RAINFOREST_RESIN,9992,30,,,,,10003,4,10008,30,,,9997.5,206.0
1,65000,CROISSANTS,4272,123,,,,,4274,123,,,,,4273.0,0.0
1,65000,JAMS,6527,61,6526,159,,,6528,61,6529,159,,,6527.5,0.0
1,65000,KELP,2035,4,2034,27,,,2036,6,2037,27,,,2035.5,-46.296875
1,65000,PICNIC_BASKET2,30278,2,30277,38,,,30283,21,30284,19,,,30280.5,0.0
1,65000,PICNIC_BASKET1,58682,21,58681,19,,,58692,2,58693,38,,,58687.0,0.0
1,65000,SQUID_INK,1901,4,1900,27,,,1902,6,1903,27,,,1901.5,-1777.1796875
1,65000,RAINFOREST_RESIN,9992,31,,,,,10008,31,,,,,10000.0,206.0
1,65000,DJEMBES,13390,50,,,,,13391,19,13392,31,,,13390.5,0.0
1,65100,PICNIC_BASKET2,30278,1,30277,40,,,30283,1,30284,40,,,30280.5,0.0
1,65100,PICNIC_BASKET1,58679,1,58678,12,58677,28,58688,1,58689,12,58690,28,58683.5,0.0
1,65100,SQUID_INK,1902,6,1901,25,,,1905,26,,,,,1903.5,-1846.875
1,65100,RAINFOREST_RESIN,9992,28,,,,,10003,5,10008,28,,,9997.5,206.0
1,65100,CROISSANTS,4273,148,,,,,4274,156,,,,,4273.5,0.0
1,65100,JAMS,6525,272,,,,,6527,272,,,,,6526.0,0.0
1,65100,DJEMBES,13391,72,,,,,13392,28,13393,44,,,13391.5,0.0
1,65100,KELP,2034,31,,,,,2037,26,,,,,2035.5,-46.265625
1,65200,RAINFOREST_RESIN,9992,26,,,,,10008,26,,,,,10000.0,206.0
1,65200,DJEMBES,13391,70,,,,,13393,70,,,,,13392.0,0.0
1,65200,CROISSANTS,4273,117,,,,,4274,117,,,,,4273.5,0.0
1,65200,JAMS,6525,240,,,,,6527,240,,,,,6526.0,0.0
1,65200,KELP,2036,1,2034,25,,,2037,25,,,,,2036.5,-46.234375
1,65200,PICNIC_BASKET2,30280,2,30279,46,,,30285,21,30286,27,,,30282.5,0.0
1,65200,PICNIC_BASKET1,58679,2,58678,19,58677,27,58688,2,58689,19,58690,27,58683.5,0.0
1,65200,SQUID_INK,1905,1,1903,2,1902,23,1906,25,,,,,1905.5,-1897.4921875
1,65300,CROISSANTS,4273,111,,,,,4274,50,4275,61,,,4273.5,0.0
1,65300,JAMS,6526,168,,,,,6528,168,,,,,6527.0,0.0
1,65300,DJEMBES,13391,58,,,,,13393,58,,,,,13392.0,0.0
1,65300,KELP,2034,29,,,,,2037,2,2038,21,,,2035.5,-61.03125
1,65300,PICNIC_BASKET2,30283,13,30282,21,,,30288,2,30289,32,,,30285.5,0.0
1,65300,PICNIC_BASKET1,58679,2,58678,32,,,58689,13,58690,21,,,58684.0,0.0
1,65300,SQUID_INK,1902,29,,,,,1905,23,,,,,1903.5,-1877.8046875
1,65300,RAINFOREST_RESIN,9992,35,,,,,10008,35,,,,,10000.0,206.0
1,65400,CROISSANTS,4273,152,,,,,4274,54,4275,98,,,4273.5,0.0
1,65400,JAMS,6526,98,6525,128,,,6527,98,6528,128,,,6526.5,0.0
1,65400,KELP,2034,23,,,,,2038,24,,,,,2036.0,-66.1484375
1,65400,PICNIC_BASKET2,30282,15,30281,26,,,30287,1,30288,40,,,30284.5,0.0
1,65400,PICNIC_BASKET1,58673,1,58672,14,58671,26,58682,1,58683,14,58684,26,58677.5,0.0
1,65400,SQUID_INK,1899,23,,,,,1903,24,,,,,1901.0,-1748.65625
1,65400,RAINFOREST_RESIN,9992,27,,,,,10008,27,,,,,10000.0,206.0
1,65400,DJEMBES,13390,74,,,,,13391,74,,,,,13390.5,0.0
1,65500,PICNIC_BASKET2,30282,7,30279,18,30278,28,30285,18,30286,28,,,30283.5,0.0
1,65500,PICNIC_BASKET1,58679,7,58675,2,58674,16,58684,2,58685,16,58686,28,58681.5,0.0
1,65500,SQUID_INK,1901,4,1899,26,,,1902,26,,,,,1901.5,-1719.6015625
1,65500,RAINFOREST_RESIN,9992,27,,,,,10008,27,,,,,10000.0,207.0
1,65500,CROISSANTS,4273,96,,,,,4274,96,,,,,4273.5,0.0
1,65500,JAMS,6526,56,6525,138,,,6527,56,6528,138,,,6526.5,0.0
1,65500,DJEMBES,13390,69,,,,,13391,69,,,,,13390.5,0.0
1,65500,KELP,2036,4,2034,26,,,2038,26,,,,,2037.0,-66.171875
1,65600,RAINFOREST_RESIN,9992,27,,,,,10008,27,,,,,10000.0,207.0
1,65600,DJEMBES,13389,78,,,,,13391,78,,,,,13390.0,0.0
1,65600,CROISSANTS,4273,111,,,,,4274,59,4275,52,,,4273.5,0.0
1,65600,JAMS,6526,52,6525,186,,,6527,52,6528,186,,,6526.5,0.0
1,65600,KELP,2035,7,2034,26,,,2038,26,,,,,2036.5,-66.7109375
1,65600,PICNIC_BASKET2,30278,16,30277,29,,,30284,16,30285,29,,,30281.0,0.0
1,65600,PICNIC_BASKET1,58675,16,58674,29,,,58686,16,58687,29,,,58680.5,0.0
1,65600,SQUID_INK,1899,33,,,,,1902,26,,,,,1900.5,-1700.4375
1,65700,CROISSANTS,4273,147,,,,,4274,147,,,,,4273.5,0.0
1,65700,JAMS,6526,218,,,,,6528,218,,,,,6527.0,0.0
1,65700,DJEMBES,13389,60,,,,,13390,60,,,,,13389.5,0.0
1,65700,KELP,2034,26,,,,,2038,26,,,,,2036.0,-66.6953125
1,65700,PICNIC_BASKET2,30277,42,,,,,30283,17,30284,25,,,30280.0,0.0
1,65700,PICNIC_BASKET1,58678,17,58677,25,,,58689,17,58690,25,,,58683.5,0.0
1,65700,SQUID_INK,1901,26,,,,,1904,26,,,,,1902.5,-1814.8359375
1,65700,RAINFOREST_RESIN,9992,29,,,,,9997,8,10008,29,,,9994.5,207.0
1,65800,JAMS,6526,211,,,,,6528,211,,,,,6527.0,0.0
1,65800,CROISSANTS,4273,100,,,,,4274,44,4275,56,,,4273.5,0.0
1,65800,PICNIC_BASKET1,58682,18,58681,18,,,58693,18,58694,18,,,58687.5,0.0
1,65800,PICNIC_BASKET2,30275,18,30274,18,,,30281,36,,,,,30278.0,0.0
1,65800,KELP,2035,4,2034,24,,,2038,24,,,,,2036.5,-64.1875
1,65800,SQUID_INK,1904,4,1903,24,,,1906,24,,,,,1905.0,-1912.84375
1,65800,DJEMBES,13389,18,13388,39,,,13390,57,,,,,13389.5,0.0
1,65800,RAINFOREST_RESIN,9992,28,,,,,10008,28,,,,,10000.0,175.0
1,65900,SQUID_INK,1902,30,,,,,1905,30,,,,,1903.5,-1857.078125
1,65900,RAINFOREST_RESIN,9992,25,,,,,10003,4,10008,25,,,9997.5,175.0
1,65900,PICNIC_BASKET1,58681,1,58680,14,58679,16,58690,1,58691,30,,,58685.5,0.0
1,65900,PICNIC_BASKET2,30272,15,30271,16,,,30278,31,,,,,30275.0,0.0
1,65900,CROISSANTS,4273,37,4272,63,,,4274,100,,,,,4273.5,0.0
1,65900,JAMS,6526,163,,,,,6528,163,,,,,6527.0,0.0
1,65900,DJEMBES,13388,66,,,,,13389,16,13390,50,,,13388.5,0.0
1,65900,KELP,2034,30,,,,,2038,30,,,,,2036.0,-68.203125
1,66000,DJEMBES,13388,56,,,,,13389,19,13390,37,,,13388.5,0.0
1,66000,RAINFOREST_RESIN,9992,25,,,,,10008,25,,,,,10000.0,175.0
1,66000,CROISSANTS,4273,49,4272,84,,,4274,133,,,,,4273.5,0.0
1,66000,JAMS,6526,190,,,,,6528,190,,,,,6527.0,0.0
1,66000,PICNIC_BASKET1,58687,2,58686,20,58685,19,58696,2,58697,20,58698,19,58691.5,0.0
1,66000,PICNIC_BASKET2,30278,2,30277,39,,,30283,22,30284,19,,,30280.5,0.0
1,66000,KELP,2036,1,2034,25,,,2038,25,,,,,2037.0,-65.703125
1,66000,SQUID_INK,1903,1,1901,25,,,1904,25,,,,,1903.5,-1803.421875
1,66100,CROISSANTS,4272,125,,,,,4273,125,,,,,4272.5,0.0
1,66100,JAMS,6526,185,,,,,6528,185,,,,,6527.0,0.0
1,66100,DJEMBES,13388,66,,,,,13389,66,,,,,13388.5,0.0
1,66100,KELP,2034,29,,,,,2038,29,,,,,2036.0,-75.296875
1,66100,SQUID_INK,1901,29,,,,,1904,29,,,,,1902.5,-1800.234375
1,66100,RAINFOREST_RESIN,9992,32,,,,,10008,32,,,,,10000.0,175.0
1,66100,PICNIC_BASKET1,58678,20,58677,24,,,58689,20,58690,24,,,58683.5,0.0
1,66100,PICNIC_BASKET2,30276,44,,,,,30283,44,,,,,30279.5,0.0
1,66200,CROISSANTS,4272,122,,,,,4273,54,4274,68,,,4272.5,0.0
1,66200,JAMS,6526,197,,,,,6528,187,,,,,6527.0,0.0
1,66200,PICNIC_BASKET1,58681,1,58677,1,58676,20,58686,1,58687,20,58688,16,58683.5,0.0
1,66200,PICNIC_BASKET2,30278,1,30276,1,30275,36,30281,21,30282,16,,,30279.5,0.0
1,66200,KELP,2034,27,,,,,2038,27,,,,,2036.0,-69.703125
1,66200,SQUID_INK,1900,27,,,,,1903,27,,,,,1901.5,-1771.9453125
1,66200,DJEMBES,13388,58,,,,,13389,16,13390,42,,,13388.5,0.0
1,66200,RAINFOREST_RESIN,9992,27,,,,,10003,3,10008,27,,,9997.5,175.0
1,66300,RAINFOREST_RESIN,10001,1,9992,31,,,10008,31,,,,,10004.5,175.0
1,66300,SQUID_INK,1901,22,,,,,1904,23,,,,,1902.5,-1814.0546875
1,66300,PICNIC_BASKET1,58676,1,58675,15,58674,22,58685,1,58686,15,58687,22,58680.5,0.0
1,66300,PICNIC_BASKET2,30275,1,30274,37,,,30280,16,30281,22,,,30277.5,0.0
1,66300,KELP,2034,22,,,,,2038,23,,,,,2036.0,-68.140625
1,66300,CROISSANTS,4272,117,,,,,4273,48,4274,69,,,4272.5,0.0
1,66300,JAMS,6526,172,,,,,6528,172,,,,,6527.0,0.0
1,66300,DJEMBES,13388,55,,,,,13389,55,,,,,13388.5,0.0
1,66400,DJEMBES,13388,58,,,,,13390,58,,,,,13389.0,0.0
1,66400,RAINFOREST_RESIN,9992,28,,,,,10008,28,,,,,10000.0,175.0
1,66400,KELP,2034,26,,,,,2036,7,2038,26,,,2035.0,-71.671875
1,66400,CROISSANTS,4272,128,,,,,4273,62,4274,66,,,4272.5,0.0
1,66400,JAMS,6526,251,,,,,6528,251,,,,,6527.0,0.0
1,66400,SQUID_INK,1901,26,,,,,1903,7,1905,26,,,1902.0,-1845.078125
1,66400,PICNIC_BASKET1,58677,10,58676,28,,,58678,3,58687,2,58688,10,58677.5,0.0
1,66400,PICNIC_BASKET2,30277,38,,,,,30278,3,30283,2,30284,38,30277.5,0.0
1,66500,KELP,2034,30,,,,,2038,31,,,,,2036.0,-69.1484375
1,66500,CROISSANTS,4272,134,,,,,4273,134,,,,,4272.5,0.0
1,66500,JAMS,6526,256,,,,,6528,256,,,,,6527.0,0.0
1,66500,DJEMBES,13388,65,,,,,13390,65,,,,,13389.0,0.0
1,66500,RAINFOREST_RESIN,9992,29,,,,,10008,29,,,,,10000.0,175.0
1,66500,SQUID_INK,1903,30,,,,,1906,31,,,,,1904.5,-1903.296875
1,66500,PICNIC_BASKET1,58675,1,58674,11,58673,19,58684,1,58685,11,58686,19,58679.5,0.0
1,66500,PICNIC_BASKET2,30278,1,30277,30,,,30283,12,30284,19,,,30280.5,0.0
1,66600,KELP,2034,22,,,,,2036,8,2038,22,,,2035.0,-69.71875
1,66600,CROISSANTS,4271,151,,,,,4273,151,,,,,4272.0,0.0
1,66600,JAMS,6526,242,,,,,6528,242,,,,,6527.0,0.0
1,66600,SQUID_INK,1902,2,1901,20,,,1903,8,1905,22,,,1902.5,-1846.96875
1,66600,PICNIC_BASKET1,58666,2,58665,40,,,58675,2,58676,20,58677,20,58670.5,0.0
1,66600,PICNIC_BASKET2,30276,42,,,,,30282,22,30283,20,,,30279.0,0.0
1,66600,DJEMBES,13389,20,13388,39,,,13390,59,,,,,13389.5,0.0
1,66600,RAINFOREST_RESIN,9992,34,,,,,10003,6,10008,34,,,9997.5,175.0
1,66700,RAINFOREST_RESIN,9997,8,9992,33,,,10008,33,,,,,10002.5,175.0
1,66700,SQUID_INK,1900,5,1899,21,,,1902,1,1903,20,,,1901.0,-1739.2421875
1,66700,PICNIC_BASKET1,58668,1,58667,30,,,58677,1,58678,11,58679,19,58672.5,0.0
1,66700,PICNIC_BASKET2,30274,12,30273,19,,,30279,1,30280,30,,,30276.5,0.0
1,66700,KELP,2035,5,2034,21,,,2038,21,,,,,2036.5,-71.3203125
1,66700,CROISSANTS,4271,102,,,,,4273,102,,,,,4272.0,0.0
1,66700,JAMS,6526,61,6525,149,,,6527,61,6528,149,,,6526.5,0.0
1,66700,DJEMBES,13388,65,,,,,13389,19,13390,46,,,13388.5,0.0
1,66800,DJEMBES,13388,60,,,,,13389,27,13390,33,,,13388.5,0.0
1,66800,RAINFOREST_RESIN,9992,28,,,,,10008,28,,,,,10000.0,175.0
1,66800,KELP,2034,29,,,,,2038,29,,,,,2036.0,-72.3828125
1,66800,CROISSANTS,4272,142,,,,,4273,142,,,,,4272.5,0.0
1,66800,JAMS,6526,210,,,,,6528,210,,,,,6527.0,0.0
1,66800,SQUID_INK,1900,29,,,,,1903,29,,,,,1901.5,-1778.1953125
1,66800,PICNIC_BASKET1,58672,2,58671,16,58670,27,58681,2,58682,16,58683,27,58676.5,0.0
1,66800,PICNIC_BASKET2,30274,2,30273,43,,,30279,18,30280,27,,,30276.5,0.0
1,66900,DJEMBES,13388,61,,,,,13389,61,,,,,13388.5,0.0
1,66900,KELP,2036,8,2034,23,,,2038,23,,,,,2037.0,-71.296875
1,66900,CROISSANTS,4272,121,,,,,4273,121,,,,,4272.5,0.0
1,66900,JAMS,6526,79,6525,125,,,6527,79,6528,125,,,6526.5,0.0
1,66900,RAINFOREST_RESIN,9992,33,,,,,10008,33,,,,,10000.0,175.0
1,66900,SQUID_INK,1902,8,1901,23,,,1904,23,,,,,1903.0,-1801.3203125
1,66900,PICNIC_BASKET2,30275,2,30274,36,,,30280,14,30281,24,,,30277.5,0.0
1,66900,PICNIC_BASKET1,58665,2,58664,12,58663,24,58674,2,58675,12,58676,24,58669.5,0.0
1,67000,KELP,2037,1,2034,24,,,2038,24,,,,,2037.5,-73.3359375
1,67000,CROISSANTS,4272,118,,,,,4273,114,,,,,4272.5,0.0
1,67000,SQUID_INK,1904,1,1902,24,,,1905,24,,,,,1904.5,-1852.0234375
1,67000,PICNIC_BASKET2,30276,17,30275,18,,,30281,2,30282,33,,,30278.5,0.0
1,67000,PICNIC_BASKET1,58663,2,58662,33,,,58673,17,58674,18,,,58668.0,0.0
1,67000,JAMS,6526,69,6525,186,,,6527,69,6528,186,,,6526.5,0.0
1,67000,DJEMBES,13388,18,13387,33,,,13389,51,,,,,13388.5,0.0
1,67000,RAINFOREST_RESIN,9992,26,,,,,10008,26,,,,,10000.0,175.0
1,67100,RAINFOREST_RESIN,9992,32,,,,,9998,4,10008,32,,,9995.0,175.0
1,67100,SQUID_INK,1901,24,,,,,1903,8,1904,1,1905,23,1902.0,-1836.2421875
1,67100,PICNIC_BASKET2,30277,1,30276,37,,,30282,1,30283,37,,,30279.5,0.0
1,67100,PICNIC_BASKET1,58665,1,58664,14,58663,23,58674,1,58675,14,58676,23,58669.5,0.0
1,67100,DJEMBES,13388,62,,,,,13389,62,,,,,13388.5,0.0
1,67100,KELP,2034,24,,,,,2036,8,2038,24,,,2035.0,-70.796875
1,67100,CROISSANTS,4272,133,,,,,4273,60,4274,73,,,4272.5,0.0
1,67100,JAMS,6526,81,6525,114,,,6527,73,6528,114,,,6526.5,0.0
1,67200,DJEMBES,13388,22,13387,40,,,13389,62,,,,,13388.5,0.0
1,67200,RAINFOREST_RESIN,9997,2,9992,28,,,9999,1,10008,28,,,9998.0,175.0
1,67200,KELP,2034,28,,,,,2038,28,,,,,2036.0,-73.3203125
1,67200,SQUID_INK,1898,28,,,,,1901,28,,,,,1899.5,-1668.375
1,67200,PICNIC_BASKET2,30277,35,,,,,30283,13,30284,22,,,30280.0,0.0
1,67200,PICNIC_BASKET1,58663,13,58662,22,,,58673,2,58674,33,,,58668.0,0.0
1,67200,CROISSANTS,4272,107,,,,,4273,55,4274,52,,,4272.5,0.0
1,67200,JAMS,6526,52,6525,194,,,6527,52,6528,194,,,6526.5,0.0
1,67300,DJEMBES,13387,65,,,,,13388,20,13389,45,,,13387.5,0.0
1,67300,KELP,2034,28,,,,,2035,1,2036,5,2038,28,2034.5,-73.3046875
1,67300,CROISSANTS,4272,134,,,,,4273,50,4274,84,,,4272.5,0.0
1,67300,JAMS,6526,252,,,,,6528,249,,,,,6527.0,0.0
1,67300,RAINFOREST_RESIN,9992,27,,,,,10008,27,,,,,10000.0,175.0
1,67300,SQUID_INK,1896,27,,,,,1898,5,1899,2,1900,26,1897.0,-1587.0625
1,67300,PICNIC_BASKET2,30279,39,,,,,30285,19,30286,20,,,30282.0,0.0
1,67300,PICNIC_BASKET1,58667,2,58666,17,58665,20,58676,2,58677,17,58678,20,58671.5,0.0
1,67400,SQUID_INK,1896,23,,,,,1899,23,,,,,1897.5,-1565.8828125
1,67400,KELP,2034,23,,,,,2038,23,,,,,2036.0,-75.890625
1,67400,PICNIC_BASKET2,30279,16,30278,18,,,30284,2,30285,34,,,30281.5,0.0
1,67400,PICNIC_BASKET1,58670,16,58669,18,,,58680,2,58681,16,58682,18,58675.0,0.0
1,67400,CROISSANTS,4272,117,,,,,4273,62,4274,55,,,4272.5,0.0
1,67400,JAMS,6527,4,6526,252,,,6528,252,,,,,6527.5,0.0
1,67400,DJEMBES,13386,53,,,,,13388,53,,,,,13387.0,0.0
1,67400,RAINFOREST_RESIN,9997,8,9992,31,,,10008,31,,,,,10002.5,175.0
1,67500,RAINFOREST_RESIN,9992,29,,,,,10008,29,,,,,10000.0,175.0
1,67500,SQUID_INK,1894,27,,,,,1898,27,,,,,1896.0,-1492.015625
1,67500,PICNIC_BASKET2,30279,19,30278,24,,,30285,43,,,,,30282.0,0.0
1,67500,PICNIC_BASKET1,58669,19,58668,24,,,58680,19,58681,24,,,58674.5,0.0
1,67500,DJEMBES,13386,55,,,,,13387,55,,,,,13386.5,0.0
1,67500,KELP,2034,27,,,,,2038,27,,,,,2036.0,-76.8828125
1,67500,CROISSANTS,4272,110,,,,,4273,54,4274,56,,,4272.5,0.0
1,67500,JAMS,6526,177,,,,,6528,177,,,,,6527.0,0.0
1,67600,DJEMBES,13385,65,,,,,13386,65,,,,,13385.5,0.0
1,67600,RAINFOREST_RESIN,10000,2,9992,25,,,10008,25,,,,,10004.0,175.0
1,67600,SQUID_INK,1896,25,,,,,1899,25,,,,,1897.5,-1577.0390625
1,67600,KELP,2034,25,,,,,2038,25,,,,,2036.0,-77.8984375
1,67600,PICNIC_BASKET2,30276,18,30275,27,,,30282,45,,,,,30279.0,0.0
1,67600,PICNIC_BASKET1,58665,18,58664,27,,,58676,45,,,,,58670.5,0.0
1,67600,CROISSANTS,4272,119,,,,,4273,119,,,,,4272.5,0.0
1,67600,JAMS,6526,218,,,,,6527,65,6528,153,,,6526.5,0.0
1,67700,DJEMBES,13385,66,,,,,13386,22,13387,44,,,13385.5,0.0
1,67700,KELP,2035,28,,,,,2038,25,,,,,2036.5,-84.5703125
1,67700,CROISSANTS,4272,143,,,,,4273,65,4274,78,,,4272.5,0.0
1,67700,JAMS,6526,221,,,,,6528,221,,,,,6527.0,0.0
1,67700,RAINFOREST_RESIN,9992,32,,,,,10008,32,,,,,10000.0,175.0
1,67700,SQUID_INK,1896,28,,,,,1899,25,,,,,1897.5,-1558.875
1,67700,PICNIC_BASKET2,30275,39,,,,,30282,39,,,,,30278.5,0.0
1,67700,PICNIC_BASKET1,58669,17,58668,22,,,58680,17,58681,22,,,58674.5,0.0
1,67800,SQUID_INK,1895,25,,,,,1896,4,1898,25,,,1895.5,-1505.8203125
1,67800,KELP,2035,25,,,,,2036,4,2038,25,,,2035.5,-88.7421875
1,67800,PICNIC_BASKET2,30279,16,30278,26,,,30285,42,,,,,30282.0,0.0
1,67800,PICNIC_BASKET1,58671,16,58670,26,,,58682,16,58683,26,,,58676.5,0.0
1,67800,CROISSANTS,4272,117,,,,,4273,38,4274,79,,,4272.5,0.0
1,67800,JAMS,6526,89,6525,166,,,6527,79,6528,166,,,6526.5,0.0
1,67800,DJEMBES,13385,74,,,,,13386,74,,,,,13385.5,0.0
1,67800,RAINFOREST_RESIN,9992,26,,,,,10008,26,,,,,10000.0,175.0
1,67900,RAINFOREST_RESIN,9992,31,,,,,10008,31,,,,,10000.0,175.0
1,67900,SQUID_INK,1894,21,,,,,1896,4,1897,21,,,1895.0,-1468.40625
1,67900,PICNIC_BASKET2,30281,50,,,,,30287,20,30288,30,,,30284.0,0.0
1,67900,PICNIC_BASKET1,58674,20,58673,30,,,58685,20,58686,30,,,58679.5,0.0
1,67900,DJEMBES,13384,60,,,,,13386,60,,,,,13385.0,0.0
1,67900,KELP,2035,21,,,,,2037,4,2038,21,,,2036.0,-85.765625
1,67900,CROISSANTS,4273,147,,,,,4274,147,,,,,4273.5,0.0
1,67900,JAMS,6526,88,6525,147,,,6527,98,6528,147,,,6526.5,0.0
1,68000,DJEMBES,13384,53,,,,,13386,53,,,,,13385.0,0.0
1,68000,RAINFOREST_RESIN,10001,1,9992,34,,,10008,34,,,,,10004.5,177.0
1,68000,SQUID_INK,1894,31,,,,,1897,2,1898,29,,,1895.5,-1492.6953125
1,68000,PICNIC_BASKET1,58677,2,58676,13,58675,19,58686,2,58687,13,58688,19,58681.5,0.0
1,68000,PICNIC_BASKET2,30285,2,30284,32,,,30290,15,30291,19,,,30287.5,0.0
1,68000,KELP,2035,2,2034,29,,,2038,31,,,,,2036.5,-81.125
1,68000,JAMS,6526,59,6525,119,,,6527,59,6528,119,,,6526.5,0.0
1,68000,CROISSANTS,4273,117,,,,,4275,117,,,,,4274.0,0.0
1,68100,DJEMBES,13384,58,,,,,13386,58,,,,,13385.0,0.0
1,68100,KELP,2035,24,,,,,2038,24,,,,,2036.5,-84.171875
1,68100,JAMS,6526,90,6525,118,,,6527,90,6528,118,,,6526.5,0.0
1,68100,CROISSANTS,4274,138,,,,,4276,138,,,,,4275.0,0.0
1,68100,RAINFOREST_RESIN,10001,1,9992,29,,,10008,29,,,,,10004.5,177.0
1,68100,SQUID_INK,1895,24,,,,,1899,24,,,,,1897.0,-1542.6484375
1,68100,PICNIC_BASKET1,58677,2,58676,32,,,58687,13,58688,21,,,58682.0,0.0
1,68100,PICNIC_BASKET2,30286,13,30285,21,,,30291,2,30292,32,,,30288.5,0.0
1,68200,SQUID_INK,1894,27,,,,,1898,27,,,,,1896.0,-1496.25
1,68200,PICNIC_BASKET1,58672,1,58671,35,,,58682,11,58683,25,,,58677.0,0.0
1,68200,PICNIC_BASKET2,30285,1,30284,35,,,30290,11,30291,25,,,30287.5,0.0
1,68200,KELP,2035,27,,,,,2038,27,,,,,2036.5,-85.1953125
1,68200,CROISSANTS,4274,151,,,,,4276,151,,,,,4275.0,0.0
1,68200,JAMS,6525,212,,,,,6527,212,,,,,6526.0,0.0
1,68200,DJEMBES,13384,58,,,,,13385,25,13386,42,,,13384.5,0.0
1,68200,RAINFOREST_RESIN,9992,29,,,,,10008,29,,,,,10000.0,177.0
1,68300,RAINFOREST_RESIN,9992,31,,,,,9998,4,10008,31,,,9995.0,177.0
1,68300,SQUID_INK,1897,19,,,,,1900,20,,,,,1898.5,-1596.71875
1,68300,PICNIC_BASKET1,58671,16,58670,27,,,58682,16,58683,27,,,58676.5,0.0
1,68300,PICNIC_BASKET2,30285,16,30284,27,,,30291,16,30292,27,,,30288.0,0.0
1,68300,DJEMBES,13384,27,13383,45,,,13385,72,,,,,13384.5,0.0
1,68300,KELP,2034,20,,,,,2035,1,2038,20,,,2034.5,-78.625
1,68300,CROISSANTS,4275,39,4274,70,,,4276,105,,,,,4275.5,0.0
1,68300,JAMS,6525,182,,,,,6527,182,,,,,6526.0,0.0
1,68400,DJEMBES,13384,59,,,,,13385,59,,,,,13384.5,0.0
1,68400,RAINFOREST_RESIN,9992,35,,,,,10008,35,,,,,10000.0,165.0
1,68400,SQUID_INK,1897,31,,,,,1900,27,,,,,1898.5,-1624.3203125
1,68400,PICNIC_BASKET1,58666,20,58665,26,,,58677,46,,,,,58671.5,0.0
1,68400,PICNIC_BASKET2,30285,20,30284,26,,,30291,46,,,,,30288.0,0.0
1,68400,KELP,2035,31,,,,,2038,27,,,,,2036.5,-83.734375
1,68400,CROISSANTS,4274,159,,,,,4276,159,,,,,4275.0,0.0
1,68400,JAMS,6525,251,,,,,6527,251,,,,,6526.0,0.0
1,68500,DJEMBES,13383,51,,,,,13384,51,,,,,13383.5,0.0
1,68500,KELP,2035,3,2034,27,,,2038,27,,,,,2036.5,-80.1171875
1,68500,CROISSANTS,4274,111,,,,,4276,111,,,,,4275.0,0.0
1,68500,JAMS,6522,249,,,,,6524,249,,,,,6523.0,0.0
1,68500,RAINFOREST_RESIN,9992,28,,,,,10008,28,,,,,10000.0,165.0
1,68500,PICNIC_BASKET1,58654,15,58653,19,,,58665,34,,,,,58659.5,0.0
1,68500,PICNIC_BASKET2,30274,15,30273,19,,,30280,15,30281,19,,,30277.0,0.0
1,68500,SQUID_INK,1895,30,,,,,1898,27,,,,,1896.5,-1531.109375
1,68600,PICNIC_BASKET1,58651,11,58650,22,,,58662,11,58663,22,,,58656.5,0.0
1,68600,PICNIC_BASKET2,30273,33,,,,,30280,33,,,,,30276.5,0.0
1,68600,CROISSANTS,4274,146,,,,,4276,146,,,,,4275.0,0.0
1,68600,JAMS,6522,259,,,,,6524,259,,,,,6523.0,0.0
1,68600,SQUID_INK,1894,21,,,,,1896,8,1897,21,,,1895.0,-1472.2109375
1,68600,KELP,2034,21,,,,,2036,8,2038,21,,,2035.0,-77.09375
1,68600,DJEMBES,13383,69,,,,,13384,69,,,,,13383.5,0.0
1,68600,RAINFOREST_RESIN,9992,28,,,,,10008,28,,,,,10000.0,165.0
1,68700,RAINFOREST_RESIN,9992,33,,,,,10008,33,,,,,10000.0,165.0
1,68700,PICNIC_BASKET1,58656,1,58655,10,58654,30,58665,1,58666,10,58667,30,58660.5,0.0
1,68700,PICNIC_BASKET2,30276,11,30275,30,,,30281,1,30282,40,,,30278.5,0.0
1,68700,SQUID_INK,1896,25,,,,,1899,24,,,,,1897.5,-1574.4921875
1,68700,KELP,2035,2,2034,23,,,2038,24,,,,,2036.5,-78.1328125
1,68700,DJEMBES,13383,61,,,,,13384,61,,,,,13383.5,0.0
1,68700,CROISSANTS,4275,51,4274,87,,,4276,138,,,,,4275.5,0.0
1,68700,JAMS,6523,87,6522,178,,,6524,87,6525,178,,,6523.5,0.0
1,68800,DJEMBES,13383,30,13382,30,,,13384,60,,,,,13383.5,0.0
1,68800,RAINFOREST_RESIN,9992,27,,,,,10008,27,,,,,10000.0,165.0
1,68800,PICNIC_BASKET1,58654,8,58650,2,58649,19,58659,2,58660,19,58661,30,58656.5,0.0
1,68800,PICNIC_BASKET2,30279,8,30277,21,30276,30,30282,2,30283,49,,,30280.5,0.0
1,68800,CROISSANTS,4274,112,,,,,4275,112,,,,,4274.5,0.0
1,68800,JAMS,6522,257,,,,,6524,257,,,,,6523.0,0.0
1,68800,SQUID_INK,1899,28,,,,,1902,28,,,,,1900.5,-1712.109375
1,68800,KELP,2035,2,2034,26,,,2038,28,,,,,2036.5,-78.65625
1,68900,KELP,2035,1,2034,20,,,2038,21,,,,,2036.5,-80.1640625
1,68900,DJEMBES,13383,60,,,,,13384,60,,,,,13383.5,0.0
1,68900,CROISSANTS,4274,135,,,,,4275,54,4276,81,,,4274.5,0.0
1,68900,JAMS,6523,251,,,,,6525,251,,,,,6524.0,0.0
1,68900,RAINFOREST_RESIN,10003,6,9992,31,,,10008,31,,,,,10005.5,165.0
1,68900,PICNIC_BASKET1,58658,1,58657,13,58656,18,58667,1,58668,31,,,58662.5,0.0
1,68900,PICNIC_BASKET2,30275,14,30274,18,,,30281,32,,,,,30278.0,0.0
1,68900,SQUID_INK,1900,21,,,,,1903,21,,,,,1901.5,-1737.8828125
1,69000,PICNIC_BASKET1,58654,2,58653,17,58652,24,58663,2,58664,17,58665,24,58658.5,0.0
1,69000,PICNIC_BASKET2,30269,2,30268,41,,,30274,2,30275,41,,,30271.5,0.0
1,69000,CROISSANTS,4274,61,4273,64,,,4275,125,,,,,4274.5,0.0
1,69000,JAMS,6523,199,,,,,6525,199,,,,,6524.0,0.0
1,69000,SQUID_INK,1901,1,1900,31,,,1903,31,,,,,1902.0,-1771.125
1,69000,DJEMBES,13383,54,,,,,13384,54,,,,,13383.5,0.0
1,69000,KELP,2035,1,2034,31,,,2038,31,,,,,2036.5,-68.828125
1,69000,RAINFOREST_RESIN,9992,25,,,,,10008,25,,,,,10000.0,165.0
1,69100,RAINFOREST_RESIN,9992,26,,,,,10008,26,,,,,10000.0,165.0
1,69100,DJEMBES,13384,24,13383,30,,,13385,54,,,,,13384.5,0.0
1,69100,PICNIC_BASKET2,30265,1,30264,37,,,30270,14,30271,24,,,30267.5,0.0
1,69100,PICNIC_BASKET1,58656,14,58655,24,,,58666,1,58667,37,,,58661.0,0.0
1,69100,SQUID_INK,1901,23,,,,,1904,23,,,,,1902.5,-1798.7734375
1,69100,JAMS,6523,278,,,,,6525,278,,,,,6524.0,0.0
1,69100,KELP,2035,1,2034,22,,,2038,23,,,,,2036.5,-79.5859375
1,69100,CROISSANTS,4273,144,,,,,4275,144,,,,,4274.0,0.0
1,69200,RAINFOREST_RESIN,9997,5,9992,27,,,10008,27,,,,,10002.5,167.0
1,69200,PICNIC_BASKET2,30262,37,,,,,30268,14,30269,23,,,30265.0,0.0
1,69200,PICNIC_BASKET1,58657,14,58656,23,,,58668,14,58669,23,,,58662.5,0.0
1,69200,CROISSANTS,4273,149,,,,,4274,149,,,,,4273.5,0.0
1,69200,SQUID_INK,1898,30,,,,,1900,4,1901,30,,,1899.0,-1644.5390625
1,69200,JAMS,6523,239,,,,,6525,239,,,,,6524.0,0.0
1,69200,DJEMBES,13385,23,13384,46,,,13386,69,,,,,13385.5,0.0
1,69200,KELP,2034,30,,,,,2036,4,2038,30,,,2035.0,-74.0625
1,69300,CROISSANTS,4273,111,,,,,4274,111,,,,,4273.5,0.0
1,69300,JAMS,6523,260,,,,,6525,251,,,,,6524.0,0.0
1,69300,KELP,2034,29,,,,,2038,29,,,,,2036.0,-69.1328125
1,69300,RAINFOREST_RESIN,9992,28,,,,,10008,28,,,,,10000.0,167.0
1,69300,DJEMBES,13384,53,,,,,13386,53,,,,,13385.0,0.0
1,69300,PICNIC_BASKET2,30264,1,30263,40,,,30269,18,30270,23,,,30266.5,0.0
1,69300,PICNIC_BASKET1,58666,1,58665,40,,,58676,18,58677,23,,,58671.0,0.0
1,69300,SQUID_INK,1898,29,,,,,1901,29,,,,,1899.5,-1651.2421875
1,69400,PICNIC_BASKET2,30268,2,30266,2,30265,43,30271,22,30272,23,,,30269.5,0.0
1,69400,PICNIC_BASKET1,58671,2,58667,2,58666,20,58676,2,58677,20,58678,23,58673.5,0.0
1,69400,SQUID_INK,1897,2,1896,28,,,1900,30,,,,,1898.5,-1585.0859375
1,69400,CROISSANTS,4273,132,,,,,4274,56,4275,76,,,4273.5,0.0
1,69400,JAMS,6523,224,,,,,6525,224,,,,,6524.0,0.0
1,69400,DJEMBES,13385,57,,,,,13386,57,,,,,13385.5,0.0
1,69400,KELP,2034,30,,,,,2038,30,,,,,2036.0,-70.140625
1,69400,RAINFOREST_RESIN,9992,28,,,,,10008,28,,,,,10000.0,167.0
1,69500,RAINFOREST_RESIN,9992,25,,,,,9999,1,10008,25,,,9995.5,167.0
1,69500,DJEMBES,13386,15,13385,46,,,13387,61,,,,,13386.5,0.0
1,69500,PICNIC_BASKET2,30263,31,,,,,30269,21,30270,15,,,30266.0,0.0
1,69500,PICNIC_BASKET1,58660,16,58659,15,,,58670,1,58671,35,,,58665.0,0.0
1,69500,SQUID_INK,1898,6,1897,23,,,1901,23,,,,,1899.5,-1632.953125
1,69500,CROISSANTS,4273,114,,,,,4274,114,,,,,4273.5,0.0
1,69500,JAMS,6523,193,,,,,6525,193,,,,,6524.0,0.0
1,69500,KELP,2035,6,2034,23,,,2038,23,,,,,2036.5,-67.0546875
1,69600,RAINFOREST_RESIN,9992,29,,,,,10008,29,,,,,10000.0,167.0
1,69600,PICNIC_BASKET2,30259,43,,,,,30265,20,30266,23,,,30262.0,0.0
1,69600,PICNIC_BASKET1,58659,20,58658,23,,,58670,20,58671,23,,,58664.5,0.0
1,69600,SQUID_INK,1898,23,,,,,1899,3,1901,23,,,1898.5,-1641.546875
1,69600,CROISSANTS,4273,118,,,,,4274,118,,,,,4273.5,0.0
1,69600,JAMS,6523,53,6522,167,,,6524,53,6525,167,,,6523.5,0.0
1,69600,DJEMBES,13385,54,,,,,13386,23,13387,31,,,13385.5,0.0
1,69600,KELP,2034,23,,,,,2036,3,2038,23,,,2035.0,-65.96875
1,69700,CROISSANTS,4273,129,,,,,4274,129,,,,,4273.5,0.0
1,69700,JAMS,6523,86,6522,142,,,6524,86,6525,142,,,6523.5,0.0
1,69700,KELP,2034,25,,,,,2037,2,2038,23,,,2035.5,-63.390625
1,69700,RAINFOREST_RESIN,9992,29,,,,,10008,29,,,,,10000.0,172.0
1,69700,DJEMBES,13385,60,,,,,13386,60,,,,,13385.5,0.0
1,69700,PICNIC_BASKET2,30257,16,30256,29,,,30262,2,30263,43,,,30259.5,0.0
1,69700,PICNIC_BASKET1,58662,16,58661,29,,,58672,16,58673,29,,,58667.0,0.0
1,69700,SQUID_INK,1898,25,,,,,1901,2,1902,23,,,1899.5,-1676.703125
1,69800,PICNIC_BASKET2,30256,1,30255,30,,,30261,12,30262,19,,,30258.5,0.0
1,69800,PICNIC_BASKET1,58662,1,58661,11,58660,19,58671,1,58672,11,58673,19,58666.5,0.0
1,69800,SQUID_INK,1897,23,,,,,1900,23,,,,,1898.5,-1622.5390625
1,69800,CROISSANTS,4273,137,,,,,4274,137,,,,,4273.5,0.0
1,69800,JAMS,6523,88,6522,138,,,6524,88,6525,138,,,6523.5,0.0
1,69800,DJEMBES,13385,66,,,,,13386,66,,,,,13385.5,0.0
1,69800,KELP,2034,23,,,,,2037,1,2038,22,,,2035.5,-64.3828125
1,69800,RAINFOREST_RESIN,9992,27,,,,,10008,27,,,,,10000.0,172.0
1,69900,RAINFOREST_RESIN,9992,28,,,,,10008,28,,,,,10000.0,172.0
1,69900,DJEMBES,13385,48,,,,,13386,48,,,,,13385.5,0.0
1,69900,PICNIC_BASKET2,30254,11,30253,18,,,30260,29,,,,,30257.0,0.0
1,69900,PICNIC_BASKET1,58662,11,58661,18,,,58673,11,58674,18,,,58667.5,0.0
1,69900,SQUID_INK,1895,30,,,,,1899,30,,,,,1897.0,-1527.5234375
1,69900,CROISSANTS,4273,112,,,,,4274,112,,,,,4273.5,0.0
1,69900,JAMS,6522,179,,,,,6524,179,,,,,6523.0,0.0
1,69900,KELP,2034,30,,,,,2038,30,,,,,2036.0,-62.3671875
1,70000,RAINFOREST_RESIN,9992,28,,,,,9998,5,10003,2,10008,28,9995.0,172.0
1,70000,PICNIC_BASKET2,30253,1,30252,34,,,30258,18,30259,17,,,30255.5,0.0
1,70000,PICNIC_BASKET1,58662,1,58661,17,58660,17,58671,1,58672,17,58673,17,58666.5,0.0
1,70000,SQUID_INK,1900,32,,,,,1903,29,,,,,1901.5,-1748.46875
1,70000,CROISSANTS,4273,140,,,,,4274,140,,,,,4273.5,0.0
1,70000,JAMS,6523,272,,,,,6524,96,6525,176,,,6523.5,0.0
1,70000,DJEMBES,13385,48,,,,,13386,17,13387,31,,,13385.5,0.0
1,70000,KELP,2034,32,,,,,2037,29,,,,,2035.5,-58.796875
1,70100,CROISSANTS,4273,133,,,,,4274,57,4275,76,,,4273.5,0.0
1,70100,JAMS,6523,253,,,,,6525,253,,,,,6524.0,0.0
1,70100,KELP,2034,28,,,,,2036,4,2037,28,,,2035.0,-55.28125
1,70100,RAINFOREST_RESIN,9992,35,,,,,10008,35,,,,,10000.0,172.0
1,70100,DJEMBES,13386,27,13385,33,,,13387,60,,,,,13386.5,0.0
1,70100,PICNIC_BASKET2,30257,2,30256,44,,,30262,19,30263,27,,,30259.5,0.0
1,70100,PICNIC_BASKET1,58667,2,58666,17,58665,27,58676,2,58677,17,58678,27,58671.5,0.0
1,70100,SQUID_INK,1900,28,,,,,1901,4,1903,28,,,1900.5,-1740.3515625
1,70200,PICNIC_BASKET2,30256,37,,,,,30262,16,30263,21,,,30259.0,0.0
1,70200,PICNIC_BASKET1,58668,16,58667,21,,,58679,16,58680,21,,,58673.5,0.0
1,70200,SQUID_INK,1899,29,,,,,1900,3,1902,29,,,1899.5,-1708.8984375
1,70200,JAMS,6523,81,6522,184,,,6524,72,6525,184,,,6523.5,0.0
1,70200,CROISSANTS,4273,135,,,,,4274,63,4275,72,,,4273.5,0.0
1,70200,DJEMBES,13386,54,,,,,13387,54,,,,,13386.5,0.0
1,70200,KELP,2034,26,,,,,2037,29,,,,,2035.5,-50.1484375
1,70200,RAINFOREST_RESIN,9992,33,,,,,10008,33,,,,,10000.0,172.0
1,70300,DJEMBES,13386,74,,,,,13387,29,13388,45,,,13386.5,0.0
1,70300,SQUID_INK,1897,31,,,,,1900,31,,,,,1898.5,-1599.6953125
1,70300,JAMS,6522,250,,,,,6524,250,,,,,6523.0,0.0
1,70300,CROISSANTS,4274,57,4273,51,,,4275,108,,,,,4274.5,0.0
1,70300,PICNIC_BASKET1,58667,44,,,,,58668,7,58678,16,58679,29,58667.5,0.0
1,70300,PICNIC_BASKET2,30259,8,30258,29,,,30265,45,,,,,30262.0,0.0
1,70300,KELP,2034,31,,,,,2037,31,,,,,2035.5,-49.671875
1,70300,RAINFOREST_RESIN,9992,29,,,,,10008,29,,,,,10000.0,172.0
1,70400,PICNIC_BASKET1,58660,14,58659,15,,,58671,29,,,,,58665.5,0.0
1,70400,PICNIC_BASKET2,30259,29,,,,,30265,14,30266,15,,,30262.0,0.0
1,70400,SQUID_INK,1897,27,,,,,1899,2,1900,27,,,1898.0,-1592.296875
1,70400,RAINFOREST_RESIN,9992,26,,,,,10008,26,,,,,10000.0,172.0
1,70400,CROISSANTS,4273,126,,,,,4274,36,4275,90,,,4273.5,0.0
1,70400,JAMS,6522,237,,,,,6524,237,,,,,6523.0,0.0
1,70400,DJEMBES,13386,52,,,,,13387,52,,,,,13386.5,0.0
1,70400,KELP,2034,27,,,,,2036,2,2037,27,,,2035.0,-48.1171875
1,70500,CROISSANTS,4273,104,,,,,4274,104,,,,,4273.5,0.0
1,70500,JAMS,6522,250,,,,,6524,250,,,,,6523.0,0.0
1,70500,PICNIC_BASKET1,58658,2,58657,17,58656,25,58667,2,58668,17,58669,25,58662.5,0.0
1,70500,PICNIC_BASKET2,30258,2,30257,42,,,30263,19,30264,25,,,30260.5,0.0
1,70500,KELP,2034,29,,,,,2037,29,,,,,2035.5,-51.71875
1,70500,RAINFOREST_RESIN,9992,33,,,,,10008,33,,,,,10000.0,172.0
1,70500,DJEMBES,13385,75,,,,,13387,75,,,,,13386.0,0.0
1,70500,SQUID_INK,1897,29,,,,,1900,29,,,,,1898.5,-1614.3671875
1,70600,SQUID_INK,1897,24,,,,,1900,24,,,,,1898.5,-1612.6484375
1,70600,RAINFOREST_RESIN,9992,26,,,,,9998,3,10008,26,,,9995.0,172.0
1,70600,CROISSANTS,4273,101,,,,,4274,101,,,,,4273.5,0.0
1,70600,JAMS,6522,170,,,,,6524,170,,,,,6523.0,0.0
1,70600,DJEMBES,13385,60,,,,,13386,19,13387,41,,,13385.5,0.0
1,70600,KELP,2034,24,,,,,2037,24,,,,,2035.5,-49.71875
1,70600,PICNIC_BASKET1,58658,3,58654,20,58653,19,58664,20,58665,19,,,58661.0,0.0
1,70600,PICNIC_BASKET2,30257,3,30255,20,30254,19,30261,39,,,,,30259.0,0.0
1,70700,DJEMBES,13386,30,13385,37,,,13387,67,,,,,13386.5,0.0
1,70700,CROISSANTS,4274,40,4273,62,,,4275,102,,,,,4274.5,0.0
1,70700,JAMS,6523,183,,,,,6525,183,,,,,6524.0,0.0
1,70700,SQUID_INK,1899,23,,,,,1901,3,1902,23,,,1900.0,-1708.921875
1,70700,PICNIC_BASKET1,58666,2,58665,16,58664,30,58675,2,58676,16,58677,30,58670.5,0.0
1,70700,PICNIC_BASKET2,30261,2,30260,46,,,30266,18,30267,30,,,30263.5,0.0
1,70700,KELP,2034,23,,,,,2036,3,2037,23,,,2035.0,-50.2265625
1,70700,RAINFOREST_RESIN,9992,35,,,,,9999,1,10008,35,,,9995.5,152.0
1,70800,SQUID_INK,1899,31,,,,,1902,31,,,,,1900.5,-1715.2109375
1,70800,PICNIC_BASKET1,58661,1,58660,13,58659,15,58670,1,58671,13,58672,15,58665.5,0.0
1,70800,PICNIC_BASKET2,30261,1,30260,28,,,30266,1,30267,28,,,30263.5,0.0
1,70800,RAINFOREST_RESIN,9992,26,,,,,10008,26,,,,,10000.0,152.0
1,70800,KELP,2034,31,,,,,2037,31,,,,,2035.5,-52.265625
1,70800,CROISSANTS,4273,154,,,,,4275,154,,,,,4274.0,0.0
1,70800,JAMS,6524,89,6523,124,,,6525,89,6526,124,,,6524.5,0.0
1,70800,DJEMBES,13386,15,13385,49,,,13387,64,,,,,13386.5,0.0
1,70900,KELP,2036,1,2034,22,,,2037,22,,,,,2036.5,-42.578125
1,70900,CROISSANTS,4273,119,,,,,4275,119,,,,,4274.0,0.0
1,70900,JAMS,6523,214,,,,,6525,214,,,,,6524.0,0.0
1,70900,SQUID_INK,1899,1,1897,22,,,1900,2,1901,20,,,1899.5,-1625.234375
1,70900,PICNIC_BASKET1,58667,2,58666,15,58665,15,58676,2,58677,15,58678,15,58671.5,0.0
1,70900,PICNIC_BASKET2,30260,17,30259,15,,,30265,2,30266,30,,,30262.5,0.0
1,70900,RAINFOREST_RESIN,9992,30,,,,,10008,30,,,,,10000.0,152.0
1,70900,DJEMBES,13386,15,13385,36,,,13387,51,,,,,13386.5,0.0
1,71000,RAINFOREST_RESIN,9992,35,,,,,10008,35,,,,,10000.0,152.0
1,71000,KELP,2034,32,,,,,2037,32,,,,,2035.5,-42.4921875
1,71000,CROISSANTS,4274,135,,,,,4275,135,,,,,4274.5,0.0
1,71000,JAMS,6525,92,6524,111,,,6526,92,6527,111,,,6525.5,0.0
1,71000,DJEMBES,13385,67,,,,,13386,67,,,,,13385.5,0.0
1,71000,SQUID_INK,1898,32,,,,,1901,32,,,,,1899.5,-1644.6953125
1,71000,PICNIC_BASKET1,58670,2,58669,44,,,58680,21,58681,25,,,58675.0,0.0
1,71000,PICNIC_BASKET2,30264,2,30263,44,,,30269,21,30270,25,,,30266.5,0.0
1,71100,DJEMBES,13385,60,,,,,13387,60,,,,,13386.0,0.0
1,71100,KELP,2034,29,,,,,2037,29,,,,,2035.5,-42.4765625
1,71100,CROISSANTS,4274,57,4273,57,,,4275,114,,,,,4274.5,0.0
1,71100,JAMS,6525,166,,,,,6527,166,,,,,6526.0,0.0
1,71100,SQUID_INK,1898,2,1897,27,,,1901,29,,,,,1899.5,-1635.2109375
1,71100,PICNIC_BASKET1,58675,2,58674,18,58673,23,58684,2,58685,18,58686,23,58679.5,0.0
1,71100,PICNIC_BASKET2,30262,2,30261,41,,,30267,20,30268,23,,,30264.5,0.0
1,71100,RAINFOREST_RESIN,9992,26,,,,,10008,26,,,,,10000.0,152.0
1,71200,SQUID_INK,1898,30,,,,,1901,30,,,,,1899.5,-1640.6875
1,71200,PICNIC_BASKET1,58678,1,58677,14,58676,15,58687,1,58688,14,58689,15,58682.5,0.0
1,71200,PICNIC_BASKET2,30267,30,,,,,30273,15,30274,15,,,30270.0,0.0
1,71200,RAINFOREST_RESIN,9997,2,9992,30,,,10008,30,,,,,10002.5,152.0
1,71200,KELP,2034,30,,,,,2037,30,,,,,2035.5,-39.3984375
1,71200,CROISSANTS,4274,126,,,,,4275,126,,,,,4274.5,0.0
1,71200,JAMS,6525,246,,,,,6527,246,,,,,6526.0,0.0
1,71200,DJEMBES,13384,45,,,,,13385,45,,,,,13384.5,0.0
1,71300,KELP,2034,27,,,,,2037,27,,,,,2035.5,-34.3515625
1,71300,CROISSANTS,4274,153,,,,,4275,153,,,,,4274.5,0.0
1,71300,SQUID_INK,1899,27,,,,,1902,27,,,,,1900.5,-1715.21875
1,71300,PICNIC_BASKET1,58677,18,58676,15,,,58688,18,58689,15,,,58682.5,0.0
1,71300,PICNIC_BASKET2,30267,33,,,,,30273,18,30274,15,,,30270.0,0.0
1,71300,JAMS,6525,275,,,,,6527,275,,,,,6526.0,0.0
1,71300,RAINFOREST_RESIN,9992,35,,,,,9998,5,10008,35,,,9995.0,152.0
1,71300,DJEMBES,13383,47,,,,,13385,47,,,,,13384.0,0.0
1,71400,RAINFOREST_RESIN,9992,27,,,,,10008,27,,,,,10000.0,152.0
1,71400,DJEMBES,13384,52,,,,,13385,52,,,,,13384.5,0.0
1,71400,KELP,2034,36,,,,,2037,30,,,,,2035.5,-32.7421875
1,71400,CROISSANTS,4274,165,,,,,4275,65,4276,100,,,4274.5,0.0
1,71400,JAMS,6525,253,,,,,6527,253,,,,,6526.0,0.0
1,71400,SQUID_INK,1901,6,1900,30,,,1903,30,,,,,1902.0,-1770.8828125
1,71400,PICNIC_BASKET2,30270,38,,,,,30273,6,30276,18,30277,20,30271.5,0.0
1,71400,PICNIC_BASKET1,58676,18,58675,20,,,58681,6,58687,18,58688,20,58678.5,0.0
1,71500,DJEMBES,13384,21,13383,41,,,13385,62,,,,,13384.5,0.0
1,71500,KELP,2034,30,,,,,2037,30,,,,,2035.5,-37.9609375
1,71500,SQUID_INK,1900,30,,,,,1903,30,,,,,1901.5,-1767.8125
1,71500,PICNIC_BASKET2,30269,18,30268,21,,,30275,39,,,,,30272.0,0.0
1,71500,PICNIC_BASKET1,58674,18,58673,21,,,58685,18,58686,21,,,58679.5,0.0
1,71500,CROISSANTS,4274,124,,,,,4275,134,,,,,4274.5,0.0
1,71500,JAMS,6525,274,,,,,6527,274,,,,,6526.0,0.0
1,71500,RAINFOREST_RESIN,9992,25,,,,,10008,25,,,,,10000.0,152.0
1,71600,SQUID_INK,1899,30,,,,,1902,30,,,,,1900.5,-1698.1875
1,71600,PICNIC_BASKET2,30265,20,30264,26,,,30270,2,30271,44,,,30267.5,0.0
1,71600,PICNIC_BASKET1,58671,2,58670,44,,,58680,2,58681,18,58682,26,58675.5,0.0
1,71600,RAINFOREST_RESIN,9992,29,,,,,10008,29,,,,,10000.0,152.0
1,71600,DJEMBES,13384,26,13383,44,,,13385,70,,,,,13384.5,0.0
1,71600,KELP,2034,30,,,,,2037,30,,,,,2035.5,-34.40625
1,71600,CROISSANTS,4274,151,,,,,4275,151,,,,,4274.5,0.0
1,71600,JAMS,6525,237,,,,,6527,237,,,,,6526.0,0.0
1,71700,KELP,2034,22,,,,,2037,22,,,,,2035.5,-36.0
1,71700,SQUID_INK,1900,22,,,,,1903,22,,,,,1901.5,-1755.8359375
1,71700,PICNIC_BASKET2,30264,1,30263,32,,,30269,12,30270,21,,,30266.5,0.0
1,71700,PICNIC_BASKET1,58674,1,58673,11,58672,21,58683,1,58684,11,58685,21,58678.5,0.0
1,71700,CROISSANTS,4274,117,,,,,4275,117,,,,,4274.5,0.0
1,71700,JAMS,6525,52,6524,185,,,6526,52,6527,185,,,6525.5,0.0
1,71700,RAINFOREST_RESIN,9992,31,,,,,10008,31,,,,,10000.0,152.0
1,71700,DJEMBES,13384,21,13383,44,,,13385,65,,,,,13384.5,0.0
1,71800,RAINFOREST_RESIN,10001,1,9992,25,,,10003,2,10008,25,,,10002.0,152.0
1,71800,DJEMBES,13384,48,,,,,13385,48,,,,,13384.5,0.0
1,71800,KELP,2034,29,,,,,2037,29,,,,,2035.5,-35.0390625
1,71800,CROISSANTS,4274,130,,,,,4275,130,,,,,4274.5,0.0
1,71800,JAMS,6525,225,,,,,6527,225,,,,,6526.0,0.0
1,71800,SQUID_INK,1897,29,,,,,1900,29,,,,,1898.5,-1607.609375
1,71800,PICNIC_BASKET2,30264,20,30263,17,,,30270,37,,,,,30267.0,0.0
1,71800,PICNIC_BASKET1,58673,20,58672,17,,,58684,20,58685,17,,,58678.5,0.0
1,71900,DJEMBES,13384,49,,,,,13385,49,,,,,13384.5,0.0
1,71900,SQUID_INK,1899,1,1897,28,,,1900,28,,,,,1899.5,-1616.484375
1,71900,KELP,2036,1,2034,28,,,2037,28,,,,,2036.5,-36.0546875
1,71900,PICNIC_BASKET2,30268,17,30267,17,,,30273,2,30274,32,,,30270.5,0.0
1,71900,PICNIC_BASKET1,58680,2,58679,15,58678,17,58689,2,58690,15,58691,17,58684.5,0.0
1,71900,CROISSANTS,4275,55,4274,100,,,4276,155,,,,,4275.5,0.0
1,71900,JAMS,6527,100,6526,124,,,6528,100,6529,124,,,6527.5,0.0
1,71900,RAINFOREST_RESIN,9992,26,,,,,10008,26,,,,,10000.0,152.0
1,72000,SQUID_INK,1898,20,,,,,1900,8,1901,20,,,1899.0,-1653.3515625
1,72000,PICNIC_BASKET2,30268,33,,,,,30274,16,30275,17,,,30271.0,0.0
1,72000,PICNIC_BASKET1,58674,16,58673,17,,,58685,33,,,,,58679.5,0.0
1,72000,RAINFOREST_RESIN,9992,28,,,,,10008,28,,,,,10000.0,152.0
1,72000,DJEMBES,13384,50,,,,,13385,50,,,,,13384.5,0.0
1,72000,KELP,2033,20,,,,,2036,8,2037,20,,,2034.5,-31.4140625
1,72000,CROISSANTS,4274,105,,,,,4276,105,,,,,4275.0,0.0
1,72000,JAMS,6526,56,6525,116,,,6527,56,6528,116,,,6526.5,0.0
1,72100,SQUID_INK,1899,22,,,,,1901,1,1903,22,,,1900.0,-1730.2421875
1,72100,KELP,2033,22,,,,,2036,1,2037,22,,,2034.5,-31.9375
1,72100,PICNIC_BASKET2,30269,10,30268,28,,,30275,46,,,,,30272.0,0.0
1,72100,PICNIC_BASKET1,58673,10,58672,28,,,58684,18,58685,28,,,58678.5,0.0
1,72100,CROISSANTS,4274,153,,,,,4276,153,,,,,4275.0,0.0
1,72100,JAMS,6526,231,,,,,6528,231,,,,,6527.0,0.0
1,72100,RAINFOREST_RESIN,9992,26,,,,,10008,26,,,,,10000.0,152.0
1,72100,DJEMBES,13384,28,13383,37,,,13385,65,,,,,13384.5,0.0
1,72200,RAINFOREST_RESIN,9992,27,,,,,10008,27,,,,,10000.0,152.0
1,72200,DJEMBES,13384,52,,,,,13385,52,,,,,13384.5,0.0
1,72200,KELP,2033,28,,,,,2034,1,2037,28,,,2033.5,-24.84375
1,72200,CROISSANTS,4274,147,,,,,4276,147,,,,,4275.0,0.0
1,72200,JAMS,6526,87,6525,127,,,6527,87,6528,127,,,6526.5,0.0
1,72200,SQUID_INK,1898,27,,,,,1901,28,,,,,1899.5,-1671.9765625
1,72200,PICNIC_BASKET2,30269,14,30268,22,,,30275,36,,,,,30272.0,0.0
1,72200,PICNIC_BASKET1,58672,14,58671,22,,,58683,14,58684,22,,,58677.5,0.0
1,72300,DJEMBES,13385,59,,,,,13386,59,,,,,13385.5,0.0
1,72300,SQUID_INK,1898,27,,,,,1901,27,,,,,1899.5,-1665.265625
1,72300,KELP,2033,27,,,,,2037,27,,,,,2035.0,-23.8203125
1,72300,PICNIC_BASKET2,30268,18,30267,22,,,30274,40,,,,,30271.0,0.0
1,72300,PICNIC_BASKET1,58670,18,58669,22,,,58681,18,58682,22,,,58675.5,0.0
1,72300,CROISSANTS,4274,115,,,,,4275,61,4276,54,,,4274.5,0.0
1,72300,JAMS,6526,175,,,,,6528,175,,,,,6527.0,0.0
1,72300,RAINFOREST_RESIN,9992,31,,,,,10008,31,,,,,10000.0,152.0
1,72400,SQUID_INK,1902,2,1901,23,,,1904,23,,,,,1903.0,-1805.796875
1,72400,PICNIC_BASKET2,30266,18,30265,30,,,30268,7,30271,1,30272,47,30267.0,0.0
1,72400,PICNIC_BASKET1,58669,1,58668,17,58667,30,58673,7,58678,1,58679,17,58671.0,0.0
1,72400,RAINFOREST_RESIN,9992,30,,,,,10008,30,,,,,10000.0,152.0
1,72400,DJEMBES,13385,30,13384,39,,,13386,69,,,,,13385.5,0.0
1,72400,KELP,2035,2,2033,23,,,2037,23,,,,,2036.0,-23.3359375
1,72400,CROISSANTS,4274,140,,,,,4275,145,,,,,4274.5,0.0
1,72400,JAMS,6525,257,,,,,6527,254,,,,,6526.0,0.0
1,72500,SQUID_INK,1900,22,,,,,1904,22,,,,,1902.0,-1782.078125
1,72500,PICNIC_BASKET1,58674,40,,,,,58685,20,58686,20,,,58679.5,0.0
1,72500,PICNIC_BASKET2,30265,40,,,,,30272,40,,,,,30268.5,0.0
1,72500,KELP,2033,22,,,,,2037,22,,,,,2035.0,-22.859375
1,72500,JAMS,6524,181,,,,,6526,181,,,,,6525.0,0.0
1,72500,CROISSANTS,4274,133,,,,,4275,133,,,,,4274.5,0.0
1,72500,RAINFOREST_RESIN,10001,1,9992,25,,,10008,25,,,,,10004.5,152.0
1,72500,DJEMBES,13384,56,,,,,13386,56,,,,,13385.0,0.0
1,72600,RAINFOREST_RESIN,9992,32,,,,,10008,32,,,,,10000.0,149.0
1,72600,DJEMBES,13384,57,,,,,13386,57,,,,,13385.0,0.0
1,72600,KELP,2033,24,,,,,2037,24,,,,,2035.0,-22.8125
1,72600,CROISSANTS,4274,98,,,,,4275,37,4276,61,,,4274.5,0.0
1,72600,JAMS,6525,49,6524,192,,,6526,61,6527,192,,,6525.5,0.0
1,72600,SQUID_INK,1899,24,,,,,1902,24,,,,,1900.5,-1705.1171875
1,72600,PICNIC_BASKET1,58686,2,58682,2,58681,16,58691,2,58692,16,58693,15,58688.5,0.0
1,72600,PICNIC_BASKET2,30271,2,30269,18,30268,15,30274,2,30275,31,,,30272.5,0.0
1,72700,DJEMBES,13384,55,,,,,13385,18,13386,37,,,13384.5,0.0
1,72700,SQUID_INK,1899,32,,,,,1903,32,,,,,1901.0,-1729.8203125
1,72700,PICNIC_BASKET1,58675,2,58674,13,58673,18,58684,2,58685,13,58686,18,58679.5,0.0
1,72700,PICNIC_BASKET2,30272,2,30271,31,,,30277,15,30278,18,,,30274.5,0.0
1,72700,KELP,2033,32,,,,,2037,32,,,,,2035.0,-22.828125
1,72700,CROISSANTS,4274,128,,,,,4275,51,4276,77,,,4274.5,0.0
1,72700,JAMS,6525,77,6524,150,,,6526,77,6527,150,,,6525.5,0.0
1,72700,RAINFOREST_RESIN,9992,30,,,,,10008,30,,,,,10000.0,149.0
1,72800,SQUID_INK,1899,31,,,,,1903,31,,,,,1901.0,-1728.0703125
1,72800,PICNIC_BASKET1,58673,13,58672,21,,,58683,13,58684,21,,,58678.0,0.0
1,72800,PICNIC_BASKET2,30269,1,30268,33,,,30274,13,30275,21,,,30271.5,0.0
1,72800,RAINFOREST_RESIN,9992,28,,,,,10008,28,,,,,10000.0,149.0
1,72800,DJEMBES,13384,55,,,,,13385,55,,,,,13384.5,0.0
1,72800,KELP,2033,31,,,,,2036,1,2037,30,,,2034.5,-14.0234375
1,72800,CROISSANTS,4274,96,,,,,4275,44,4276,52,,,4274.5,0.0
1,72800,JAMS,6524,205,,,,,6526,205,,,,,6525.0,0.0
1,72900,SQUID_INK,1897,28,,,,,1901,29,,,,,1899.0,-1634.6875
1,72900,PICNIC_BASKET1,58667,1,58666,20,58665,17,58676,1,58677,20,58678,17,58671.5,0.0
1,72900,PICNIC_BASKET2,30267,1,30266,37,,,30272,21,30273,17,,,30269.5,0.0
1,72900,KELP,2033,28,,,,,2037,29,,,,,2035.0,-21.28125
1,72900,CROISSANTS,4274,115,,,,,4275,115,,,,,4274.5,0.0
1,72900,JAMS,6525,211,,,,,6527,211,,,,,6526.0,0.0
1,72900,RAINFOREST_RESIN,9997,3,9992,35,,,10008,35,,,,,10002.5,149.0
1,72900,DJEMBES,13384,54,,,,,13385,54,,,,,13384.5,0.0
1,73000,RAINFOREST_RESIN,9992,27,,,,,10000,3,10008,27,,,9996.0,149.0
1,73000,DJEMBES,13383,78,,,,,13385,78,,,,,13384.0,0.0
1,73000,CROISSANTS,4274,57,4273,61,,,4275,118,,,,,4274.5,0.0
1,73000,JAMS,6526,61,6525,119,,,6527,61,6528,119,,,6526.5,0.0
1,73000,KELP,2033,23,,,,,2037,23,,,,,2035.0,-20.234375
1,73000,PICNIC_BASKET1,58669,18,58668,29,,,58679,2,58680,45,,,58674.0,0.0
1,73000,PICNIC_BASKET2,30268,2,30267,45,,,30273,2,30274,45,,,30270.5,0.0
1,73000,SQUID_INK,1896,23,,,,,1899,2,1900,21,,,1897.5,-1575.3203125
1,73100,DJEMBES,13383,47,,,,,13384,47,,,,,13383.5,0.0
1,73100,KELP,2033,28,,,,,2035,2,2037,28,,,2034.0,-16.1328125
1,73100,PICNIC_BASKET1,58669,1,58668,19,58667,17,58678,1,58679,19,58680,17,58673.5,0.0
1,73100,PICNIC_BASKET2,30267,20,30266,17,,,30272,1,30273,36,,,30269.5,0.0
1,73100,CROISSANTS,4274,137,,,,,4275,137,,,,,4274.5,0.0
1,73100,JAMS,6526,286,,,,,6528,280,,,,,6527.0,0.0
1,73100,SQUID_INK,1898,28,,,,,1900,2,1901,28,,,1899.0,-1647.4375
1,73100,RAINFOREST_RESIN,9992,32,,,,,10008,32,,,,,10000.0,185.0
1,73200,KELP,2033,30,,,,,2036,30,,,,,2034.5,-9.5703125
1,73200,PICNIC_BASKET1,58668,2,58667,20,58666,29,58677,2,58678,20,58679,29,58672.5,0.0
1,73200,PICNIC_BASKET2,30265,2,30264,49,,,30270,22,30271,29,,,30267.5,0.0
1,73200,SQUID_INK,1899,30,,,,,1902,30,,,,,1900.5,-1718.421875
1,73200,RAINFOREST_RESIN,9992,31,,,,,10008,31,,,,,10000.0,185.0
1,73200,DJEMBES,13383,74,,,,,13384,74,,,,,13383.5,0.0
1,73200,CROISSANTS,4274,137,,,,,4275,137,,,,,4274.5,0.0
1,73200,JAMS,6526,241,,,,,6528,241,,,,,6527.0,0.0
1,73300,PICNIC_BASKET1,58675,11,58674,22,,,58686,11,58687,22,,,58680.5,0.0
1,73300,PICNIC_BASKET2,30267,33,,,,,30274,33,,,,,30270.5,0.0
1,73300,CROISSANTS,4275,125,,,,,4276,125,,,,,4275.5,0.0
1,73300,JAMS,6526,71,6525,181,,,6527,71,6528,181,,,6526.5,0.0
1,73300,SQUID_INK,1900,22,,,,,1904,22,,,,,1902.0,-1780.8828125
1,73300,RAINFOREST_RESIN,9992,27,,,,,10008,27,,,,,10000.0,185.0
1,73300,DJEMBES,13383,63,,,,,13384,63,,,,,13383.5,0.0
1,73300,KELP,2033,22,,,,,2037,22,,,,,2035.0,-14.734375
1,73400,RAINFOREST_RESIN,9992,35,,,,,10008,35,,,,,10000.0,190.0
1,73400,DJEMBES,13383,27,13382,47,,,13384,74,,,,,13383.5,0.0
1,73400,CROISSANTS,4275,122,,,,,4276,122,,,,,4275.5,0.0
1,73400,JAMS,6526,69,6525,135,,,6527,69,6528,135,,,6526.5,0.0
1,73400,KELP,2033,31,,,,,2035,7,2037,31,,,2034.0,-15.6796875
1,73400,PICNIC_BASKET1,58675,1,58674,20,58673,27,58684,1,58685,20,58686,27,58679.5,0.0
1,73400,PICNIC_BASKET2,30266,1,30265,47,,,30271,21,30272,27,,,30268.5,0.0
1,73400,SQUID_INK,1900,31,,,,,1902,7,1903,31,,,1901.0,-1749.6171875
1,73500,DJEMBES,13383,23,13382,45,,,13384,68,,,,,13383.5,0.0
1,73500,KELP,2033,28,,,,,2037,28,,,,,2035.0,-24.375
1,73500,PICNIC_BASKET1,58674,11,58673,23,,,58685,11,58686,23,,,58679.5,0.0
1,73500,PICNIC_BASKET2,30268,34,,,,,30274,11,30275,23,,,30271.0,0.0
1,73500,CROISSANTS,4275,96,,,,,4276,96,,,,,4275.5,0.0
1,73500,JAMS,6526,183,,,,,6528,183,,,,,6527.0,0.0
1,73500,SQUID_INK,1898,28,,,,,1901,28,,,,,1899.5,-1654.09375
1,73500,RAINFOREST_RESIN,9992,35,,,,,10008,35,,,,,10000.0,190.0
1,73600,JAMS,6526,84,6525,174,,,6527,84,6528,174,,,6526.5,0.0
1,73600,KELP,2033,29,,,,,2037,29,,,,,2035.0,-23.3203125
1,73600,PICNIC_BASKET2,30269,2,30268,45,,,30274,17,30275,30,,,30271.5,0.0
1,73600,PICNIC_BASKET1,58673,2,58672,15,58671,30,58682,2,58683,15,58684,30,58677.5,0.0
1,73600,SQUID_INK,1898,29,,,,,1901,29,,,,,1899.5,-1642.9765625
1,73600,RAINFOREST_RESIN,10001,1,9992,33,,,10008,33,,,,,10004.5,191.0
1,73600,DJEMBES,13382,71,,,,,13384,71,,,,,13383.0,0.0
1,73600,CROISSANTS,4275,147,,,,,4276,147,,,,,4275.5,0.0
1,73700,PICNIC_BASKET2,30267,17,30266,18,,,30273,35,,,,,30270.0,0.0
1,73700,PICNIC_BASKET1,58664,17,58663,18,,,58675,17,58676,18,,,58669.5,0.0
1,73700,SQUID_INK,1899,20,,,,,1902,20,,,,,1900.5,-1693.515625
1,73700,RAINFOREST_RESIN,10002,3,9992,34,,,10008,34,,,,,10005.0,191.0
1,73700,CROISSANTS,4274,129,,,,,4275,46,4276,83,,,4274.5,0.0
1,73700,JAMS,6526,212,,,,,6527,83,6528,129,,,6526.5,0.0
1,73700,DJEMBES,13382,62,,,,,13383,18,13384,44,,,13382.5,0.0
1,73700,KELP,2033,20,,,,,2037,20,,,,,2035.0,-16.7109375
1,73800,RAINFOREST_RESIN,9992,32,,,,,10008,32,,,,,10000.0,182.0
1,73800,DJEMBES,13382,47,,,,,13384,47,,,,,13383.0,0.0
1,73800,CROISSANTS,4275,60,4274,100,,,4276,160,,,,,4275.5,0.0
1,73800,JAMS,6525,292,,,,,6527,292,,,,,6526.0,0.0
1,73800,KELP,2034,8,2033,29,,,2037,29,,,,,2035.5,-20.8203125
1,73800,PICNIC_BASKET2,30267,38,,,,,30273,21,30274,17,,,30270.0,0.0
1,73800,PICNIC_BASKET1,58668,1,58667,20,58666,17,58677,1,58678,20,58679,17,58672.5,0.0
1,73800,SQUID_INK,1900,8,1899,29,,,1902,1,1903,28,,,1901.0,-1725.2265625
1,73900,CROISSANTS,4275,38,4274,64,,,4276,102,,,,,4275.5,0.0
1,73900,JAMS,6525,174,,,,,6527,174,,,,,6526.0,0.0
1,73900,DJEMBES,13382,59,,,,,13384,59,,,,,13383.0,0.0
1,73900,KELP,2034,5,2033,23,,,2037,23,,,,,2035.5,-18.2265625
1,73900,PICNIC_BASKET2,30269,49,,,,,30275,20,30276,29,,,30272.0,0.0
1,73900,PICNIC_BASKET1,58669,20,58668,29,,,58680,20,58681,29,,,58674.5,0.0
1,73900,SQUID_INK,1902,5,1901,23,,,1904,23,,,,,1903.0,-1821.4375
1,73900,RAINFOREST_RESIN,9992,35,,,,,9999,1,10008,35,,,9995.5,182.0
1,74000,CROISSANTS,4274,97,,,,,4276,97,,,,,4275.0,0.0
1,74000,JAMS,6525,54,6524,128,,,6526,54,6527,128,,,6525.5,0.0
1,74000,KELP,2033,22,,,,,2037,22,,,,,2035.0,-18.234375
1,74000,PICNIC_BASKET2,30267,15,30266,27,,,30272,1,30273,41,,,30269.5,0.0
1,74000,PICNIC_BASKET1,58663,1,58662,14,58661,27,58672,1,58673,14,58674,27,58667.5,0.0
1,74000,SQUID_INK,1902,22,,,,,1905,1,1906,21,,,1903.5,-1872.6015625
1,74000,RAINFOREST_RESIN,9992,35,,,,,10008,35,,,,,10000.0,170.0
1,74000,DJEMBES,13382,60,,,,,13383,27,13384,33,,,13382.5,0.0
1,74100,PICNIC_BASKET2,30270,7,30267,43,,,30273,17,30274,26,,,30271.5,0.0
1,74100,PICNIC_BASKET1,58668,7,58663,17,58662,26,58674,17,58675,26,,,58671.0,0.0
1,74100,SQUID_INK,1902,8,1901,25,,,1905,25,,,,,1903.5,-1832.4765625
1,74100,RAINFOREST_RESIN,9992,25,,,,,10008,25,,,,,10000.0,186.0
1,74100,CROISSANTS,4274,124,,,,,4275,44,4276,80,,,4274.5,0.0
1,74100,JAMS,6525,7,6524,260,,,6526,260,,,,,6525.5,0.0
1,74100,DJEMBES,13382,58,,,,,13383,26,13384,32,,,13382.5,0.0
1,74100,KELP,2034,8,2033,25,,,2037,25,,,,,2035.5,-17.71875
1,74200,RAINFOREST_RESIN,9992,33,,,,,10008,33,,,,,10000.0,186.0
1,74200,DJEMBES,13381,70,,,,,13382,70,,,,,13381.5,0.0
1,74200,CROISSANTS,4274,61,4273,54,,,4275,115,,,,,4274.5,0.0
1,74200,JAMS,6524,236,,,,,6526,236,,,,,6525.0,0.0
1,74200,KELP,2033,25,,,,,2037,25,,,,,2035.0,-19.1640625
1,74200,PICNIC_BASKET2,30265,1,30264,47,,,30270,19,30271,29,,,30267.5,0.0
1,74200,PICNIC_BASKET1,58659,1,58658,18,58657,29,58668,1,58669,18,58670,29,58663.5,0.0
1,74200,SQUID_INK,1900,25,,,,,1903,25,,,,,1901.5,-1762.5703125
1,74300,CROISSANTS,4273,124,,,,,4275,124,,,,,4274.0,0.0
1,74300,JAMS,6524,200,,,,,6526,200,,,,,6525.0,0.0
1,74300,DJEMBES,13380,62,,,,,13381,30,13382,32,,,13380.5,0.0
1,74300,KELP,2035,1,2033,30,,,2037,30,,,,,2036.0,-19.171875
1,74300,PICNIC_BASKET2,30262,2,30261,49,,,30267,2,30268,49,,,30264.5,0.0
1,74300,PICNIC_BASKET1,58657,2,58656,19,58655,30,58666,2,58667,19,58668,30,58661.5,0.0
1,74300,SQUID_INK,1902,1,1900,30,,,1903,30,,,,,1902.5,-1740.0625
1,74300,RAINFOREST_RESIN,9992,31,,,,,10008,31,,,,,10000.0,191.0
1,74400,CROISSANTS,4273,99,,,,,4275,105,,,,,4274.0,0.0
1,74400,JAMS,6524,230,,,,,6526,230,,,,,6525.0,0.0
1,74400,KELP,2033,21,,,,,2037,22,,,,,2035.0,-17.4921875
1,74400,PICNIC_BASKET2,30258,20,30257,19,,,30263,1,30264,38,,,30260.5,0.0
1,74400,PICNIC_BASKET1,58654,1,58653,19,58652,19,58663,1,58664,19,58665,19,58658.5,0.0
1,74400,SQUID_INK,1901,21,,,,,1904,22,,,,,1902.5,-1786.984375
1,74400,RAINFOREST_RESIN,9992,32,,,,,10008,32,,,,,10000.0,191.0
1,74400,DJEMBES,13380,68,,,,,13382,68,,,,,13381.0,0.0
1,74500,PICNIC_BASKET2,30260,34,,,,,30266,17,30267,24,,,30263.0,0.0
1,74500,PICNIC_BASKET1,58660,10,58659,24,,,58670,2,58671,15,58672,24,58665.0,0.0
1,74500,SQUID_INK,1900,28,,,,,1904,28,,,,,1902.0,-1778.5703125
1,74500,RAINFOREST_RESIN,9992,27,,,,,10008,27,,,,,10000.0,191.0
1,74500,CROISSANTS,4273,136,,,,,4275,136,,,,,4274.0,0.0
1,74500,JAMS,6525,281,,,,,6527,281,,,,,6526.0,0.0
1,74500,DJEMBES,13381,56,,,,,13382,24,13383,32,,,13381.5,0.0
1,74500,KELP,2033,28,,,,,2036,28,,,,,2034.5,-7.234375
1,74600,RAINFOREST_RESIN,9992,31,,,,,10008,31,,,,,10000.0,191.0
1,74600,DJEMBES,13381,15,13380,47,,,13382,62,,,,,13381.5,0.0
1,74600,CROISSANTS,4273,131,,,,,4274,49,4275,82,,,4273.5,0.0
1,74600,JAMS,6525,208,,,,,6527,208,,,,,6526.0,0.0
1,74600,KELP,2033,28,,,,,2036,28,,,,,2034.5,13.28125
1,74600,PICNIC_BASKET2,30259,29,,,,,30265,14,30266,15,,,30262.0,0.0
1,74600,PICNIC_BASKET1,58666,1,58665,13,58664,15,58675,1,58676,13,58677,15,58670.5,0.0
1,74600,SQUID_INK,1901,28,,,,,1904,28,,,,,1902.5,-1800.890625
1,74700,JAMS,6525,209,,,,,6527,209,,,,,6526.0,0.0
1,74700,CROISSANTS,4273,123,,,,,4275,123,,,,,4274.0,0.0
1,74700,DJEMBES,13380,68,,,,,13381,68,,,,,13380.5,0.0
1,74700,KELP,2033,1,2032,29,,,2036,30,,,,,2034.5,21.4609375
1,74700,SQUID_INK,1901,30,,,,,1904,30,,,,,1902.5,-1788.5546875
1,74700,RAINFOREST_RESIN,9992,29,,,,,10008,29,,,,,10000.0,191.0
1,74700,PICNIC_BASKET1,58662,1,58661,14,58660,18,58671,1,58672,14,58673,18,58666.5,0.0
1,74700,PICNIC_BASKET2,30263,1,30262,32,,,30268,15,30269,18,,,30265.5,0.0
1,74800,CROISSANTS,4273,118,,,,,4274,56,4275,62,,,4273.5,0.0
1,74800,JAMS,6526,62,6525,152,,,6527,62,6528,152,,,6526.5,0.0
1,74800,PICNIC_BASKET1,58659,13,58658,19,,,58669,2,58670,30,,,58664.0,0.0
1,74800,PICNIC_BASKET2,30261,2,30260,30,,,30266,2,30267,30,,,30263.5,0.0
1,74800,KELP,2035,1,2032,22,,,2036,22,,,,,2035.5,29.015625
1,74800,SQUID_INK,1903,1,1901,22,,,1904,22,,,,,1903.5,-1792.0390625
1,74800,DJEMBES,13380,19,13379,31,,,13381,50,,,,,13380.5,0.0
1,74800,RAINFOREST_RESIN,10001,1,9992,35,,,10008,35,,,,,10004.5,191.0
1,74900,SQUID_INK,1903,24,,,,,1905,1,1906,24,,,1904.0,-1910.8984375
1,74900,RAINFOREST_RESIN,9992,31,,,,,10008,31,,,,,10000.0,191.0
1,74900,PICNIC_BASKET1,58657,17,58656,19,,,58667,1,58668,35,,,58662.0,0.0
1,74900,PICNIC_BASKET2,30259,1,30258,35,,,30264,1,30265,35,,,30261.5,0.0
1,74900,CROISSANTS,4273,126,,,,,4275,126,,,,,4274.0,0.0
1,74900,JAMS,6526,56,6525,101,,,6527,67,6528,101,,,6526.5,0.0
1,74900,DJEMBES,13379,59,,,,,13380,59,,,,,13379.5,0.0
1,74900,KELP,2032,24,,,,,2034,1,2035,24,,,2033.0,41.3515625
1,75000,DJEMBES,13378,62,,,,,13379,62,,,,,13378.5,0.0
1,75000,RAINFOREST_RESIN,9992,29,,,,,10008,29,,,,,10000.0,191.0
1,75000,CROISSANTS,4273,65,4272,50,,,4274,115,,,,,4273.5,0.0
1,75000,JAMS,6526,195,,,,,6528,195,,,,,6527.0,0.0
1,75000,PICNIC_BASKET1,58652,36,,,,,58663,17,58664,19,,,58657.5,0.0
1,75000,PICNIC_BASKET2,30259,17,30258,19,,,30265,36,,,,,30262.0,0.0
1,75000,KELP,2032,30,,,,,2036,30,,,,,2034.0,37.75
1,75000,SQUID_INK,1902,30,,,,,1906,30,,,,,1904.0,-1883.15625
1,75100,CROISSANTS,4272,153,,,,,4274,153,,,,,4273.0,0.0
1,75100,JAMS,6526,287,,,,,6528,287,,,,,6527.0,0.0
1,75100,DJEMBES,13378,67,,,,,13379,67,,,,,13378.5,0.0
1,75100,KELP,2034,6,2032,24,,,2035,23,,,,,2034.5,52.5625
1,75100,SQUID_INK,1905,6,1904,1,1903,23,1907,23,,,,,1906.0,-1922.2734375
1,75100,RAINFOREST_RESIN,9992,34,,,,,10008,34,,,,,10000.0,191.0
1,75100,PICNIC_BASKET1,58657,3,58652,11,58651,28,58663,11,58664,28,,,58660.0,0.0
1,75100,PICNIC_BASKET2,30260,3,30258,11,30257,28,30264,39,,,,,30262.0,0.0
1,75200,KELP,2032,22,,,,,2036,23,,,,,2034.0,23.0703125
1,75200,CROISSANTS,4272,133,,,,,4273,38,4274,95,,,4272.5,0.0
1,75200,JAMS,6525,95,6524,140,,,6526,95,6527,140,,,6525.5,0.0
1,75200,SQUID_INK,1902,22,,,,,1905,23,,,,,1903.5,-1846.953125
1,75200,PICNIC_BASKET1,58647,1,58646,14,58645,30,58651,2,58656,1,58657,14,58649.0,0.0
1,75200,PICNIC_BASKET2,30254,1,30253,44,,,30256,2,30259,1,30260,44,30255.0,0.0
1,75200,DJEMBES,13378,73,,,,,13380,73,,,,,13379.0,0.0
1,75200,RAINFOREST_RESIN,9992,26,,,,,10008,26,,,,,10000.0,191.0
1,75300,RAINFOREST_RESIN,9992,29,,,,,10008,29,,,,,10000.0,191.0
1,75300,SQUID_INK,1904,1,1902,29,,,1905,29,,,,,1904.5,-1866.59375
1,75300,PICNIC_BASKET1,58640,2,58639,17,58638,15,58649,2,58650,17,58651,15,58644.5,0.0
1,75300,PICNIC_BASKET2,30250,2,30249,32,,,30255,19,30256,15,,,30252.5,0.0
1,75300,KELP,2035,1,2032,29,,,2036,29,,,,,2035.5,29.609375
1,75300,CROISSANTS,4272,112,,,,,4273,112,,,,,4272.5,0.0
1,75300,JAMS,6523,9,6522,218,,,6524,218,,,,,6523.5,0.0
1,75300,DJEMBES,13378,49,,,,,13380,49,,,,,13379.0,0.0
1,75400,DJEMBES,13378,57,,,,,13380,57,,,,,13379.0,0.0
1,75400,RAINFOREST_RESIN,9992,29,,,,,10008,29,,,,,10000.0,195.0
1,75400,KELP,2032,28,,,,,2036,28,,,,,2034.0,27.4296875
1,75400,CROISSANTS,4273,64,4272,55,,,4274,119,,,,,4273.5,0.0
1,75400,JAMS,6523,184,,,,,6525,184,,,,,6524.0,0.0
1,75400,SQUID_INK,1901,28,,,,,1905,28,,,,,1903.0,-1827.796875
1,75400,PICNIC_BASKET1,58643,1,58642,19,58641,21,58652,1,58653,19,58654,21,58647.5,0.0
1,75400,PICNIC_BASKET2,30253,20,30252,21,,,30258,1,30259,40,,,30255.5,0.0
1,75500,KELP,2032,24,,,,,2036,24,,,,,2034.0,23.2265625
1,75500,CROISSANTS,4272,134,,,,,4273,57,4274,77,,,4272.5,0.0
1,75500,JAMS,6524,77,6523,122,,,6525,77,6526,122,,,6524.5,0.0
1,75500,DJEMBES,13379,16,13378,49,,,13380,65,,,,,13379.5,0.0
1,75500,RAINFOREST_RESIN,9992,30,,,,,10008,30,,,,,10000.0,195.0
1,75500,SQUID_INK,1900,24,,,,,1903,24,,,,,1901.5,-1768.9375
1,75500,PICNIC_BASKET1,58645,17,58644,16,,,58655,17,58656,16,,,58650.0,0.0
1,75500,PICNIC_BASKET2,30252,17,30251,16,,,30258,33,,,,,30255.0,0.0
1,75600,KELP,2033,1,2032,30,,,2035,1,2036,32,,,2034.0,21.8046875
1,75600,CROISSANTS,4272,131,,,,,4274,131,,,,,4273.0,0.0
1,75600,JAMS,6523,263,,,,,6525,263,,,,,6524.0,0.0
1,75600,SQUID_INK,1899,31,,,,,1900,1,1902,32,,,1899.5,-1689.7890625
1,75600,PICNIC_BASKET1,58640,22,58639,16,,,58650,2,58651,36,,,58645.0,0.0
1,75600,PICNIC_BASKET2,30252,22,30251,16,,,30257,2,30258,36,,,30254.5,0.0
1,75600,DJEMBES,13379,49,,,,,13380,49,,,,,13379.5,0.0
1,75600,RAINFOREST_RESIN,9992,27,,,,,10008,27,,,,,10000.0,195.0
1,75700,RAINFOREST_RESIN,9992,28,,,,,10008,28,,,,,10000.0,195.0
1,75700,SQUID_INK,1898,22,,,,,1900,6,1902,22,,,1899.0,-1677.40625
1,75700,PICNIC_BASKET1,58638,2,58637,12,58636,22,58647,2,58648,12,58649,22,58642.5,0.0
1,75700,PICNIC_BASKET2,30247,14,30246,22,,,30253,36,,,,,30250.0,0.0
1,75700,DJEMBES,13379,22,13378,39,,,13380,61,,,,,13379.5,0.0
1,75700,KELP,2033,22,,,,,2035,6,2036,22,,,2034.0,13.5625
1,75700,CROISSANTS,4272,152,,,,,4273,152,,,,,4272.5,0.0
1,75700,JAMS,6523,285,,,,,6525,285,,,,,6524.0,0.0
1,75800,DJEMBES,13379,63,,,,,13380,63,,,,,13379.5,0.0
1,75800,RAINFOREST_RESIN,9992,32,,,,,10003,5,10008,32,,,9997.5,195.0
1,75800,KELP,2033,28,,,,,2036,28,,,,,2034.5,4.9140625
1,75800,CROISSANTS,4272,123,,,,,4273,41,4274,82,,,4272.5,0.0
1,75800,SQUID_INK,1899,28,,,,,1902,28,,,,,1900.5,-1688.3046875
1,75800,PICNIC_BASKET2,30245,17,30244,17,,,30250,1,30251,33,,,30247.5,0.0
1,75800,PICNIC_BASKET1,58637,1,58636,16,58635,17,58646,1,58647,33,,,58641.5,0.0
1,75800,JAMS,6524,82,6523,132,,,6525,82,6526,132,,,6524.5,0.0
1,75900,DJEMBES,13379,73,,,,,13380,73,,,,,13379.5,0.0
1,75900,KELP,2033,29,,,,,2036,29,,,,,2034.5,2.0390625
1,75900,CROISSANTS,4272,46,4271,62,,,4273,108,,,,,4272.5,0.0
1,75900,JAMS,6523,212,,,,,6525,212,,,,,6524.0,0.0
1,75900,RAINFOREST_RESIN,9992,31,,,,,10008,31,,,,,10000.0,195.0
1,75900,SQUID_INK,1897,29,,,,,1900,29,,,,,1898.5,-1615.875
1,75900,PICNIC_BASKET2,30246,20,30245,24,,,30251,2,30252,42,,,30248.5,0.0
1,75900,PICNIC_BASKET1,58626,2,58625,18,58624,24,58635,2,58636,18,58637,24,58630.5,0.0
1,76000,KELP,2035,2,2033,31,,,2036,31,,,,,2035.5,4.15625
1,76000,SQUID_INK,1899,2,1897,31,,,1900,2,1901,29,,,1899.5,-1626.625
1,76000,PICNIC_BASKET2,30246,18,30245,16,,,30252,34,,,,,30249.0,0.0
1,76000,PICNIC_BASKET1,58615,18,58614,16,,,58625,2,58626,32,,,58620.0,0.0
1,76000,CROISSANTS,4271,126,,,,,4273,126,,,,,4272.0,0.0
1,76000,JAMS,6522,198,,,,,6524,198,,,,,6523.0,0.0
1,76000,DJEMBES,13379,56,,,,,13380,56,,,,,13379.5,0.0
1,76000,RAINFOREST_RESIN,9992,35,,,,,10008,35,,,,,10000.0,195.0
1,76100,RAINFOREST_RESIN,9992,34,,,,,10008,34,,,,,10000.0,195.0
1,76100,SQUID_INK,1900,29,,,,,1903,29,,,,,1901.5,-1751.6953125
1,76100,PICNIC_BASKET2,30246,12,30245,24,,,30252,36,,,,,30249.0,0.0
1,76100,PICNIC_BASKET1,58611,36,,,,,58622,12,58623,24,,,58616.5,0.0
1,76100,DJEMBES,13379,70,,,,,13380,70,,,,,13379.5,0.0
1,76100,KELP,2033,29,,,,,2036,29,,,,,2034.5,5.0390625
1,76100,CROISSANTS,4271,158,,,,,4273,158,,,,,4272.0,0.0
1,76100,JAMS,6522,264,,,,,6524,264,,,,,6523.0,0.0
1,76200,DJEMBES,13379,26,13378,44,,,13380,70,,,,,13379.5,0.0
1,76200,RAINFOREST_RESIN,9992,30,,,,,10008,30,,,,,10000.0,195.0
1,76200,KELP,2033,32,,,,,2036,32,,,,,2034.5,7.2890625
1,76200,SQUID_INK,1898,32,,,,,1901,32,,,,,1899.5,-1662.109375
1,76200,PICNIC_BASKET2,30243,16,30242,26,,,30248,2,30249,40,,,30245.5,0.0
1,76200,PICNIC_BASKET1,58604,2,58603,14,58602,26,58613,2,58614,14,58615,26,58608.5,0.0
1,76200,CROISSANTS,4271,129,,,,,4272,129,,,,,4271.5,0.0
1,76200,JAMS,6521,227,,,,,6523,227,,,,,6522.0,0.0
1,76300,DJEMBES,13378,65,,,,,13380,65,,,,,13379.0,0.0
1,76300,KELP,2033,25,,,,,2036,25,,,,,2034.5,4.25
1,76300,CROISSANTS,4271,109,,,,,4272,109,,,,,4271.5,0.0
1,76300,JAMS,6522,68,6521,114,,,6523,68,6524,114,,,6522.5,0.0
1,76300,RAINFOREST_RESIN,9997,6,9992,35,,,10008,35,,,,,10002.5,195.0
1,76300,SQUID_INK,1899,25,,,,,1902,25,,,,,1900.5,-1705.8671875
1,76300,PICNIC_BASKET2,30245,1,30244,33,,,30250,1,30251,33,,,30247.5,0.0
1,76300,PICNIC_BASKET1,58605,1,58604,10,58603,23,58614,1,58615,10,58616,23,58609.5,0.0
1,76400,SQUID_INK,1902,1,1900,23,,,1903,23,,,,,1902.5,-1752.125
1,76400,KELP,2035,1,2033,23,,,2036,2,2037,21,,,2035.5,1.609375
1,76400,PICNIC_BASKET2,30243,2,30242,34,,,30248,15,30249,21,,,30245.5,0.0
1,76400,PICNIC_BASKET1,58607,2,58606,13,58605,21,58616,2,58617,13,58618,21,58611.5,0.0
1,76400,CROISSANTS,4271,127,,,,,4272,131,,,,,4271.5,0.0
1,76400,JAMS,6522,81,6521,113,,,6523,81,6524,113,,,6522.5,0.0
1,76400,DJEMBES,13378,59,,,,,13379,21,13380,38,,,13378.5,0.0
1,76400,RAINFOREST_RESIN,9992,31,,,,,10003,5,10008,31,,,9997.5,195.0
1,76500,RAINFOREST_RESIN,9992,30,,,,,10008,30,,,,,10000.0,195.0
1,76500,SQUID_INK,1901,1,1899,27,,,1902,27,,,,,1901.5,-1709.5859375
1,76500,PICNIC_BASKET2,30242,18,30241,16,,,30247,1,30248,33,,,30244.5,0.0
1,76500,PICNIC_BASKET1,58603,1,58602,17,58601,16,58612,1,58613,17,58614,16,58607.5,0.0
1,76500,DJEMBES,13377,49,,,,,13379,49,,,,,13378.0,0.0
1,76500,KELP,2035,1,2033,27,,,2036,27,,,,,2035.5,5.3671875
1,76500,CROISSANTS,4271,143,,,,,4272,143,,,,,4271.5,0.0
1,76500,JAMS,6521,231,,,,,6523,231,,,,,6522.0,0.0
1,76600,DJEMBES,13378,67,,,,,13379,28,13380,39,,,13378.5,0.0
1,76600,RAINFOREST_RESIN,9992,30,,,,,10008,30,,,,,10000.0,195.0
1,76600,SQUID_INK,1900,31,,,,,1903,2,1904,29,,,1901.5,-1772.375
1,76600,KELP,2033,31,,,,,2036,2,2037,29,,,2034.5,-0.796875
1,76600,PICNIC_BASKET2,30244,2,30243,42,,,30249,16,30250,28,,,30246.5,0.0
1,76600,PICNIC_BASKET1,58604,2,58603,42,,,58614,16,58615,28,,,58609.0,0.0
1,76600,CROISSANTS,4271,112,,,,,4272,112,,,,,4271.5,0.0
1,76600,JAMS,6520,223,,,,,6522,223,,,,,6521.0,0.0
1,76700,DJEMBES,13379,63,,,,,13380,63,,,,,13379.5,0.0
1,76700,KELP,2034,6,2033,29,,,2036,2,2037,27,,,2035.0,-0.484375
1,76700,CROISSANTS,4271,64,4270,82,,,4272,137,,,,,4271.5,0.0
1,76700,JAMS,6520,249,,,,,6521,82,6522,167,,,6520.5,0.0
1,76700,RAINFOREST_RESIN,10002,4,9992,27,,,10008,27,,,,,10005.0,195.0
1,76700,SQUID_INK,1900,8,1899,27,,,1903,29,,,,,1901.5,-1733.7421875
1,76700,PICNIC_BASKET2,30241,47,,,,,30244,7,30247,18,30248,29,30242.5,0.0
1,76700,PICNIC_BASKET1,58604,2,58603,16,58602,29,58608,7,58613,2,58614,16,58606.0,0.0
1,76800,SQUID_INK,1898,28,,,,,1901,28,,,,,1899.5,-1653.515625
1,76800,KELP,2033,28,,,,,2036,2,2037,26,,,2034.5,0.625
1,76800,PICNIC_BASKET2,30241,15,30240,27,,,30246,2,30247,40,,,30243.5,0.0
1,76800,PICNIC_BASKET1,58602,2,58601,13,58600,27,58611,2,58612,13,58613,27,58606.5,0.0
1,76800,CROISSANTS,4271,133,,,,,4272,140,,,,,4271.5,0.0
1,76800,JAMS,6519,248,,,,,6521,248,,,,,6520.0,0.0
1,76800,DJEMBES,13379,77,,,,,13380,27,13381,50,,,13379.5,0.0
1,76800,RAINFOREST_RESIN,9992,30,,,,,10008,30,,,,,10000.0,183.0
1,76900,RAINFOREST_RESIN,9992,32,,,,,10008,32,,,,,10000.0,183.0
1,76900,SQUID_INK,1897,22,,,,,1900,22,,,,,1898.5,-1596.9609375
1,76900,PICNIC_BASKET1,58599,1,58598,12,58597,24,58608,1,58609,12,58610,24,58603.5,0.0
1,76900,PICNIC_BASKET2,30241,13,30240,24,,,30247,13,30248,24,,,30244.0,0.0
1,76900,DJEMBES,13379,59,,,,,13380,24,13381,35,,,13379.5,0.0
1,76900,KELP,2033,22,,,,,2037,22,,,,,2035.0,-3.375
1,76900,JAMS,6519,248,,,,,6521,248,,,,,6520.0,0.0
1,76900,CROISSANTS,4271,109,,,,,4272,58,4273,51,,,4271.5,0.0
1,77000,DJEMBES,13380,20,13379,32,,,13381,52,,,,,13380.5,0.0
1,77000,RAINFOREST_RESIN,9992,35,,,,,10008,35,,,,,10000.0,183.0
1,77000,SQUID_INK,1900,1,1899,20,,,1903,21,,,,,1901.5,-1731.6015625
1,77000,PICNIC_BASKET1,58595,1,58594,32,,,58605,13,58606,20,,,58600.0,0.0
1,77000,PICNIC_BASKET2,30241,13,30240,20,,,30246,1,30247,32,,,30243.5,0.0
1,77000,KELP,2034,1,2033,20,,,2037,21,,,,,2035.5,-12.1640625
1,77000,JAMS,6519,244,,,,,6521,244,,,,,6520.0,0.0
1,77000,CROISSANTS,4271,113,,,,,4272,48,4273,65,,,4271.5,0.0
1,77100,DJEMBES,13380,29,13379,41,,,13381,70,,,,,13380.5,0.0
1,77100,KELP,2036,1,2033,21,,,2037,21,,,,,2036.5,-7.90625
1,77100,CROISSANTS,4271,156,,,,,4272,63,4273,93,,,4271.5,0.0
1,77100,JAMS,6519,284,,,,,6521,284,,,,,6520.0,0.0
1,77100,RAINFOREST_RESIN,9997,7,9992,32,,,10008,32,,,,,10002.5,183.0
1,77100,SQUID_INK,1902,1,1900,21,,,1903,21,,,,,1902.5,-1745.2109375
1,77100,PICNIC_BASKET1,58599,39,,,,,58610,10,58611,29,,,58604.5,0.0
1,77100,PICNIC_BASKET2,30239,39,,,,,30245,10,30246,29,,,30242.0,0.0
1,77200,SQUID_INK,1901,25,,,,,1904,25,,,,,1902.5,-1794.453125
1,77200,PICNIC_BASKET1,58598,2,58597,16,58596,22,58607,2,58608,16,58609,22,58602.5,0.0
1,77200,PICNIC_BASKET2,30242,18,30241,22,,,30247,2,30248,38,,,30244.5,0.0
1,77200,KELP,2033,25,,,,,2037,25,,,,,2035.0,-7.78125
1,77200,CROISSANTS,4271,125,,,,,4272,9,4273,125,,,4271.5,0.0
1,77200,JAMS,6519,258,,,,,6521,258,,,,,6520.0,0.0
1,77200,DJEMBES,13382,52,,,,,13383,52,,,,,13382.5,0.0
1,77200,RAINFOREST_RESIN,9992,31,,,,,10008,31,,,,,10000.0,183.0
1,77300,RAINFOREST_RESIN,9992,34,,,,,10008,34,,,,,10000.0,183.0
1,77300,SQUID_INK,1901,30,,,,,1904,30,,,,,1902.5,-1812.078125
1,77300,PICNIC_BASKET1,58599,20,58598,30,,,58609,20,58610,30,,,58604.0,0.0
1,77300,PICNIC_BASKET2,30247,20,30246,30,,,30252,1,30253,49,,,30249.5,0.0
1,77300,DJEMBES,13382,65,,,,,13383,65,,,,,13382.5,0.0
1,77300,KELP,2033,30,,,,,2037,30,,,,,2035.0,-3.7421875
1,77300,CROISSANTS,4273,63,4272,69,,,4274,132,,,,,4273.5,0.0
1,77300,JAMS,6519,69,6518,130,,,6520,69,6521,130,,,6519.5,0.0
1,77400,DJEMBES,13382,78,,,,,13383,78,,,,,13382.5,0.0
1,77400,RAINFOREST_RESIN,9992,28,,,,,10008,28,,,,,10000.0,183.0
1,77400,PICNIC_BASKET1,58602,2,58601,19,58600,30,58611,2,58612,19,58613,30,58606.5,0.0
1,77400,PICNIC_BASKET2,30248,2,30247,49,,,30253,2,30254,49,,,30250.5,0.0
1,77400,CROISSANTS,4273,128,,,,,4274,128,,,,,4273.5,0.0
1,77400,JAMS,6518,201,,,,,6520,201,,,,,6519.0,0.0
1,77400,SQUID_INK,1900,25,,,,,1903,25,,,,,1901.5,-1757.25
1,77400,KELP,2033,25,,,,,2037,25,,,,,2035.0,-2.0390625
1,77500,KELP,2034,2,2033,23,,,2036,2,2037,21,,,2035.0,-0.015625
1,77500,DJEMBES,13382,60,,,,,13383,60,,,,,13382.5,0.0
1,77500,CROISSANTS,4273,141,,,,,4274,145,,,,,4273.5,0.0
1,77500,JAMS,6520,89,6519,152,,,6521,89,6522,152,,,6520.5,0.0
1,77500,RAINFOREST_RESIN,9992,27,,,,,9999,1,10008,27,,,9995.5,183.0
1,77500,PICNIC_BASKET1,58607,20,58606,28,,,58617,2,58618,46,,,58612.0,0.0
1,77500,PICNIC_BASKET2,30251,2,30250,46,,,30256,2,30257,46,,,30253.5,0.0
1,77500,SQUID_INK,1902,2,1901,23,,,1904,23,,,,,1903.0,-1790.9453125
1,77600,PICNIC_BASKET1,58606,21,58605,23,,,58616,1,58617,43,,,58611.0,0.0
1,77600,PICNIC_BASKET2,30254,1,30253,43,,,30259,21,30260,23,,,30256.5,0.0
1,77600,CROISSANTS,4273,103,,,,,4274,53,4275,50,,,4273.5,0.0
1,77600,JAMS,6521,50,6520,104,,,6522,50,6523,104,,,6521.5,0.0
1,77600,SQUID_INK,1902,29,,,,,1905,29,,,,,1903.5,-1853.359375
1,77600,KELP,2033,29,,,,,2037,29,,,,,2035.0,-0.46875
1,77600,DJEMBES,13380,23,13379,39,,,13381,62,,,,,13380.5,0.0
1,77600,RAINFOREST_RESIN,9992,32,,,,,10008,32,,,,,10000.0,183.0
1,77700,RAINFOREST_RESIN,9992,30,,,,,10003,2,10008,30,,,9997.5,183.0
1,77700,PICNIC_BASKET1,58609,2,58608,10,58607,24,58618,2,58619,10,58620,24,58613.5,0.0
1,77700,PICNIC_BASKET2,30256,2,30255,34,,,30261,12,30262,24,,,30258.5,0.0
1,77700,SQUID_INK,1901,32,,,,,1904,26,,,,,1902.5,-1813.921875
1,77700,KELP,2034,6,2033,26,,,2037,26,,,,,2035.5,-4.9453125
1,77700,DJEMBES,13378,57,,,,,13380,57,,,,,13379.0,0.0
1,77700,CROISSANTS,4273,144,,,,,4275,144,,,,,4274.0,0.0
1,77700,JAMS,6521,88,6520,104,,,6522,88,6523,104,,,6521.5,0.0
1,77800,DJEMBES,13378,57,,,,,13380,57,,,,,13379.0,0.0
1,77800,RAINFOREST_RESIN,10000,1,9997,3,9992,28,10008,28,,,,,10004.0,183.0
1,77800,PICNIC_BASKET1,58616,2,58615,14,58614,15,58625,2,58626,14,58627,15,58620.5,0.0
1,77800,PICNIC_BASKET2,30255,31,,,,,30261,16,30262,15,,,30258.0,0.0
1,77800,CROISSANTS,4274,110,,,,,4275,110,,,,,4274.5,0.0
1,77800,JAMS,6521,65,6520,189,,,6522,65,6523,189,,,6521.5,0.0
1,77800,SQUID_INK,1900,28,,,,,1903,28,,,,,1901.5,-1750.7109375
1,77800,KELP,2033,28,,,,,2037,28,,,,,2035.0,-6.203125
1,77900,KELP,2033,27,,,,,2037,27,,,,,2035.0,-5.7890625
1,77900,CROISSANTS,4274,134,,,,,4275,134,,,,,4274.5,0.0
1,77900,JAMS,6521,287,,,,,6523,287,,,,,6522.0,0.0
1,77900,RAINFOREST_RESIN,9992,32,,,,,10008,32,,,,,10000.0,183.0
1,77900,DJEMBES,13378,58,,,,,13380,58,,,,,13379.0,0.0
1,77900,PICNIC_BASKET1,58617,13,58616,27,,,58627,1,58628,39,,,58622.0,0.0
1,77900,PICNIC_BASKET2,30254,1,30253,39,,,30259,13,30260,27,,,30256.5,0.0
1,77900,SQUID_INK,1900,1,1899,26,,,1903,27,,,,,1901.5,-1732.609375
1,78000,PICNIC_BASKET2,30252,51,,,,,30258,22,30259,29,,,30255.0,0.0
1,78000,PICNIC_BASKET1,58610,2,58609,20,58608,29,58619,2,58620,20,58621,29,58614.5,0.0
1,78000,CROISSANTS,4274,142,,,,,4275,142,,,,,4274.5,0.0
1,78000,SQUID_INK,1899,38,,,,,1902,30,,,,,1900.5,-1706.640625
1,78000,JAMS,6521,92,6520,167,,,6522,92,6523,167,,,6521.5,0.0
1,78000,DJEMBES,13377,29,13376,39,,,13378,68,,,,,13377.5,0.0
1,78000,KELP,2034,8,2033,30,,,2037,30,,,,,2035.5,-7.828125
1,78000,RAINFOREST_RESIN,9992,30,,,,,10008,30,,,,,10000.0,183.0
1,78100,RAINFOREST_RESIN,9997,3,9992,34,,,10008,34,,,,,10002.5,183.0
1,78100,DJEMBES,13377,68,,,,,13378,20,13379,48,,,13377.5,0.0
1,78100,PICNIC_BASKET2,30251,1,30250,30,,,30256,11,30257,20,,,30253.5,0.0
1,78100,PICNIC_BASKET1,58605,1,58604,10,58603,20,58614,1,58615,10,58616,20,58609.5,0.0
1,78100,SQUID_INK,1901,3,1900,29,,,1904,30,,,,,1902.5,-1783.5625
1,78100,JAMS,6520,272,,,,,6522,272,,,,,6521.0,0.0
1,78100,KELP,2034,2,2033,30,,,2037,30,,,,,2035.5,-9.1953125
1,78100,CROISSANTS,4273,124,,,,,4274,42,4275,82,,,4273.5,0.0
1,78200,RAINFOREST_RESIN,9992,27,,,,,10008,27,,,,,10000.0,183.0
1,78200,PICNIC_BASKET2,30254,3,30252,12,30251,22,30258,34,,,,,30256.0,0.0
1,78200,PICNIC_BASKET1,58610,3,58605,12,58604,22,58616,12,58617,22,,,58613.0,0.0
1,78200,SQUID_INK,1900,3,1899,21,,,1902,21,,,,,1901.0,-1720.046875
1,78200,CROISSANTS,4273,135,,,,,4274,57,4275,78,,,4273.5,0.0
1,78200,JAMS,6520,251,,,,,6522,258,,,,,6521.0,0.0
1,78200,DJEMBES,13376,55,,,,,13377,22,13378,33,,,13376.5,0.0
1,78200,KELP,2034,3,2033,21,,,2037,21,,,,,2035.5,-9.1484375
1,78300,CROISSANTS,4273,158,,,,,4274,158,,,,,4273.5,0.0
1,78300,JAMS,6520,93,6519,126,,,6521,93,6522,126,,,6520.5,0.0
1,78300,KELP,2036,1,2034,26,,,2037,21,,,,,2036.5,-25.9296875
1,78300,RAINFOREST_RESIN,9992,34,,,,,10008,34,,,,,10000.0,183.0
1,78300,DJEMBES,13374,74,,,,,13376,74,,,,,13375.0,0.0
1,78300,PICNIC_BASKET2,30252,19,30251,24,,,30258,43,,,,,30255.0,0.0
1,78300,PICNIC_BASKET1,58602,19,58601,24,,,58613,19,58614,24,,,58607.5,0.0
1,78300,SQUID_INK,1901,1,1900,5,1899,21,1903,21,,,,,1902.0,-1726.7578125
1,78400,PICNIC_BASKET2,30250,17,30249,29,,,30255,2,30256,44,,,30252.5,0.0
1,78400,PICNIC_BASKET1,58601,2,58600,15,58599,29,58610,2,58611,15,58612,29,58605.5,0.0
1,78400,SQUID_INK,1901,28,,,,,1904,28,,,,,1902.5,-1814.9609375
1,78400,CROISSANTS,4273,61,4272,84,,,4274,145,,,,,4273.5,0.0
1,78400,JAMS,6520,224,,,,,6522,224,,,,,6521.0,0.0
1,78400,DJEMBES,13375,75,,,,,13376,75,,,,,13375.5,0.0
1,78400,KELP,2034,28,,,,,2037,28,,,,,2035.5,-17.359375
1,78400,RAINFOREST_RESIN,9992,25,,,,,10008,25,,,,,10000.0,185.0
1,78500,RAINFOREST_RESIN,9992,31,,,,,10008,31,,,,,10000.0,197.0
1,78500,DJEMBES,13373,54,,,,,13375,54,,,,,13374.0,0.0
1,78500,PICNIC_BASKET2,30251,20,30250,19,,,30257,39,,,,,30254.0,0.0
1,78500,PICNIC_BASKET1,58598,20,58597,19,,,58609,20,58610,19,,,58603.5,0.0
1,78500,SQUID_INK,1902,27,,,,,1906,27,,,,,1904.0,-1874.046875
1,78500,CROISSANTS,4272,132,,,,,4274,132,,,,,4273.0,0.0
1,78500,JAMS,6520,276,,,,,6521,83,6522,193,,,6520.5,0.0
1,78500,KELP,2034,27,,,,,2037,27,,,,,2035.5,-13.03125
1,78600,RAINFOREST_RESIN,9992,32,,,,,10008,32,,,,,10000.0,197.0
1,78600,PICNIC_BASKET2,30252,40,,,,,30258,11,30259,29,,,30255.0,0.0
1,78600,PICNIC_BASKET1,58603,11,58602,29,,,58614,11,58615,29,,,58608.5,0.0
1,78600,SQUID_INK,1902,21,,,,,1905,21,,,,,1903.5,-1855.453125
1,78600,CROISSANTS,4273,42,4272,100,,,4274,142,,,,,4273.5,0.0
1,78600,JAMS,6520,240,,,,,6522,240,,,,,6521.0,0.0
1,78600,DJEMBES,13374,61,,,,,13376,61,,,,,13375.0,0.0
1,78600,KELP,2034,21,,,,,2037,21,,,,,2035.5,-12.671875
1,78700,CROISSANTS,4272,131,,,,,4274,131,,,,,4273.0,0.0
1,78700,JAMS,6520,73,6519,192,,,6521,73,6522,192,,,6520.5,0.0
1,78700,KELP,2034,28,,,,,2037,28,,,,,2035.5,-15.71875
1,78700,RAINFOREST_RESIN,9992,26,,,,,10008,26,,,,,10000.0,197.0
1,78700,DJEMBES,13375,63,,,,,13376,16,13377,47,,,13375.5,0.0
1,78700,PICNIC_BASKET2,30251,2,30250,31,,,30256,2,30257,31,,,30253.5,0.0
1,78700,PICNIC_BASKET1,58602,2,58601,15,58600,16,58611,2,58612,15,58613,16,58606.5,0.0
1,78700,SQUID_INK,1902,28,,,,,1905,2,1906,26,,,1903.5,-1873.1015625
1,78800,PICNIC_BASKET2,30250,20,30249,22,,,30256,42,,,,,30253.0,0.0
1,78800,PICNIC_BASKET1,58602,20,58601,22,,,58613,20,58614,22,,,58607.5,0.0
1,78800,SQUID_INK,1903,26,,,,,1906,26,,,,,1904.5,-1908.3203125
1,78800,CROISSANTS,4273,65,4272,53,,,4274,118,,,,,4273.5,0.0
1,78800,JAMS,6520,53,6519,132,,,6521,53,6522,132,,,6520.5,0.0
1,78800,DJEMBES,13375,52,,,,,13377,52,,,,,13376.0,0.0
1,78800,KELP,2033,26,,,,,2037,26,,,,,2035.0,-11.9140625
1,78800,RAINFOREST_RESIN,9992,35,,,,,9999,1,10008,35,,,9995.5,197.0
1,78900,RAINFOREST_RESIN,9997,2,9992,25,,,10008,25,,,,,10002.5,133.0
1,78900,DJEMBES,13376,59,,,,,13377,59,,,,,13376.5,0.0
1,78900,PICNIC_BASKET2,30250,22,30249,23,,,30255,2,30256,43,,,30252.5,0.0
1,78900,PICNIC_BASKET1,58596,2,58595,43,,,58606,22,58607,23,,,58601.0,0.0
1,78900,SQUID_INK,1903,26,,,,,1906,26,,,,,1904.5,-1907.0859375
1,78900,CROISSANTS,4272,107,,,,,4273,107,,,,,4272.5,0.0
1,78900,JAMS,6520,64,6519,125,,,6521,64,6522,125,,,6520.5,0.0
1,78900,KELP,2034,2,2033,24,,,2037,26,,,,,2035.5,-8.9375
1,79000,RAINFOREST_RESIN,9992,34,,,,,10008,34,,,,,10000.0,133.0
1,79000,PICNIC_BASKET2,30250,16,30249,21,,,30255,1,30256,36,,,30252.5,0.0
1,79000,PICNIC_BASKET1,58595,1,58594,15,58593,21,58604,1,58605,15,58606,21,58599.5,0.0
1,79000,SQUID_INK,1902,31,,,,,1905,31,,,,,1903.5,-1853.9609375
1,79000,CROISSANTS,4272,141,,,,,4273,141,,,,,4272.5,0.0
1,79000,JAMS,6520,81,6519,146,,,6521,81,6522,146,,,6520.5,0.0
1,79000,DJEMBES,13375,64,,,,,13376,21,13377,43,,,13375.5,0.0
1,79000,KELP,2033,31,,,,,2037,31,,,,,2035.0,-6.34375
1,79100,JAMS,6520,52,6519,116,,,6521,52,6522,116,,,6520.5,0.0
1,79100,CROISSANTS,4272,93,,,,,4273,93,,,,,4272.5,0.0
1,79100,PICNIC_BASKET1,58597,20,58596,24,,,58608,20,58609,24,,,58602.5,0.0
1,79100,PICNIC_BASKET2,30251,44,,,,,30257,20,30258,24,,,30254.0,0.0
1,79100,KELP,2033,22,,,,,2034,1,2037,22,,,2033.5,-6.3515625
1,79100,RAINFOREST_RESIN,9992,33,,,,,10008,33,,,,,10000.0,133.0
1,79100,DJEMBES,13375,69,,,,,13376,69,,,,,13375.5,0.0
1,79100,SQUID_INK,1903,21,,,,,1906,22,,,,,1904.5,-1908.015625
1,79200,SQUID_INK,1902,22,,,,,1906,22,,,,,1904.0,-1875.6328125
1,79200,RAINFOREST_RESIN,9992,29,,,,,10008,29,,,,,10000.0,133.0
1,79200,JAMS,6520,78,6519,198,,,6521,78,6522,198,,,6520.5,0.0
1,79200,CROISSANTS,4272,108,,,,,4273,116,,,,,4272.5,0.0
1,79200,DJEMBES,13376,57,,,,,13377,57,,,,,13376.5,0.0
1,79200,KELP,2033,22,,,,,2036,22,,,,,2034.5,9.5078125
1,79200,PICNIC_BASKET1,58601,18,58600,15,,,58612,18,58613,15,,,58606.5,0.0
1,79200,PICNIC_BASKET2,30255,33,,,,,30261,18,30262,15,,,30258.0,0.0
1,79300,DJEMBES,13375,74,,,,,13376,26,13377,48,,,13375.5,0.0
1,79300,SQUID_INK,1902,15,,,,,1905,25,,,,,1903.5,-1844.3828125
1,79300,CROISSANTS,4272,105,,,,,4273,105,,,,,4272.5,0.0
1,79300,JAMS,6520,70,6519,162,,,6521,70,6522,162,,,6520.5,0.0
1,79300,PICNIC_BASKET1,58602,1,58601,16,58600,26,58611,1,58612,16,58613,26,58606.5,0.0
1,79300,PICNIC_BASKET2,30257,17,30256,26,,,30262,1,30263,42,,,30259.5,0.0
1,79300,KELP,2033,15,,,,,2036,25,,,,,2034.5,9.5390625
1,79300,RAINFOREST_RESIN,9992,26,,,,,10008,26,,,,,10000.0,133.0
1,79400,PICNIC_BASKET1,58608,1,58607,15,58606,17,58617,1,58618,15,58619,17,58612.5,0.0
1,79400,PICNIC_BASKET2,30258,1,30257,32,,,30263,16,30264,17,,,30260.5,0.0
1,79400,SQUID_INK,1902,6,1901,29,,,1904,1,1905,28,,,1903.0,-1823.4609375
1,79400,RAINFOREST_RESIN,9992,26,,,,,10008,26,,,,,10000.0,133.0
1,79400,CROISSANTS,4272,103,,,,,4273,103,,,,,4272.5,0.0
1,79400,JAMS,6520,231,,,,,6522,231,,,,,6521.0,0.0
1,79400,DJEMBES,13376,17,13375,47,,,13377,64,,,,,13376.5,0.0
1,79400,KELP,2034,6,2033,29,,,2036,29,,,,,2035.0,12.5625
1,79500,CROISSANTS,4272,62,4271,59,,,4273,121,,,,,4272.5,0.0
1,79500,JAMS,6520,250,,,,,6522,250,,,,,6521.0,0.0
1,79500,PICNIC_BASKET1,58611,1,58610,13,58609,28,58620,1,58621,13,58622,28,58615.5,0.0
1,79500,PICNIC_BASKET2,30255,1,30254,41,,,30260,14,30261,28,,,30257.5,0.0
1,79500,KELP,2033,26,,,,,2036,26,,,,,2034.5,10.828125
1,79500,RAINFOREST_RESIN,9992,26,,,,,10008,26,,,,,10000.0,133.0
1,79500,DJEMBES,13378,28,13377,48,,,13379,76,,,,,13378.5,0.0
1,79500,SQUID_INK,1902,26,,,,,1905,26,,,,,1903.5,-1847.8125
1,79600,RAINFOREST_RESIN,9992,29,,,,,10008,29,,,,,10000.0,133.0
1,79600,CROISSANTS,4272,60,4271,75,,,4273,135,,,,,4272.5,0.0
1,79600,JAMS,6520,222,,,,,6522,222,,,,,6521.0,0.0
1,79600,DJEMBES,13378,68,,,,,13379,19,13380,49,,,13378.5,0.0
1,79600,KELP,2033,24,,,,,2036,24,,,,,2034.5,11.75
1,79600,SQUID_INK,1900,24,,,,,1904,24,,,,,1902.0,-1776.1015625
1,79600,PICNIC_BASKET1,58607,16,58606,19,,,58618,35,,,,,58612.5,0.0
1,79600,PICNIC_BASKET2,30253,35,,,,,30259,16,30260,19,,,30256.0,0.0
1,79700,DJEMBES,13378,65,,,,,13380,65,,,,,13379.0,0.0
1,79700,KELP,2033,28,,,,,2036,26,,,,,2034.5,13.453125
1,79700,CROISSANTS,4272,127,,,,,4273,127,,,,,4272.5,0.0
1,79700,JAMS,6521,257,,,,,6523,257,,,,,6522.0,0.0
1,79700,SQUID_INK,1901,28,,,,,1904,26,,,,,1902.5,-1792.8828125
1,79700,PICNIC_BASKET1,58612,17,58611,18,,,58622,1,58623,34,,,58617.0,0.0
1,79700,PICNIC_BASKET2,30259,17,30258,18,,,30265,35,,,,,30262.0,0.0
1,79700,RAINFOREST_RESIN,9992,34,,,,,10008,34,,,,,10000.0,133.0
1,79800,SQUID_INK,1902,24,,,,,1905,24,,,,,1903.5,-1839.9140625
1,79800,PICNIC_BASKET1,58612,1,58611,15,58610,17,58621,1,58622,32,,,58616.5,0.0
1,79800,PICNIC_BASKET2,30258,1,30257,32,,,30263,16,30264,17,,,30260.5,0.0
1,79800,RAINFOREST_RESIN,9992,26,,,,,10008,26,,,,,10000.0,133.0
1,79800,KELP,2033,24,,,,,2036,24,,,,,2034.5,7.3359375
1,79800,CROISSANTS,4271,107,,,,,4273,107,,,,,4272.0,0.0
1,79800,JAMS,6522,70,6521,195,,,6523,70,6524,195,,,6522.5,0.0
1,79800,DJEMBES,13379,17,13378,36,,,13380,53,,,,,13379.5,0.0
1,79900,KELP,2033,21,,,,,2036,26,,,,,2034.5,9.8984375
1,79900,CROISSANTS,4271,138,,,,,4273,138,,,,,4272.0,0.0
1,79900,JAMS,6523,107,6522,123,,,6524,98,6525,123,,,6523.5,0.0
1,79900,SQUID_INK,1901,26,,,,,1902,5,1905,26,,,1901.5,-1827.078125
1,79900,PICNIC_BASKET1,58619,2,58618,16,58617,24,58628,2,58629,16,58630,24,58623.5,0.0
1,79900,PICNIC_BASKET2,30263,18,30262,24,,,30268,2,30269,40,,,30265.5,0.0
1,79900,RAINFOREST_RESIN,9992,30,,,,,10008,30,,,,,10000.0,133.0
1,79900,DJEMBES,13378,62,,,,,13379,24,13380,38,,,13378.5,0.0
1,80000,RAINFOREST_RESIN,9992,35,,,,,10008,35,,,,,10000.0,133.0
1,80000,KELP,2033,24,,,,,2036,24,,,,,2034.5,13.703125
1,80000,CROISSANTS,4272,40,4271,66,,,4273,106,,,,,4272.5,0.0
1,80000,JAMS,6523,239,,,,,6525,239,,,,,6524.0,0.0
1,80000,DJEMBES,13379,30,13378,31,,,13380,61,,,,,13379.5,0.0
1,80000,SQUID_INK,1902,24,,,,,1905,24,,,,,1903.5,-1844.3984375
1,80000,PICNIC_BASKET1,58621,19,58620,30,,,58631,1,58632,48,,,58626.0,0.0
1,80000,PICNIC_BASKET2,30267,49,,,,,30273,19,30274,30,,,30270.0,0.0
1,80100,DJEMBES,13379,57,,,,,13380,19,13381,38,,,13379.5,0.0
1,80100,KELP,2033,29,,,,,2036,29,,,,,2034.5,12.34375
1,80100,CROISSANTS,4271,124,,,,,4273,124,,,,,4272.0,0.0
1,80100,JAMS,6523,77,6522,102,,,6524,77,6525,102,,,6523.5,0.0
1,80100,SQUID_INK,1904,29,,,,,1907,29,,,,,1905.5,-1951.53125
1,80100,PICNIC_BASKET1,58619,16,58618,19,,,58630,16,58631,19,,,58624.5,0.0
1,80100,PICNIC_BASKET2,30264,35,,,,,30270,16,30271,19,,,30267.0,0.0
1,80100,RAINFOREST_RESIN,9992,25,,,,,10008,25,,,,,10000.0,133.0
1,80200,SQUID_INK,1904,1,1902,27,,,1905,27,,,,,1904.5,-1850.484375
1,80200,PICNIC_BASKET1,58618,1,58617,12,58616,19,58627,1,58628,12,58629,19,58622.5,0.0
1,80200,PICNIC_BASKET2,30266,13,30265,19,,,30271,1,30272,31,,,30268.5,0.0
1,80200,RAINFOREST_RESIN,9992,25,,,,,10008,25,,,,,10000.0,133.0
1,80200,DJEMBES,13379,50,,,,,13380,50,,,,,13379.5,0.0
1,80200,KELP,2035,1,2033,27,,,2036,27,,,,,2035.5,14.0859375
1,80200,CROISSANTS,4271,109,,,,,4273,109,,,,,4272.0,0.0
1,80200,JAMS,6522,186,,,,,6524,186,,,,,6523.0,0.0
1,80300,KELP,2033,29,,,,,2036,28,,,,,2034.5,18.9609375
1,80300,CROISSANTS,4271,125,,,,,4272,46,4273,79,,,4271.5,0.0
1,80300,SQUID_INK,1903,1,1902,28,,,1906,28,,,,,1904.5,-1884.59375
1,80300,PICNIC_BASKET2,30269,36,,,,,30275,14,30276,22,,,30272.0,0.0
1,80300,PICNIC_BASKET1,58623,14,58622,22,,,58634,14,58635,22,,,58628.5,0.0
1,80300,JAMS,6523,179,,,,,6525,179,,,,,6524.0,0.0
1,80300,RAINFOREST_RESIN,9992,26,,,,,10008,26,,,,,10000.0,133.0
1,80300,DJEMBES,13381,60,,,,,13383,60,,,,,13382.0,0.0
1,80400,RAINFOREST_RESIN,9992,31,,,,,10008,31,,,,,10000.0,133.0
1,80400,DJEMBES,13381,72,,,,,13383,72,,,,,13382.0,0.0
1,80400,KELP,2033,32,,,,,2036,32,,,,,2034.5,20.828125
1,80400,CROISSANTS,4271,51,4270,74,,,4272,125,,,,,4271.5,0.0
1,80400,JAMS,6524,270,,,,,6526,270,,,,,6525.0,0.0
1,80400,SQUID_INK,1902,32,,,,,1905,32,,,,,1903.5,-1871.1875
1,80400,PICNIC_BASKET2,30270,20,30269,24,,,30275,2,30276,42,,,30272.5,0.0
1,80400,PICNIC_BASKET1,58625,2,58624,18,58623,24,58634,2,58635,18,58636,24,58629.5,0.0
1,80500,DJEMBES,13380,70,,,,,13381,70,,,,,13380.5,0.0
1,80500,KELP,2033,23,,,,,2036,23,,,,,2034.5,27.1328125
1,80500,SQUID_INK,1902,23,,,,,1905,23,,,,,1903.5,-1856.671875
1,80500,PICNIC_BASKET2,30269,32,,,,,30276,32,,,,,30272.5,0.0
1,80500,PICNIC_BASKET1,58616,11,58615,21,,,58627,11,58628,21,,,58621.5,0.0
1,80500,CROISSANTS,4271,146,,,,,4272,146,,,,,4271.5,0.0
1,80500,JAMS,6524,253,,,,,6526,253,,,,,6525.0,0.0
1,80500,RAINFOREST_RESIN,9997,3,9992,31,,,10008,31,,,,,10002.5,133.0
1,80600,SQUID_INK,1901,22,,,,,1905,22,,,,,1903.0,-1835.3203125
1,80600,PICNIC_BASKET2,30271,10,30270,21,,,30277,31,,,,,30274.0,0.0
1,80600,PICNIC_BASKET1,58621,31,,,,,58632,10,58633,21,,,58626.5,0.0
1,80600,RAINFOREST_RESIN,9992,31,,,,,10008,31,,,,,10000.0,126.0
1,80600,DJEMBES,13380,61,,,,,13381,21,13382,40,,,13380.5,0.0
1,80600,KELP,2033,22,,,,,2036,22,,,,,2034.5,26.28125
1,80600,CROISSANTS,4271,105,,,,,4272,105,,,,,4271.5,0.0
1,80600,JAMS,6524,169,,,,,6526,169,,,,,6525.0,0.0
1,80700,SQUID_INK,1900,24,,,,,1903,25,,,,,1901.5,-1758.6640625
1,80700,KELP,2033,24,,,,,2036,25,,,,,2034.5,22.359375
1,80700,PICNIC_BASKET2,30269,44,,,,,30275,20,30276,24,,,30272.0,0.0
1,80700,PICNIC_BASKET1,58622,20,58621,24,,,58633,20,58634,24,,,58627.5,0.0
1,80700,CROISSANTS,4271,127,,,,,4272,127,,,,,4271.5,0.0
1,80700,JAMS,6524,71,6523,175,,,6525,71,6526,175,,,6524.5,0.0
1,80700,RAINFOREST_RESIN,10002,4,9992,28,,,10008,28,,,,,10005.0,126.0
1,80700,DJEMBES,13379,74,,,,,13381,74,,,,,13380.0,0.0
1,80800,RAINFOREST_RESIN,9992,31,,,,,9999,1,10008,31,,,9995.5,102.0
1,80800,DJEMBES,13379,55,,,,,13380,18,13381,37,,,13379.5,0.0
1,80800,KELP,2033,35,,,,,2036,32,,,,,2034.5,28.9296875
1,80800,CROISSANTS,4271,62,4270,94,,,4272,156,,,,,4271.5,0.0
1,80800,JAMS,6523,230,,,,,6525,230,,,,,6524.0,0.0
1,80800,SQUID_INK,1899,35,,,,,1902,32,,,,,1900.5,-1686.9375
1,80800,PICNIC_BASKET2,30269,16,30268,18,,,30274,2,30275,32,,,30271.5,0.0
1,80800,PICNIC_BASKET1,58620,2,58619,32,,,58630,16,58631,18,,,58625.0,0.0
1,80900,DJEMBES,13379,68,,,,,13380,22,13381,46,,,13379.5,0.0
1,80900,SQUID_INK,1901,1,1899,34,,,1902,31,,,,,1901.5,-1714.2890625
1,80900,KELP,2035,1,2033,34,,,2036,31,,,,,2035.5,28.9296875
1,80900,PICNIC_BASKET2,30269,20,30268,22,,,30274,1,30275,41,,,30271.5,0.0
1,80900,PICNIC_BASKET1,58622,1,58621,19,58620,22,58631,1,58632,19,58633,22,58626.5,0.0
1,80900,CROISSANTS,4271,108,,,,,4272,108,,,,,4271.5,0.0
1,80900,JAMS,6523,195,,,,,6525,195,,,,,6524.0,0.0
1,80900,RAINFOREST_RESIN,9992,32,,,,,10008,32,,,,,10000.0,102.0
1,81000,SQUID_INK,1899,24,,,,,1902,24,,,,,1900.5,-1697.59375
1,81000,PICNIC_BASKET2,30267,32,,,,,30274,32,,,,,30270.5,0.0
1,81000,PICNIC_BASKET1,58623,32,,,,,58634,17,58635,15,,,58628.5,0.0
1,81000,RAINFOREST_RESIN,9992,34,,,,,10008,34,,,,,10000.0,103.0
1,81000,DJEMBES,13379,47,,,,,13381,47,,,,,13380.0,0.0
1,81000,KELP,2032,24,,,,,2036,24,,,,,2034.0,46.203125
1,81000,CROISSANTS,4271,41,4270,95,,,4272,136,,,,,4271.5,0.0
1,81000,JAMS,6523,266,,,,,6525,266,,,,,6524.0,0.0
1,81100,SQUID_INK,1900,29,,,,,1903,29,,,,,1901.5,-1750.28125
1,81100,KELP,2032,29,,,,,2036,29,,,,,2034.0,50.296875
1,81100,PICNIC_BASKET2,30267,8,30264,42,,,30270,19,30271,23,,,30268.5,0.0
1,81100,PICNIC_BASKET1,58622,8,58617,19,58616,23,58628,19,58629,23,,,58625.0,0.0
1,81100,CROISSANTS,4270,110,,,,,4271,110,,,,,4270.5,0.0
1,81100,JAMS,6523,243,,,,,6525,243,,,,,6524.0,0.0
1,81100,RAINFOREST_RESIN,9992,34,,,,,10008,34,,,,,10000.0,103.0
1,81100,DJEMBES,13380,60,,,,,13381,60,,,,,13380.5,0.0
1,81200,RAINFOREST_RESIN,9992,30,,,,,10008,30,,,,,10000.0,103.0
1,81200,DJEMBES,13379,53,,,,,13381,53,,,,,13380.0,0.0
1,81200,KELP,2032,21,,,,,2036,21,,,,,2034.0,46.1796875
1,81200,CROISSANTS,4270,108,,,,,4271,108,,,,,4270.5,0.0
1,81200,JAMS,6523,247,,,,,6525,247,,,,,6524.0,0.0
1,81200,SQUID_INK,1901,1,1900,20,,,1904,21,,,,,1902.5,-1785.3359375
1,81200,PICNIC_BASKET2,30269,1,30268,35,,,30274,1,30275,35,,,30271.5,0.0
1,81200,PICNIC_BASKET1,58622,1,58621,19,58620,16,58631,1,58632,19,58633,16,58626.5,0.0
1,81300,DJEMBES,13380,17,13379,42,,,13381,59,,,,,13380.5,0.0
1,81300,SQUID_INK,1901,2,1900,24,,,1903,24,,,,,1902.0,-1737.4609375
1,81300,KELP,2033,2,2032,24,,,2036,24,,,,,2034.5,47.734375
1,81300,PICNIC_BASKET2,30268,1,30267,34,,,30273,18,30274,17,,,30270.5,0.0
1,81300,JAMS,6523,244,,,,,6525,244,,,,,6524.0,0.0
1,81300,PICNIC_BASKET1,58623,1,58622,17,58621,17,58632,1,58633,34,,,58627.5,0.0
1,81300,CROISSANTS,4270,112,,,,,4271,112,,,,,4270.5,0.0
1,81300,RAINFOREST_RESIN,9992,25,,,,,10008,25,,,,,10000.0,103.0
1,81400,SQUID_INK,1901,1,1899,26,,,1902,26,,,,,1901.5,-1707.0859375
1,81400,PICNIC_BASKET1,58627,2,58626,13,58625,15,58636,2,58637,13,58638,15,58631.5,0.0
1,81400,PICNIC_BASKET2,30271,15,30270,15,,,30276,2,30277,28,,,30273.5,0.0
1,81400,RAINFOREST_RESIN,9992,35,,,,,10008,35,,,,,10000.0,103.0
1,81400,DJEMBES,13380,63,,,,,13381,15,13382,48,,,13380.5,0.0
1,81400,KELP,2035,1,2032,26,,,2036,26,,,,,2035.5,46.7109375
1,81400,JAMS,6524,177,,,,,6525,77,6526,100,,,6524.5,0.0
1,81400,CROISSANTS,4270,120,,,,,4272,120,,,,,4271.0,0.0
1,81500,SQUID_INK,1899,29,,,,,1902,29,,,,,1900.5,-1705.7421875
1,81500,PICNIC_BASKET1,58630,15,58629,27,,,58640,1,58641,41,,,58635.0,0.0
1,81500,PICNIC_BASKET2,30271,15,30270,27,,,30276,1,30277,41,,,30273.5,0.0
1,81500,KELP,2032,29,,,,,2036,29,,,,,2034.0,46.2734375
1,81500,CROISSANTS,4271,144,,,,,4272,144,,,,,4271.5,0.0
1,81500,JAMS,6524,98,6523,182,,,6525,89,6526,182,,,6524.5,0.0
1,81500,RAINFOREST_RESIN,10001,1,9992,25,,,10008,25,,,,,10004.5,103.0
1,81500,DJEMBES,13380,63,,,,,13381,63,,,,,13380.5,0.0
1,81600,RAINFOREST_RESIN,9992,32,,,,,10003,3,10008,32,,,9997.5,103.0
1,81600,DJEMBES,13379,68,,,,,13381,68,,,,,13380.0,0.0
1,81600,KELP,2032,28,,,,,2036,28,,,,,2034.0,46.3046875
1,81600,CROISSANTS,4271,41,4270,82,,,4272,123,,,,,4271.5,0.0
1,81600,JAMS,6524,277,,,,,6526,277,,,,,6525.0,0.0
1,81600,SQUID_INK,1899,28,,,,,1902,28,,,,,1900.5,-1710.0390625
1,81600,PICNIC_BASKET1,58633,19,58632,23,,,58643,19,58644,23,,,58638.0,0.0
1,81600,PICNIC_BASKET2,30270,2,30269,40,,,30275,19,30276,23,,,30272.5,0.0
1,81700,DJEMBES,13379,55,,,,,13380,15,13381,40,,,13379.5,0.0
1,81700,SQUID_INK,1898,3,1897,30,,,1900,1,1901,29,,,1899.0,-1625.5546875
1,81700,PICNIC_BASKET1,58635,1,58634,11,58633,15,58644,1,58645,11,58646,15,58639.5,0.0
1,81700,PICNIC_BASKET2,30271,1,30270,26,,,30276,12,30277,15,,,30273.5,0.0
1,81700,KELP,2033,7,2032,30,,,2034,4,2036,30,,,2033.5,44.3203125
1,81700,CROISSANTS,4270,145,,,,,4272,145,,,,,4271.0,0.0
1,81700,JAMS,6525,263,,,,,6527,263,,,,,6526.0,0.0
1,81700,RAINFOREST_RESIN,9992,35,,,,,9998,3,10008,35,,,9995.0,103.0
1,81800,SQUID_INK,1897,22,,,,,1900,22,,,,,1898.5,-1597.2421875
1,81800,PICNIC_BASKET1,58636,34,,,,,58647,13,58648,21,,,58641.5,0.0
1,81800,PICNIC_BASKET2,30270,13,30269,21,,,30276,34,,,,,30273.0,0.0
1,81800,RAINFOREST_RESIN,9992,29,,,,,10008,29,,,,,10000.0,103.0
1,81800,DJEMBES,13378,70,,,,,13379,21,13380,49,,,13378.5,0.0
1,81800,KELP,2032,22,,,,,2036,22,,,,,2034.0,41.3515625
1,81800,CROISSANTS,4271,46,4270,80,,,4272,126,,,,,4271.5,0.0
1,81800,JAMS,6525,245,,,,,6527,245,,,,,6526.0,0.0
1,81900,PICNIC_BASKET1,58637,8,58628,13,58627,29,58638,13,58639,29,,,58637.5,0.0
1,81900,PICNIC_BASKET2,30274,8,30269,42,,,30275,13,30276,29,,,30274.5,0.0
1,81900,CROISSANTS,4271,42,4270,70,,,4272,112,,,,,4271.5,0.0
1,81900,JAMS,6525,216,,,,,6527,222,,,,,6526.0,0.0
1,81900,SQUID_INK,1897,25,,,,,1900,25,,,,,1898.5,-1614.609375
1,81900,RAINFOREST_RESIN,10001,1,9992,28,,,10008,28,,,,,10004.5,103.0
1,81900,DJEMBES,13376,63,,,,,13377,63,,,,,13376.5,0.0
1,81900,KELP,2033,2,2032,23,,,2036,25,,,,,2034.5,41.8359375
1,82000,RAINFOREST_RESIN,9992,34,,,,,10008,34,,,,,10000.0,103.0
1,82000,DJEMBES,13376,67,,,,,13377,67,,,,,13376.5,0.0
1,82000,CROISSANTS,4271,44,4270,80,,,4272,124,,,,,4271.5,0.0
1,82000,JAMS,6525,244,,,,,6527,244,,,,,6526.0,0.0
1,82000,KELP,2032,29,,,,,2036,29,,,,,2034.0,37.03125
1,82000,PICNIC_BASKET1,58634,15,58633,22,,,58645,37,,,,,58639.5,0.0
1,82000,PICNIC_BASKET2,30267,15,30266,22,,,30273,37,,,,,30270.0,0.0
1,82000,SQUID_INK,1897,29,,,,,1900,29,,,,,1898.5,-1600.4375
1,82100,DJEMBES,13375,75,,,,,13377,75,,,,,13376.0,0.0
1,82100,KELP,2033,3,2032,27,,,2036,29,,,,,2034.5,39.7421875
1,82100,PICNIC_BASKET1,58633,2,58632,15,58631,29,58642,2,58643,15,58644,29,58637.5,0.0
1,82100,PICNIC_BASKET2,30265,17,30264,29,,,30270,2,30271,44,,,30267.5,0.0
1,82100,CROISSANTS,4270,120,,,,,4272,120,,,,,4271.0,0.0
1,82100,JAMS,6525,188,,,,,6527,188,,,,,6526.0,0.0
1,82100,SQUID_INK,1897,1,1896,29,,,1899,2,1900,27,,,1898.0,-1573.6484375
1,82100,RAINFOREST_RESIN,9992,28,,,,,10008,28,,,,,10000.0,103.0
1,82200,KELP,2033,8,2032,22,,,2036,22,,,,,2034.5,43.796875
1,82200,PICNIC_BASKET1,58630,1,58629,12,58628,17,58639,1,58640,12,58641,17,58634.5,0.0
1,82200,PICNIC_BASKET2,30263,30,,,,,30269,13,30270,17,,,30266.0,0.0
1,82200,SQUID_INK,1897,30,,,,,1900,22,,,,,1898.5,-1587.296875
1,82200,RAINFOREST_RESIN,9992,25,,,,,10008,25,,,,,10000.0,103.0
1,82200,DJEMBES,13376,61,,,,,13377,61,,,,,13376.5,0.0
1,82200,CROISSANTS,4270,114,,,,,4272,114,,,,,4271.0,0.0
1,82200,JAMS,6525,246,,,,,6526,63,6527,183,,,6525.5,0.0
1,82300,PICNIC_BASKET1,58626,10,58625,26,,,58637,36,,,,,58631.5,0.0
1,82300,PICNIC_BASKET2,30263,10,30262,26,,,30269,36,,,,,30266.0,0.0
1,82300,CROISSANTS,4271,46,4270,54,,,4272,100,,,,,4271.5,0.0
1,82300,JAMS,6524,187,,,,,6526,187,,,,,6525.0,0.0
1,82300,SQUID_INK,1895,29,,,,,1898,21,,,,,1896.5,-1515.3984375
1,82300,RAINFOREST_RESIN,10002,3,9992,33,,,10008,33,,,,,10005.0,103.0
1,82300,DJEMBES,13375,72,,,,,13376,26,13377,46,,,13375.5,0.0
1,82300,KELP,2033,8,2032,21,,,2036,21,,,,,2034.5,41.265625
1,82400,RAINFOREST_RESIN,9992,34,,,,,10008,34,,,,,10000.0,103.0
1,82400,DJEMBES,13375,56,,,,,13376,56,,,,,13375.5,0.0
1,82400,CROISSANTS,4271,47,4270,84,,,4272,131,,,,,4271.5,0.0
1,82400,JAMS,6525,84,6524,110,,,6526,84,6527,110,,,6525.5,0.0
1,82400,KELP,2033,10,2032,20,,,2036,22,,,,,2034.5,38.1171875
1,82400,PICNIC_BASKET1,58623,2,58622,12,58621,26,58632,2,58633,12,58634,26,58627.5,0.0
1,82400,PICNIC_BASKET2,30263,2,30262,38,,,30268,14,30269,26,,,30265.5,0.0
1,82400,SQUID_INK,1896,30,,,,,1899,22,,,,,1897.5,-1562.1875
1,82500,JAMS,6525,195,,,,,6526,78,6527,117,,,6525.5,0.0
1,82500,DJEMBES,13375,65,,,,,13377,65,,,,,13376.0,0.0
1,82500,KELP,2033,2,2032,28,,,2036,30,,,,,2034.5,38.1171875
1,82500,PICNIC_BASKET2,30267,2,30266,34,,,30272,2,30273,34,,,30269.5,0.0
1,82500,PICNIC_BASKET1,58632,2,58631,19,58630,15,58641,2,58642,19,58643,15,58636.5,0.0
1,82500,CROISSANTS,4271,140,,,,,4273,140,,,,,4272.0,0.0
1,82500,SQUID_INK,1897,2,1896,28,,,1900,30,,,,,1898.5,-1583.578125
1,82500,RAINFOREST_RESIN,9992,27,,,,,10008,27,,,,,10000.0,103.0
1,82600,CROISSANTS,4271,134,,,,,4272,42,4273,92,,,4271.5,0.0
1,82600,JAMS,6525,263,,,,,6527,263,,,,,6526.0,0.0
1,82600,KELP,2032,28,,,,,2036,28,,,,,2034.0,37.609375
1,82600,PICNIC_BASKET2,30264,15,30263,27,,,30270,42,,,,,30267.0,0.0
1,82600,PICNIC_BASKET1,58633,42,,,,,58644,15,58645,27,,,58638.5,0.0
1,82600,SQUID_INK,1895,28,,,,,1898,28,,,,,1896.5,-1521.03125
1,82600,RAINFOREST_RESIN,9992,30,,,,,10008,30,,,,,10000.0,109.0
1,82600,DJEMBES,13377,27,13376,31,,,13378,58,,,,,13377.5,0.0
1,82700,PICNIC_BASKET2,30265,1,30264,42,,,30270,18,30271,25,,,30267.5,0.0
1,82700,PICNIC_BASKET1,58635,1,58634,17,58633,25,58644,1,58645,17,58646,25,58639.5,0.0
1,82700,SQUID_INK,1892,27,,,,,1895,1,1896,26,,,1893.5,-1373.515625
1,82700,RAINFOREST_RESIN,9992,26,,,,,10003,8,10008,26,,,9997.5,109.0
1,82700,CROISSANTS,4271,43,4270,80,,,4272,123,,,,,4271.5,0.0
1,82700,JAMS,6525,232,,,,,6527,232,,,,,6526.0,0.0
1,82700,DJEMBES,13376,61,,,,,13377,61,,,,,13376.5,0.0
1,82700,KELP,2033,27,,,,,2036,27,,,,,2034.5,22.984375
1,82800,RAINFOREST_RESIN,9992,32,,,,,10008,32,,,,,10000.0,109.0
1,82800,DJEMBES,13376,73,,,,,13378,73,,,,,13377.0,0.0
1,82800,CROISSANTS,4270,139,,,,,4272,139,,,,,4271.0,0.0
1,82800,JAMS,6526,92,6525,122,,,6527,214,,,,,6526.5,0.0
1,82800,KELP,2033,20,,,,,2036,20,,,,,2034.5,25.4765625
1,82800,PICNIC_BASKET2,30265,12,30264,29,,,30271,12,30272,29,,,30268.0,0.0
1,82800,PICNIC_BASKET1,58633,12,58632,29,,,58644,12,58645,29,,,58638.5,0.0
1,82800,SQUID_INK,1890,20,,,,,1894,20,,,,,1892.0,-1283.1875
1,82900,CROISSANTS,4270,126,,,,,4272,126,,,,,4271.0,0.0
1,82900,JAMS,6525,198,,,,,6527,198,,,,,6526.0,0.0
1,82900,DJEMBES,13376,62,,,,,13378,62,,,,,13377.0,0.0
1,82900,KELP,2033,26,,,,,2034,4,2035,7,2036,27,2033.5,25.0625
1,82900,PICNIC_BASKET2,30266,2,30265,30,,,30271,12,30272,20,,,30268.5,0.0
1,82900,PICNIC_BASKET1,58625,2,58624,10,58623,20,58634,2,58635,10,58636,20,58629.5,0.0
1,82900,SQUID_INK,1891,26,,,,,1892,4,1893,7,1894,27,1891.5,-1308.1875
1,82900,RAINFOREST_RESIN,9992,25,,,,,9998,3,10008,25,,,9995.0,109.0
1,83000,CROISSANTS,4270,139,,,,,4271,64,4272,75,,,4270.5,0.0
1,83000,JAMS,6525,262,,,,,6527,262,,,,,6526.0,0.0
1,83000,KELP,2033,28,,,,,2036,27,,,,,2034.5,31.5859375
1,83000,PICNIC_BASKET2,30268,2,30265,32,,,30271,14,30272,18,,,30269.5,0.0
1,83000,PICNIC_BASKET1,58624,2,58619,14,58618,18,58629,14,58630,18,,,58626.5,0.0
1,83000,SQUID_INK,1892,28,,,,,1895,27,,,,,1893.5,-1347.5546875
1,83000,RAINFOREST_RESIN,9992,25,,,,,10008,25,,,,,10000.0,93.0
1,83000,DJEMBES,13376,56,,,,,13378,56,,,,,13377.0,0.0
1,83100,PICNIC_BASKET2,30262,16,30261,15,,,30267,2,30268,29,,,30264.5,0.0
1,83100,PICNIC_BASKET1,58623,2,58622,14,58621,15,58632,2,58633,14,58634,15,58627.5,0.0
1,83100,SQUID_INK,1891,24,,,,,1895,24,,,,,1893.0,-1327.515625
1,83100,RAINFOREST_RESIN,9992,28,,,,,10008,28,,,,,10000.0,93.0
1,83100,CROISSANTS,4270,112,,,,,4271,112,,,,,4270.5,0.0
1,83100,JAMS,6526,73,6525,165,,,6527,73,6528,165,,,6526.5,0.0
1,83100,DJEMBES,13378,15,13377,38,,,13379,53,,,,,13378.5,0.0
1,83100,KELP,2033,24,,,,,2036,24,,,,,2034.5,31.0625
1,83200,RAINFOREST_RESIN,9992,34,,,,,10008,34,,,,,10000.0,93.0
1,83200,DJEMBES,13377,60,,,,,13379,60,,,,,13378.0,0.0
1,83200,CROISSANTS,4270,110,,,,,4271,110,,,,,4270.5,0.0
1,83200,JAMS,6526,180,,,,,6528,180,,,,,6527.0,0.0
1,83200,KELP,2033,29,,,,,2036,23,,,,,2034.5,36.2578125
1,83200,PICNIC_BASKET2,30264,4,30261,16,30260,15,30267,16,30268,15,,,30265.5,0.0
1,83200,PICNIC_BASKET1,58625,4,58621,2,58620,14,58630,2,58631,14,58632,15,58627.5,0.0
1,83200,SQUID_INK,1892,6,1891,23,,,1894,23,,,,,1893.0,-1317.9140625
1,83300,CROISSANTS,4270,129,,,,,4271,129,,,,,4270.5,0.0
1,83300,JAMS,6526,268,,,,,6528,268,,,,,6527.0,0.0
1,83300,DJEMBES,13377,61,,,,,13379,61,,,,,13378.0,0.0
1,83300,KELP,2033,30,,,,,2035,3,2036,30,,,2034.0,31.703125
1,83300,PICNIC_BASKET2,30266,16,30265,27,,,30271,2,30272,41,,,30268.5,0.0
1,83300,PICNIC_BASKET1,58625,2,58624,41,,,58635,16,58636,27,,,58630.0,0.0
1,83300,SQUID_INK,1892,30,,,,,1894,3,1895,30,,,1893.0,-1364.1640625
1,83300,RAINFOREST_RESIN,9992,32,,,,,10008,32,,,,,10000.0,93.0
1,83400,CROISSANTS,4270,134,,,,,4272,134,,,,,4271.0,0.0
1,83400,JAMS,6527,217,,,,,6528,69,6529,148,,,6527.5,0.0
1,83400,KELP,2033,20,,,,,2036,20,,,,,2034.5,33.234375
1,83400,PICNIC_BASKET2,30269,18,30268,22,,,30275,40,,,,,30272.0,0.0
1,83400,PICNIC_BASKET1,58630,18,58629,22,,,58641,18,58642,22,,,58635.5,0.0
1,83400,SQUID_INK,1893,20,,,,,1897,20,,,,,1895.0,-1421.21875
1,83400,RAINFOREST_RESIN,9992,27,,,,,10008,27,,,,,10000.0,93.0
1,83400,DJEMBES,13377,22,13376,37,,,13378,59,,,,,13377.5,0.0
1,83500,PICNIC_BASKET2,30269,1,30268,28,,,30274,12,30275,17,,,30271.5,0.0
1,83500,PICNIC_BASKET1,58627,1,58626,11,58625,17,58636,1,58637,11,58638,17,58631.5,0.0
1,83500,SQUID_INK,1892,28,,,,,1894,5,1895,29,,,1893.0,-1363.796875
1,83500,RAINFOREST_RESIN,9997,8,9992,28,,,10008,28,,,,,10002.5,93.0
1,83500,CROISSANTS,4271,40,4270,65,,,4272,105,,,,,4271.5,0.0
1,83500,JAMS,6527,65,6526,146,,,6528,65,6529,146,,,6527.5,0.0
1,83500,DJEMBES,13376,50,,,,,13378,50,,,,,13377.0,0.0
1,83500,KELP,2033,28,,,,,2035,5,2036,29,,,2034.0,36.3203125
1,83600,DJEMBES,13377,85,,,,,13378,75,,,,,13377.5,0.0
1,83600,RAINFOREST_RESIN,9992,34,,,,,10008,34,,,,,10000.0,93.0
1,83600,JAMS,6526,78,6525,194,,,6527,78,6528,194,,,6526.5,0.0
1,83600,CROISSANTS,4270,122,,,,,4272,122,,,,,4271.0,0.0
1,83600,PICNIC_BASKET1,58627,14,58626,25,,,58637,2,58638,37,,,58632.0,0.0
1,83600,PICNIC_BASKET2,30262,14,30261,25,,,30267,2,30268,37,,,30264.5,0.0
1,83600,KELP,2033,30,,,,,2036,30,,,,,2034.5,33.7734375
1,83600,SQUID_INK,1893,30,,,,,1896,30,,,,,1894.5,-1385.609375
1,83700,CROISSANTS,4271,48,4270,63,,,4272,111,,,,,4271.5,0.0
1,83700,JAMS,6524,188,,,,,6526,188,,,,,6525.0,0.0
1,83700,DJEMBES,13376,59,,,,,13377,59,,,,,13376.5,0.0
1,83700,KELP,2033,26,,,,,2036,26,,,,,2034.5,26.4453125
1,83700,SQUID_INK,1895,26,,,,,1898,26,,,,,1896.5,-1503.9296875
1,83700,RAINFOREST_RESIN,9992,30,,,,,10008,30,,,,,10000.0,93.0
1,83700,PICNIC_BASKET1,58623,2,58622,20,58621,21,58632,2,58633,41,,,58627.5,0.0
1,83700,PICNIC_BASKET2,30262,22,30261,21,,,30268,43,,,,,30265.0,0.0
1,83800,CROISSANTS,4271,142,,,,,4272,142,,,,,4271.5,0.0
1,83800,JAMS,6525,82,6524,134,,,6526,82,6527,134,,,6525.5,0.0
1,83800,PICNIC_BASKET1,58628,1,58627,18,58626,26,58637,1,58638,18,58639,26,58632.5,0.0
1,83800,PICNIC_BASKET2,30264,1,30263,44,,,30269,19,30270,26,,,30266.5,0.0
1,83800,KELP,2033,30,,,,,2036,30,,,,,2034.5,28.0390625
1,83800,SQUID_INK,1894,30,,,,,1897,30,,,,,1895.5,-1447.859375
1,83800,DJEMBES,13376,57,,,,,13377,26,13378,31,,,13376.5,0.0
1,83800,RAINFOREST_RESIN,10001,1,9992,28,,,10008,28,,,,,10004.5,93.0
1,83900,SQUID_INK,1894,26,,,,,1896,1,1897,26,,,1895.0,-1441.6796875
1,83900,RAINFOREST_RESIN,10001,1,9992,31,,,10008,31,,,,,10004.5,93.0
1,83900,PICNIC_BASKET1,58625,1,58624,13,58623,26,58634,1,58635,13,58636,26,58629.5,0.0
1,83900,PICNIC_BASKET2,30261,14,30260,26,,,30266,1,30267,39,,,30263.5,0.0
1,83900,CROISSANTS,4271,149,,,,,4272,149,,,,,4271.5,0.0
1,83900,JAMS,6524,240,,,,,6526,240,,,,,6525.0,0.0
1,83900,DJEMBES,13376,63,,,,,13377,26,13378,37,,,13376.5,0.0
1,83900,KELP,2033,26,,,,,2035,1,2036,26,,,2034.0,30.5390625
1,84000,DJEMBES,13376,63,,,,,13377,30,13378,33,,,13376.5,0.0
1,84000,RAINFOREST_RESIN,9992,34,,,,,10008,34,,,,,10000.0,93.0
1,84000,CROISSANTS,4271,128,,,,,4272,65,4273,63,,,4271.5,0.0
1,84000,JAMS,6525,63,6524,182,,,6526,63,6527,182,,,6525.5,0.0
1,84000,PICNIC_BASKET1,58631,14,58630,30,,,58642,14,58643,30,,,58636.5,0.0
1,84000,PICNIC_BASKET2,30267,44,,,,,30273,14,30274,30,,,30270.0,0.0
1,84000,KELP,2032,23,,,,,2036,23,,,,,2034.0,39.140625
1,84000,SQUID_INK,1895,23,,,,,1898,23,,,,,1896.5,-1509.4453125
1,84100,KELP,2033,2,2032,24,,,2036,26,,,,,2034.5,38.265625
1,84100,CROISSANTS,4271,126,,,,,4273,126,,,,,4272.0,0.0
1,84100,JAMS,6526,66,6525,129,,,6527,66,6528,129,,,6526.5,0.0
1,84100,DJEMBES,13376,71,,,,,13377,71,,,,,13376.5,0.0
1,84100,RAINFOREST_RESIN,9992,35,,,,,10008,35,,,,,10000.0,93.0
1,84100,SQUID_INK,1897,2,1896,24,,,1900,26,,,,,1898.5,-1581.625
1,84100,PICNIC_BASKET1,58646,3,58637,2,58636,18,58647,18,58648,27,,,58646.5,0.0
1,84100,PICNIC_BASKET2,30278,5,30273,20,30272,27,30279,20,30280,27,,,30278.5,0.0
1,84200,KELP,2033,2,2032,27,,,2034,3,2036,29,,,2033.5,39.7734375
1,84200,CROISSANTS,4272,55,4271,92,,,4273,147,,,,,4272.5,0.0
1,84200,JAMS,6526,200,,,,,6527,92,6528,108,,,6526.5,0.0
1,84200,SQUID_INK,1895,29,,,,,1897,3,1898,29,,,1896.0,-1505.3515625
1,84200,PICNIC_BASKET1,58640,2,58639,14,58638,21,58649,2,58650,14,58651,21,58644.5,0.0
1,84200,PICNIC_BASKET2,30274,2,30273,35,,,30279,16,30280,21,,,30276.5,0.0
1,84200,DJEMBES,13376,59,,,,,13377,59,,,,,13376.5,0.0
1,84200,RAINFOREST_RESIN,9992,26,,,,,10008,26,,,,,10000.0,93.0
1,84300,RAINFOREST_RESIN,9992,34,,,,,9999,1,10008,34,,,9995.5,93.0
1,84300,SQUID_INK,1898,1,1896,27,,,1899,27,,,,,1898.5,-1562.5234375
1,84300,PICNIC_BASKET1,58641,2,58640,32,,,58651,19,58652,15,,,58646.0,0.0
1,84300,PICNIC_BASKET2,30276,19,30275,15,,,30281,2,30282,32,,,30278.5,0.0
1,84300,KELP,2035,1,2033,2,2032,25,2036,27,,,,,2035.5,37.2265625
1,84300,CROISSANTS,4272,43,4271,75,,,4273,118,,,,,4272.5,0.0
1,84300,JAMS,6526,198,,,,,6528,198,,,,,6527.0,0.0
1,84300,DJEMBES,13376,15,13375,49,,,13377,64,,,,,13376.5,0.0
1,84400,DJEMBES,13376,52,,,,,13377,52,,,,,13376.5,0.0
1,84400,RAINFOREST_RESIN,9992,31,,,,,10008,31,,,,,10000.0,63.0
1,84400,KELP,2032,29,,,,,2034,8,2036,29,,,2033.0,49.5078125
1,84400,CROISSANTS,4272,9,4271,100,,,4273,100,,,,,4272.5,0.0
1,84400,JAMS,6526,188,,,,,6528,188,,,,,6527.0,0.0
1,84400,SQUID_INK,1896,29,,,,,1898,8,1899,29,,,1897.0,-1540.28125
1,84400,PICNIC_BASKET1,58648,10,58647,20,,,58659,10,58660,20,,,58653.5,0.0
1,84400,PICNIC_BASKET2,30273,30,,,,,30279,10,30280,20,,,30276.0,0.0
1,84500,KELP,2032,30,,,,,2034,3,2036,30,,,2033.0,50.8125
1,84500,CROISSANTS,4271,135,,,,,4273,135,,,,,4272.0,0.0
1,84500,JAMS,6526,231,,,,,6528,231,,,,,6527.0,0.0
1,84500,DJEMBES,13377,18,13376,47,,,13378,65,,,,,13377.5,0.0
1,84500,RAINFOREST_RESIN,9992,30,,,,,10008,30,,,,,10000.0,63.0
1,84500,SQUID_INK,1896,30,,,,,1898,3,1899,30,,,1897.0,-1558.046875
1,84500,PICNIC_BASKET1,58645,1,58644,15,58643,18,58654,1,58655,15,58656,18,58649.5,0.0
1,84500,PICNIC_BASKET2,30277,16,30276,18,,,30282,1,30283,33,,,30279.5,0.0
1,84600,KELP,2032,30,,,,,2036,30,,,,,2034.0,52.8984375
1,84600,CROISSANTS,4272,50,4271,63,,,4273,113,,,,,4272.5,0.0
1,84600,JAMS,6526,208,,,,,6528,208,,,,,6527.0,0.0
1,84600,SQUID_INK,1894,30,,,,,1897,30,,,,,1895.5,-1459.9453125
1,84600,PICNIC_BASKET1,58643,2,58642,20,58641,25,58652,2,58653,45,,,58647.5,0.0
1,84600,PICNIC_BASKET2,30278,22,30277,25,,,30283,2,30284,45,,,30280.5,0.0
1,84600,DJEMBES,13379,65,,,,,13380,65,,,,,13379.5,0.0
1,84600,RAINFOREST_RESIN,9992,27,,,,,10008,27,,,,,10000.0,63.0
1,84700,RAINFOREST_RESIN,9992,32,,,,,10008,32,,,,,10000.0,63.0
1,84700,SQUID_INK,1895,27,,,,,1898,22,,,,,1896.5,-1495.6171875
1,84700,PICNIC_BASKET2,30284,4,30281,29,,,30287,13,30288,16,,,30285.5,0.0
1,84700,PICNIC_BASKET1,58649,4,58645,2,58644,11,58654,2,58655,11,58656,16,58651.5,0.0
1,84700,DJEMBES,13378,60,,,,,13380,60,,,,,13379.0,0.0
1,84700,KELP,2033,5,2032,22,,,2035,2,2036,20,,,2034.0,54.9296875
1,84700,CROISSANTS,4272,140,,,,,4274,140,,,,,4273.0,0.0
1,84700,JAMS,6526,238,,,,,6527,88,6528,154,,,6526.5,0.0
1,84800,DJEMBES,13378,54,,,,,13380,54,,,,,13379.0,0.0
1,84800,RAINFOREST_RESIN,9992,25,,,,,10008,25,,,,,10000.0,63.0
1,84800,KELP,2032,22,,,,,2035,22,,,,,2033.5,59.5703125
1,84800,SQUID_INK,1895,22,,,,,1898,22,,,,,1896.5,-1511.4609375
1,84800,PICNIC_BASKET2,30284,5,30283,18,,,30286,4,30290,31,,,30285.0,0.0
1,84800,PICNIC_BASKET1,58641,31,,,,,58642,8,58646,4,58652,13,58641.5,0.0
1,84800,CROISSANTS,4272,122,,,,,4274,132,,,,,4273.0,0.0
1,84800,JAMS,6526,92,6525,127,,,6527,84,6528,127,,,6526.5,0.0
1,84900,DJEMBES,13378,28,13377,43,,,13379,71,,,,,13378.5,0.0
1,84900,KELP,2032,22,,,,,2035,1,2036,21,,,2033.5,58.0078125
1,84900,CROISSANTS,4272,43,4271,77,,,4273,120,,,,,4272.5,0.0
1,84900,JAMS,6526,77,6525,194,,,6527,77,6528,194,,,6526.5,0.0
1,84900,RAINFOREST_RESIN,9992,34,,,,,10008,34,,,,,10000.0,63.0
1,84900,SQUID_INK,1895,22,,,,,1898,22,,,,,1896.5,-1495.8828125
1,84900,PICNIC_BASKET2,30282,1,30281,42,,,30287,1,30288,42,,,30284.5,0.0
1,84900,PICNIC_BASKET1,58632,1,58631,14,58630,28,58641,1,58642,14,58643,28,58636.5,0.0
1,85000,KELP,2032,29,,,,,2035,29,,,,,2033.5,59.5234375
1,85000,SQUID_INK,1894,29,,,,,1897,29,,,,,1895.5,-1435.2578125
1,85000,PICNIC_BASKET2,30279,14,30278,22,,,30285,36,,,,,30282.0,0.0
1,85000,PICNIC_BASKET1,58624,14,58623,22,,,58635,14,58636,22,,,58629.5,0.0
1,85000,CROISSANTS,4272,51,4271,58,,,4273,109,,,,,4272.5,0.0
1,85000,JAMS,6525,182,,,,,6527,190,,,,,6526.0,0.0
1,85000,DJEMBES,13378,22,13377,47,,,13379,69,,,,,13378.5,0.0
1,85000,RAINFOREST_RESIN,9992,30,,,,,9998,4,10008,30,,,9995.0,63.0
1,85100,RAINFOREST_RESIN,9992,28,,,,,10008,28,,,,,10000.0,55.0
1,85100,SQUID_INK,1895,23,,,,,1896,7,1898,23,,,1895.5,-1485.4296875
1,85100,PICNIC_BASKET2,30278,7,30276,12,30275,16,30282,28,,,,,30280.0,0.0
1,85100,PICNIC_BASKET1,58625,7,58620,28,,,58631,12,58632,16,,,58628.0,0.0
1,85100,DJEMBES,13376,52,,,,,13377,52,,,,,13376.5,0.0
1,85100,KELP,2032,23,,,,,2034,7,2035,23,,,2033.0,70.671875
1,85100,CROISSANTS,4271,112,,,,,4272,112,,,,,4271.5,0.0
1,85100,JAMS,6525,225,,,,,6527,225,,,,,6526.0,0.0
1,85200,DJEMBES,13376,63,,,,,13378,63,,,,,13377.0,0.0
1,85200,RAINFOREST_RESIN,9992,35,,,,,10008,35,,,,,10000.0,55.0
1,85200,SQUID_INK,1895,21,,,,,1897,1,1898,21,,,1896.0,-1506.9140625
1,85200,KELP,2032,21,,,,,2034,1,2035,21,,,2033.0,71.796875
1,85200,PICNIC_BASKET2,30274,12,30273,26,,,30280,38,,,,,30277.0,0.0
1,85200,PICNIC_BASKET1,58622,12,58621,26,,,58633,12,58634,26,,,58627.5,0.0
1,85200,CROISSANTS,4271,123,,,,,4272,123,,,,,4271.5,0.0
1,85200,JAMS,6525,249,,,,,6527,249,,,,,6526.0,0.0
1,85300,DJEMBES,13376,50,,,,,13378,50,,,,,13377.0,0.0
1,85300,KELP,2032,30,,,,,2034,3,2035,30,,,2033.0,69.2890625
1,85300,CROISSANTS,4271,108,,,,,4273,108,,,,,4272.0,0.0
1,85300,JAMS,6525,180,,,,,6527,180,,,,,6526.0,0.0
1,85300,RAINFOREST_RESIN,9992,26,,,,,10008,26,,,,,10000.0,55.0
1,85300,SQUID_INK,1894,30,,,,,1896,3,1897,1,1898,29,1895.0,-1470.6484375
1,85300,PICNIC_BASKET2,30274,1,30273,29,,,30279,13,30280,17,,,30276.5,0.0
1,85300,PICNIC_BASKET1,58629,1,58628,12,58627,17,58638,1,58639,12,58640,17,58633.5,0.0
1,85400,SQUID_INK,1895,22,,,,,1898,22,,,,,1896.5,-1511.9921875
1,85400,KELP,2032,22,,,,,2036,22,,,,,2034.0,57.6484375
1,85400,PICNIC_BASKET2,30277,3,30275,10,30274,16,30281,26,,,,,30279.0,0.0
1,85400,PICNIC_BASKET1,58632,3,58627,10,58626,16,58638,10,58639,16,,,58635.0,0.0
1,85400,CROISSANTS,4272,57,4271,76,,,4273,133,,,,,4272.5,0.0
1,85400,JAMS,6525,217,,,,,6527,217,,,,,6526.0,0.0
1,85400,DJEMBES,13376,46,,,,,13377,16,13378,30,,,13376.5,0.0
1,85400,RAINFOREST_RESIN,10001,1,9992,25,,,10008,25,,,,,10004.5,55.0
1,85500,RAINFOREST_RESIN,9992,32,,,,,10008,32,,,,,10000.0,53.0
1,85500,SQUID_INK,1895,3,1894,37,,,1897,31,,,,,1896.0,-1460.3359375
1,85500,PICNIC_BASKET2,30275,39,,,,,30281,17,30282,22,,,30278.0,0.0
1,85500,PICNIC_BASKET1,58627,1,58626,16,58625,22,58636,1,58637,16,58638,22,58631.5,0.0
1,85500,DJEMBES,13376,62,,,,,13378,62,,,,,13377.0,0.0
1,85500,KELP,2033,3,2032,37,,,2035,31,,,,,2034.0,62.796875
1,85500,CROISSANTS,4272,56,4271,81,,,4273,137,,,,,4272.5,0.0
1,85500,JAMS,6525,220,,,,,6527,220,,,,,6526.0,0.0
1,85600,DJEMBES,13377,61,,,,,13379,61,,,,,13378.0,0.0
1,85600,RAINFOREST_RESIN,9992,25,,,,,10008,25,,,,,10000.0,63.0
1,85600,SQUID_INK,1894,29,,,,,1896,2,1897,29,,,1895.0,-1457.9453125
1,85600,KELP,2032,29,,,,,2034,2,2035,29,,,2033.0,62.25
1,85600,PICNIC_BASKET2,30272,39,,,,,30278,14,30279,25,,,30275.0,0.0
1,85600,PICNIC_BASKET1,58620,14,58619,25,,,58631,14,58632,25,,,58625.5,0.0
1,85600,CROISSANTS,4271,136,,,,,4272,42,4273,94,,,4271.5,0.0
1,85600,JAMS,6525,273,,,,,6527,273,,,,,6526.0,0.0
1,85700,DJEMBES,13379,63,,,,,13380,63,,,,,13379.5,0.0
1,85700,KELP,2032,24,,,,,2035,24,,,,,2033.5,59.671875
1,85700,CROISSANTS,4271,139,,,,,4272,60,4273,79,,,4271.5,0.0
1,85700,JAMS,6525,260,,,,,6527,260,,,,,6526.0,0.0
1,85700,RAINFOREST_RESIN,9992,30,,,,,10008,30,,,,,10000.0,63.0
1,85700,SQUID_INK,1895,24,,,,,1898,24,,,,,1896.5,-1494.84375
1,85700,PICNIC_BASKET2,30273,19,30272,15,,,30279,34,,,,,30276.0,0.0
1,85700,PICNIC_BASKET1,58625,2,58624,17,58623,15,58634,2,58635,17,58636,15,58629.5,0.0
1,85800,SQUID_INK,1897,30,,,,,1900,28,,,,,1898.5,-1584.1640625
1,85800,PICNIC_BASKET1,58618,10,58617,15,,,58629,10,58630,15,,,58623.5,0.0
1,85800,PICNIC_BASKET2,30270,25,,,,,30276,10,30277,15,,,30273.0,0.0
1,85800,KELP,2032,30,,,,,2035,28,,,,,2033.5,63.1953125
1,85800,JAMS,6525,85,6524,143,,,6526,85,6527,143,,,6525.5,0.0
1,85800,CROISSANTS,4271,133,,,,,4272,43,4273,85,,,4271.5,0.0
1,85800,DJEMBES,13379,47,,,,,13380,15,13381,32,,,13379.5,0.0
1,85800,RAINFOREST_RESIN,9992,31,,,,,10008,31,,,,,10000.0,63.0
1,85900,RAINFOREST_RESIN,9992,32,,,,,10008,32,,,,,10000.0,63.0
1,85900,SQUID_INK,1896,22,,,,,1900,22,,,,,1898.0,-1575.53125
1,85900,PICNIC_BASKET1,58625,7,58621,2,58620,41,58631,22,58632,21,,,58628.0,0.0
1,85900,PICNIC_BASKET2,30273,7,30271,2,30270,41,30276,22,30277,21,,,30274.5,0.0
1,85900,DJEMBES,13379,64,,,,,13380,21,13381,43,,,13379.5,0.0
1,85900,KELP,2032,22,,,,,2035,22,,,,,2033.5,65.765625
1,85900,CROISSANTS,4272,65,4271,59,,,4273,124,,,,,4272.5,0.0
1,85900,JAMS,6524,184,,,,,6526,184,,,,,6525.0,0.0
1,86000,DJEMBES,13379,79,,,,,13380,79,,,,,13379.5,0.0
1,86000,RAINFOREST_RESIN,9992,27,,,,,10008,27,,,,,10000.0,69.0
1,86000,SQUID_INK,1897,31,,,,,1900,31,,,,,1898.5,-1617.6171875
1,86000,PICNIC_BASKET1,58622,1,58618,2,58617,10,58627,2,58628,10,58629,29,58624.5,0.0
1,86000,PICNIC_BASKET2,30272,1,30270,12,30269,29,30276,41,,,,,30274.0,0.0
1,86000,KELP,2032,31,,,,,2035,31,,,,,2033.5,68.8125
1,86000,CROISSANTS,4272,98,,,,,4273,98,,,,,4272.5,0.0
1,86000,JAMS,6524,183,,,,,6526,183,,,,,6525.0,0.0
1,86100,DJEMBES,13379,72,,,,,13380,72,,,,,13379.5,0.0
1,86100,KELP,2032,21,,,,,2035,21,,,,,2033.5,71.359375
1,86100,CROISSANTS,4272,38,4271,73,,,4273,111,,,,,4272.5,0.0
1,86100,JAMS,6524,73,6523,109,,,6525,73,6526,109,,,6524.5,0.0
1,86100,RAINFOREST_RESIN,9992,27,,,,,9998,4,9999,1,10008,27,9995.0,69.0
1,86100,SQUID_INK,1897,21,,,,,1901,21,,,,,1899.0,-1623.3046875
1,86100,PICNIC_BASKET1,58613,17,58612,30,,,58624,17,58625,30,,,58618.5,0.0
1,86100,PICNIC_BASKET2,30267,47,,,,,30273,17,30274,30,,,30270.0,0.0
1,86200,SQUID_INK,1897,27,,,,,1900,2,1901,25,,,1898.5,-1623.5859375
1,86200,PICNIC_BASKET1,58610,2,58609,35,,,58620,15,58621,22,,,58615.0,0.0
1,86200,PICNIC_BASKET2,30266,37,,,,,30272,15,30273,22,,,30269.0,0.0
1,86200,KELP,2032,27,,,,,2035,27,,,,,2033.5,70.3359375
1,86200,CROISSANTS,4272,157,,,,,4273,152,,,,,4272.5,0.0
1,86200,JAMS,6523,256,,,,,6525,256,,,,,6524.0,0.0
1,86200,DJEMBES,13379,56,,,,,13380,56,,,,,13379.5,0.0
1,86200,RAINFOREST_RESIN,9992,25,,,,,10008,25,,,,,10000.0,69.0
1,86300,RAINFOREST_RESIN,9992,30,,,,,10008,30,,,,,10000.0,69.0
1,86300,PICNIC_BASKET1,58614,3,58610,2,58609,11,58619,2,58620,11,58621,26,58616.5,0.0
1,86300,PICNIC_BASKET2,30269,3,30267,13,30266,26,30272,2,30273,37,,,30270.5,0.0
1,86300,SQUID_INK,1898,29,,,,,1901,26,,,,,1899.5,-1643.703125
1,86300,KELP,2032,29,,,,,2035,26,,,,,2033.5,66.265625
1,86300,DJEMBES,13379,61,,,,,13380,61,,,,,13379.5,0.0
1,86300,CROISSANTS,4272,39,4271,84,,,4273,123,,,,,4272.5,0.0
1,86300,JAMS,6523,249,,,,,6525,249,,,,,6524.0,0.0
1,86400,DJEMBES,13378,62,,,,,13379,62,,,,,13378.5,0.0
1,86400,RAINFOREST_RESIN,9992,30,,,,,10008,30,,,,,10000.0,69.0
1,86400,PICNIC_BASKET1,58608,1,58607,11,58606,23,58617,1,58618,11,58619,23,58612.5,0.0
1,86400,PICNIC_BASKET2,30265,35,,,,,30271,12,30272,23,,,30268.0,0.0
1,86400,CROISSANTS,4272,36,4271,76,,,4273,112,,,,,4272.5,0.0
1,86400,JAMS,6523,258,,,,,6525,258,,,,,6524.0,0.0
1,86400,SQUID_INK,1898,23,,,,,1901,23,,,,,1899.5,-1657.5703125
1,86400,KELP,2032,23,,,,,2035,23,,,,,2033.5,68.7734375
1,86500,KELP,2032,37,,,,,2033,3,2035,29,,,2032.5,66.7890625
1,86500,DJEMBES,13378,55,,,,,13379,55,,,,,13378.5,0.0
1,86500,CROISSANTS,4272,117,,,,,4273,117,,,,,4272.5,0.0
1,86500,JAMS,6523,225,,,,,6525,225,,,,,6524.0,0.0
1,86500,RAINFOREST_RESIN,9992,32,,,,,10008,32,,,,,10000.0,69.0
1,86500,PICNIC_BASKET1,58608,1,58607,11,58606,24,58617,1,58618,11,58619,24,58612.5,0.0
1,86500,PICNIC_BASKET2,30267,12,30266,24,,,30273,12,30274,24,,,30270.0,0.0
1,86500,SQUID_INK,1899,5,1898,29,,,1901,29,,,,,1900.0,-1668.875
1,86600,PICNIC_BASKET1,58606,2,58605,17,58604,22,58615,2,58616,17,58617,22,58610.5,0.0
1,86600,PICNIC_BASKET2,30269,19,30268,22,,,30274,2,30275,39,,,30271.5,0.0
1,86600,CROISSANTS,4272,134,,,,,4273,38,4274,96,,,4272.5,0.0
1,86600,JAMS,6522,277,,,,,6524,277,,,,,6523.0,0.0
1,86600,SQUID_INK,1898,23,,,,,1900,2,1901,23,,,1899.0,-1659.8671875
1,86600,KELP,2032,23,,,,,2034,2,2035,23,,,2033.0,66.765625
1,86600,DJEMBES,13378,22,13377,39,,,13379,61,,,,,13378.5,0.0
1,86600,RAINFOREST_RESIN,9992,27,,,,,10008,27,,,,,10000.0,69.0
1,86700,RAINFOREST_RESIN,9992,31,,,,,10008,31,,,,,10000.0,69.0
1,86700,PICNIC_BASKET1,58604,34,,,,,58605,2,58615,13,58616,21,58604.5,0.0
1,86700,PICNIC_BASKET2,30270,34,,,,,30271,2,30277,34,,,30270.5,0.0
1,86700,SQUID_INK,1900,1,1898,25,,,1901,25,,,,,1900.5,-1633.171875
1,86700,KELP,2034,1,2032,25,,,2035,25,,,,,2034.5,62.15625
1,86700,DJEMBES,13376,62,,,,,13377,21,13378,41,,,13376.5,0.0
1,86700,CROISSANTS,4272,122,,,,,4273,58,4274,64,,,4272.5,0.0
1,86700,JAMS,6522,246,,,,,6524,246,,,,,6523.0,0.0
1,86800,RAINFOREST_RESIN,9992,35,,,,,10008,35,,,,,10000.0,69.0
1,86800,PICNIC_BASKET1,58610,2,58609,20,58608,17,58619,2,58620,20,58621,17,58614.5,0.0
1,86800,PICNIC_BASKET2,30277,22,30276,17,,,30282,2,30283,37,,,30279.5,0.0
1,86800,CROISSANTS,4273,121,,,,,4274,121,,,,,4273.5,0.0
1,86800,JAMS,6522,228,,,,,6524,228,,,,,6523.0,0.0
1,86800,SQUID_INK,1896,30,,,,,1899,30,,,,,1897.5,-1548.078125
1,86800,DJEMBES,13373,53,,,,,13375,53,,,,,13374.0,0.0
1,86800,KELP,2032,30,,,,,2035,30,,,,,2033.5,59.0390625
1,86900,JAMS,6523,72,6522,148,,,6524,72,6525,148,,,6523.5,0.0
1,86900,KELP,2033,2,2032,25,,,2035,1,2036,24,,,2034.0,56.4375
1,86900,CROISSANTS,4273,117,,,,,4274,117,,,,,4273.5,0.0
1,86900,RAINFOREST_RESIN,9992,28,,,,,10008,28,,,,,10000.0,69.0
1,86900,DJEMBES,13373,65,,,,,13375,65,,,,,13374.0,0.0
1,86900,PICNIC_BASKET2,30276,16,30275,23,,,30281,1,30282,38,,,30278.5,0.0
1,86900,PICNIC_BASKET1,58611,16,58610,23,,,58621,1,58622,38,,,58616.0,0.0
1,86900,SQUID_INK,1897,27,,,,,1900,25,,,,,1898.5,-1608.0
1,87000,PICNIC_BASKET2,30280,1,30279,31,,,30285,12,30286,20,,,30282.5,0.0
1,87000,PICNIC_BASKET1,58607,1,58606,11,58605,20,58616,1,58617,11,58618,20,58611.5,0.0
1,87000,SQUID_INK,1897,22,,,,,1898,4,1900,26,,,1897.5,-1586.625
1,87000,CROISSANTS,4273,104,,,,,4274,104,,,,,4273.5,0.0
1,87000,JAMS,6523,61,6522,129,,,6524,61,6525,129,,,6523.5,0.0
1,87000,DJEMBES,13373,20,13372,32,,,13374,52,,,,,13373.5,0.0
1,87000,KELP,2032,26,,,,,2033,4,2034,4,2036,26,2032.5,44.7109375
1,87000,RAINFOREST_RESIN,9997,8,9992,34,,,10008,34,,,,,10002.5,69.0
1,87100,RAINFOREST_RESIN,10002,3,9992,29,,,10008,29,,,,,10005.0,69.0
1,87100,DJEMBES,13373,27,13372,34,,,13374,61,,,,,13373.5,0.0
1,87100,PICNIC_BASKET2,30279,1,30278,42,,,30284,16,30285,27,,,30281.5,0.0
1,87100,PICNIC_BASKET1,58606,1,58605,15,58604,27,58615,1,58616,15,58617,27,58610.5,0.0
1,87100,SQUID_INK,1896,24,,,,,1897,3,1898,7,1899,24,1896.5,-1568.6015625
1,87100,CROISSANTS,4273,130,,,,,4274,130,,,,,4273.5,0.0
1,87100,JAMS,6522,181,,,,,6524,181,,,,,6523.0,0.0
1,87100,KELP,2032,24,,,,,2033,3,2034,7,2036,24,2032.5,52.4375
1,87200,RAINFOREST_RESIN,9992,29,,,,,10008,29,,,,,10000.0,69.0
1,87200,PICNIC_BASKET2,30277,2,30276,31,,,30282,2,30283,31,,,30279.5,0.0
1,87200,PICNIC_BASKET1,58607,2,58606,13,58605,18,58616,2,58617,13,58618,18,58611.5,0.0
1,87200,SQUID_INK,1898,26,,,,,1901,26,,,,,1899.5,-1658.828125
1,87200,CROISSANTS,4273,129,,,,,4274,47,4275,82,,,4273.5,0.0
1,87200,JAMS,6522,281,,,,,6524,277,,,,,6523.0,0.0
1,87200,DJEMBES,13373,61,,,,,13374,61,,,,,13373.5,0.0
1,87200,KELP,2032,26,,,,,2036,26,,,,,2034.0,48.3359375
1,87300,CROISSANTS,4273,129,,,,,4274,129,,,,,4273.5,0.0
1,87300,JAMS,6521,191,,,,,6522,11,6523,191,,,6521.5,0.0
1,87300,KELP,2032,28,,,,,2036,28,,,,,2034.0,47.34375
1,87300,RAINFOREST_RESIN,9992,31,,,,,10008,31,,,,,10000.0,69.0
1,87300,DJEMBES,13372,56,,,,,13373,15,13374,41,,,13372.5,0.0
1,87300,PICNIC_BASKET2,30275,13,30274,15,,,30281,28,,,,,30278.0,0.0
1,87300,PICNIC_BASKET1,58600,13,58599,15,,,58611,13,58612,15,,,58605.5,0.0
1,87300,SQUID_INK,1897,28,,,,,1901,28,,,,,1899.0,-1629.0078125
1,87400,PICNIC_BASKET2,30276,2,30275,39,,,30281,16,30282,25,,,30278.5,0.0
1,87400,PICNIC_BASKET1,58606,2,58605,14,58604,25,58615,2,58616,14,58617,25,58610.5,0.0
1,87400,SQUID_INK,1897,28,,,,,1900,24,,,,,1898.5,-1602.4921875
1,87400,CROISSANTS,4273,136,,,,,4274,54,4275,82,,,4273.5,0.0
1,87400,JAMS,6521,247,,,,,6523,247,,,,,6522.0,0.0
1,87400,DJEMBES,13372,70,,,,,13374,70,,,,,13373.0,0.0
1,87400,KELP,2033,4,2032,24,,,2035,2,2036,22,,,2034.0,54.1015625
1,87400,RAINFOREST_RESIN,9992,33,,,,,10008,33,,,,,10000.0,69.0
1,87500,RAINFOREST_RESIN,9992,26,,,,,10008,26,,,,,10000.0,69.0
1,87500,DJEMBES,13373,71,,,,,13375,71,,,,,13374.0,0.0
1,87500,PICNIC_BASKET2,30274,16,30273,25,,,30279,2,30280,39,,,30276.5,0.0
1,87500,PICNIC_BASKET1,58604,2,58603,14,58602,25,58613,2,58614,14,58615,25,58608.5,0.0
1,87500,SQUID_INK,1896,28,,,,,1899,28,,,,,1897.5,-1553.6328125
1,87500,CROISSANTS,4273,126,,,,,4274,126,,,,,4273.5,0.0
1,87500,JAMS,6521,259,,,,,6523,259,,,,,6522.0,0.0
1,87500,KELP,2032,28,,,,,2035,2,2036,26,,,2033.5,58.6953125
1,87600,RAINFOREST_RESIN,10001,1,9992,27,,,10008,27,,,,,10004.5,69.0
1,87600,PICNIC_BASKET2,30273,1,30272,36,,,30278,20,30279,17,,,30275.5,0.0
1,87600,PICNIC_BASKET1,58600,1,58599,19,58598,17,58609,1,58610,19,58611,17,58604.5,0.0
1,87600,SQUID_INK,1896,26,,,,,1899,26,,,,,1897.5,-1536.328125
1,87600,CROISSANTS,4272,141,,,,,4274,141,,,,,4273.0,0.0
1,87600,JAMS,6521,273,,,,,6523,273,,,,,6522.0,0.0
1,87600,DJEMBES,13372,59,,,,,13373,59,,,,,13372.5,0.0
1,87600,KELP,2032,26,,,,,2035,1,2036,25,,,2033.5,55.1484375
1,87700,CROISSANTS,4272,119,,,,,4274,119,,,,,4273.0,0.0
1,87700,JAMS,6521,259,,,,,6523,259,,,,,6522.0,0.0
1,87700,KELP,2033,1,2032,22,,,2036,23,,,,,2034.5,41.859375
1,87700,RAINFOREST_RESIN,9992,35,,,,,10008,35,,,,,10000.0,69.0
1,87700,DJEMBES,13371,54,,,,,13372,15,13373,39,,,13371.5,0.0
1,87700,PICNIC_BASKET2,30278,8,30273,12,30272,15,30279,12,30280,15,,,30278.5,0.0
1,87700,PICNIC_BASKET1,58606,8,58598,1,58597,11,58607,1,58608,11,58609,15,58606.5,0.0
1,87700,SQUID_INK,1897,23,,,,,1901,23,,,,,1899.0,-1627.3515625
1,87800,PICNIC_BASKET2,30271,20,30270,26,,,30276,1,30277,45,,,30273.5,0.0
1,87800,PICNIC_BASKET1,58601,1,58600,19,58599,26,58610,1,58611,19,58612,26,58605.5,0.0
1,87800,SQUID_INK,1897,23,,,,,1900,23,,,,,1898.5,-1587.0078125
1,87800,CROISSANTS,4272,142,,,,,4273,61,4274,81,,,4272.5,0.0
1,87800,JAMS,6522,81,6521,147,,,6523,81,6524,147,,,6522.5,0.0
1,87800,DJEMBES,13371,71,,,,,13372,26,13373,45,,,13371.5,0.0
1,87800,KELP,2032,23,,,,,2036,23,,,,,2034.0,43.3515625
1,87800,RAINFOREST_RESIN,9992,28,,,,,10008,28,,,,,10000.0,69.0
1,87900,RAINFOREST_RESIN,9992,28,,,,,10008,28,,,,,10000.0,69.0
1,87900,DJEMBES,13371,76,,,,,13372,28,13373,48,,,13371.5,0.0
1,87900,PICNIC_BASKET2,30271,16,30270,28,,,30276,1,30277,43,,,30273.5,0.0
1,87900,PICNIC_BASKET1,58595,1,58594,43,,,58605,16,58606,28,,,58600.0,0.0
1,87900,SQUID_INK,1895,23,,,,,1898,24,,,,,1896.5,-1499.9921875
1,87900,CROISSANTS,4272,118,,,,,4274,118,,,,,4273.0,0.0
1,87900,JAMS,6522,60,6521,193,,,6523,60,6524,193,,,6522.5,0.0
1,87900,KELP,2032,24,,,,,2033,1,2036,24,,,2032.5,43.5
1,88000,RAINFOREST_RESIN,9992,31,,,,,10008,31,,,,,10000.0,69.0
1,88000,PICNIC_BASKET1,58600,1,58599,18,58598,23,58609,1,58610,41,,,58604.5,0.0
1,88000,PICNIC_BASKET2,30273,1,30272,41,,,30278,19,30279,23,,,30275.5,0.0
1,88000,SQUID_INK,1896,34,,,,,1899,27,,,,,1897.5,-1545.9453125
1,88000,JAMS,6522,96,6521,136,,,6523,99,6524,136,,,6522.5,0.0
1,88000,CROISSANTS,4273,160,,,,,4274,160,,,,,4273.5,0.0
1,88000,DJEMBES,13371,59,,,,,13372,23,13373,41,,,13371.5,0.0
1,88000,KELP,2033,7,2032,27,,,2036,27,,,,,2034.5,46.0234375
1,88100,JAMS,6522,54,6521,174,,,6523,54,6524,174,,,6522.5,0.0
1,88100,CROISSANTS,4274,46,4273,54,,,4275,100,,,,,4274.5,0.0
1,88100,PICNIC_BASKET1,58602,1,58601,10,58600,18,58611,1,58612,10,58613,18,58606.5,0.0
1,88100,PICNIC_BASKET2,30277,11,30276,18,,,30282,1,30283,28,,,30279.5,0.0
1,88100,KELP,2032,26,,,,,2035,1,2036,25,,,2033.5,57.1796875
1,88100,RAINFOREST_RESIN,9992,33,,,,,9999,1,10008,33,,,9995.5,69.0
1,88100,DJEMBES,13370,58,,,,,13372,58,,,,,13371.0,0.0
1,88100,SQUID_INK,1896,26,,,,,1899,26,,,,,1897.5,-1562.625
1,88200,SQUID_INK,1896,1,1895,20,,,1899,21,,,,,1897.5,-1530.8125
1,88200,RAINFOREST_RESIN,9992,25,,,,,10003,3,10008,25,,,9997.5,69.0
1,88200,CROISSANTS,4274,126,,,,,4275,126,,,,,4274.5,0.0
1,88200,JAMS,6522,259,,,,,6524,259,,,,,6523.0,0.0
1,88200,DJEMBES,13370,24,13369,37,,,13371,61,,,,,13370.5,0.0
1,88200,KELP,2032,21,,,,,2035,21,,,,,2033.5,61.2421875
1,88200,PICNIC_BASKET1,58607,1,58606,17,58605,24,58616,1,58617,17,58618,24,58611.5,0.0
1,88200,PICNIC_BASKET2,30281,42,,,,,30287,18,30288,24,,,30284.0,0.0
1,88300,DJEMBES,13368,65,,,,,13370,65,,,,,13369.0,0.0
1,88300,SQUID_INK,1895,2,1894,27,,,1898,29,,,,,1896.5,-1482.8203125
1,88300,CROISSANTS,4274,95,,,,,4275,95,,,,,4274.5,0.0
1,88300,JAMS,6522,172,,,,,6524,172,,,,,6523.0,0.0
1,88300,PICNIC_BASKET1,58607,2,58606,19,58605,15,58616,2,58617,19,58618,15,58611.5,0.0
1,88300,PICNIC_BASKET2,30283,2,30282,34,,,30288,21,30289,15,,,30285.5,0.0
1,88300,KELP,2032,29,,,,,2035,29,,,,,2033.5,64.25
1,88300,RAINFOREST_RESIN,9992,27,,,,,10008,27,,,,,10000.0,69.0
1,88400,PICNIC_BASKET1,58611,1,58610,12,58609,24,58620,1,58621,12,58622,24,58615.5,0.0
1,88400,PICNIC_BASKET2,30279,1,30278,36,,,30284,1,30285,36,,,30281.5,0.0
1,88400,SQUID_INK,1895,26,,,,,1897,2,1898,26,,,1896.0,-1500.8203125
1,88400,RAINFOREST_RESIN,9992,31,,,,,9999,1,10008,31,,,9995.5,85.0
1,88400,CROISSANTS,4274,65,4273,83,,,4275,148,,,,,4274.5,0.0
1,88400,JAMS,6522,255,,,,,6524,255,,,,,6523.0,0.0
1,88400,DJEMBES,13368,24,13367,31,,,13369,55,,,,,13368.5,0.0
1,88400,KELP,2032,26,,,,,2034,2,2035,26,,,2033.0,62.515625
1,88500,KELP,2032,26,,,,,2035,26,,,,,2033.5,68.5078125
1,88500,CROISSANTS,4273,110,,,,,4274,8,4275,110,,,4273.5,0.0
1,88500,JAMS,6522,193,,,,,6524,193,,,,,6523.0,0.0
1,88500,SQUID_INK,1895,26,,,,,1898,26,,,,,1896.5,-1483.875
1,88500,PICNIC_BASKET1,58611,2,58610,12,58609,27,58620,2,58621,12,58622,27,58615.5,0.0
1,88500,PICNIC_BASKET2,30278,14,30277,27,,,30283,2,30284,39,,,30280.5,0.0
1,88500,RAINFOREST_RESIN,9992,29,,,,,10008,29,,,,,10000.0,61.0
1,88500,DJEMBES,13367,68,,,,,13369,68,,,,,13368.0,0.0
1,88600,RAINFOREST_RESIN,9992,31,,,,,10008,31,,,,,10000.0,61.0
1,88600,KELP,2034,1,2032,27,,,2035,27,,,,,2034.5,71.90625
1,88600,CROISSANTS,4273,106,,,,,4275,106,,,,,4274.0,0.0
1,88600,JAMS,6522,211,,,,,6523,3,6524,211,,,6522.5,0.0
1,88600,DJEMBES,13366,69,,,,,13367,69,,,,,13366.5,0.0
1,88600,SQUID_INK,1896,1,1894,1,1893,26,1897,27,,,,,1896.5,-1429.8359375
1,88600,PICNIC_BASKET1,58616,2,58612,1,58611,13,58621,1,58622,13,58623,24,58618.5,0.0
1,88600,PICNIC_BASKET2,30279,2,30277,1,30276,37,30282,14,30283,24,,,30280.5,0.0
1,88700,DJEMBES,13366,69,,,,,13367,21,13368,48,,,13366.5,0.0
1,88700,KELP,2032,21,,,,,2035,21,,,,,2033.5,81.6640625
1,88700,CROISSANTS,4273,135,,,,,4274,55,4275,80,,,4273.5,0.0
1,88700,JAMS,6522,279,,,,,6524,279,,,,,6523.0,0.0
1,88700,SQUID_INK,1894,21,,,,,1897,21,,,,,1895.5,-1435.390625
1,88700,PICNIC_BASKET1,58611,1,58610,17,58609,21,58620,1,58621,17,58622,21,58615.5,0.0
1,88700,PICNIC_BASKET2,30277,18,30276,21,,,30282,1,30283,38,,,30279.5,0.0
1,88700,RAINFOREST_RESIN,9992,28,,,,,10008,28,,,,,10000.0,61.0
1,88800,SQUID_INK,1893,24,,,,,1896,2,1897,22,,,1894.5,-1423.3359375
1,88800,PICNIC_BASKET1,58608,2,58607,10,58606,20,58617,2,58618,10,58619,20,58612.5,0.0
1,88800,PICNIC_BASKET2,30278,2,30277,30,,,30283,12,30284,20,,,30280.5,0.0
1,88800,RAINFOREST_RESIN,9992,31,,,,,10008,31,,,,,10000.0,61.0
1,88800,KELP,2032,2,2031,22,,,2035,24,,,,,2033.5,88.0078125
1,88800,CROISSANTS,4273,119,,,,,4274,119,,,,,4273.5,0.0
1,88800,JAMS,6522,213,,,,,6524,206,,,,,6523.0,0.0
1,88800,DJEMBES,13366,20,13365,33,,,13367,53,,,,,13366.5,0.0
1,88900,KELP,2032,26,,,,,2035,26,,,,,2033.5,86.96875
1,88900,CROISSANTS,4273,118,,,,,4274,36,4275,82,,,4273.5,0.0
1,88900,JAMS,6522,270,,,,,6524,270,,,,,6523.0,0.0
1,88900,SQUID_INK,1892,26,,,,,1896,26,,,,,1894.0,-1375.6484375
1,88900,PICNIC_BASKET1,58609,1,58608,13,58607,17,58618,1,58619,13,58620,17,58613.5,0.0
1,88900,PICNIC_BASKET2,30278,1,30277,30,,,30283,1,30284,30,,,30280.5,0.0
1,88900,RAINFOREST_RESIN,9992,35,,,,,10008,35,,,,,10000.0,61.0
1,88900,DJEMBES,13366,48,,,,,13368,48,,,,,13367.0,0.0
1,89000,RAINFOREST_RESIN,9992,27,,,,,10008,27,,,,,10000.0,61.0
1,89000,DJEMBES,13366,56,,,,,13368,56,,,,,13367.0,0.0
1,89000,KELP,2031,21,,,,,2035,21,,,,,2033.0,89.2890625
1,89000,CROISSANTS,4273,146,,,,,4275,138,,,,,4274.0,0.0
1,89000,JAMS,6522,184,,,,,6524,184,,,,,6523.0,0.0
1,89000,SQUID_INK,1893,21,,,,,1896,21,,,,,1894.5,-1384.40625
1,89000,PICNIC_BASKET1,58616,15,58615,22,,,58627,15,58628,22,,,58621.5,0.0
1,89000,PICNIC_BASKET2,30278,15,30277,22,,,30284,37,,,,,30281.0,0.0
1,89100,DJEMBES,13367,65,,,,,13368,25,13369,40,,,13367.5,0.0
1,89100,KELP,2031,30,,,,,2035,30,,,,,2033.0,89.4140625
1,89100,CROISSANTS,4273,120,,,,,4274,120,,,,,4273.5,0.0
1,89100,SQUID_INK,1892,30,,,,,1895,30,,,,,1893.5,-1368.9296875
1,89100,PICNIC_BASKET2,30276,15,30275,25,,,30282,40,,,,,30279.0,0.0
1,89100,PICNIC_BASKET1,58609,15,58608,25,,,58620,15,58621,25,,,58614.5,0.0
1,89100,JAMS,6522,231,,,,,6524,231,,,,,6523.0,0.0
1,89100,RAINFOREST_RESIN,9992,33,,,,,9999,1,10008,33,,,9995.5,61.0
1,89200,SQUID_INK,1892,26,,,,,1896,26,,,,,1894.0,-1379.84375
1,89200,PICNIC_BASKET2,30277,17,30276,25,,,30283,42,,,,,30280.0,0.0
1,89200,PICNIC_BASKET1,58612,17,58611,25,,,58623,17,58624,25,,,58617.5,0.0
1,89200,RAINFOREST_RESIN,10001,1,9992,26,,,10003,6,10008,26,,,10002.0,61.0
1,89200,DJEMBES,13368,58,,,,,13369,25,13370,33,,,13368.5,0.0
1,89200,KELP,2032,26,,,,,2035,26,,,,,2033.5,84.3125
1,89200,CROISSANTS,4273,47,4272,70,,,4274,117,,,,,4273.5,0.0
1,89200,JAMS,6522,198,,,,,6524,198,,,,,6523.0,0.0
1,89300,KELP,2032,1,2031,25,,,2035,26,,,,,2033.5,91.375
1,89300,SQUID_INK,1894,26,,,,,1897,26,,,,,1895.5,-1419.3046875
1,89300,PICNIC_BASKET2,30276,40,,,,,30282,16,30283,24,,,30279.0,0.0
1,89300,PICNIC_BASKET1,58610,1,58609,15,58608,24,58619,1,58620,15,58621,24,58614.5,0.0
1,89300,CROISSANTS,4273,44,4272,88,,,4274,132,,,,,4273.5,0.0
1,89300,JAMS,6522,191,,,,,6524,191,,,,,6523.0,0.0
1,89300,RAINFOREST_RESIN,10001,1,9992,31,,,10008,31,,,,,10004.5,61.0
1,89300,DJEMBES,13369,64,,,,,13371,64,,,,,13370.0,0.0
1,89400,RAINFOREST_RESIN,9992,31,,,,,10008,31,,,,,10000.0,61.0
1,89400,DJEMBES,13369,65,,,,,13370,65,,,,,13369.5,0.0
1,89400,KELP,2032,26,,,,,2035,26,,,,,2033.5,80.6484375
1,89400,CROISSANTS,4273,42,4272,54,,,4274,96,,,,,4273.5,0.0
1,89400,JAMS,6523,220,,,,,6525,220,,,,,6524.0,0.0
1,89400,SQUID_INK,1893,26,,,,,1896,26,,,,,1894.5,-1396.109375
1,89400,PICNIC_BASKET2,30278,12,30277,21,,,30283,1,30284,32,,,30280.5,0.0
1,89400,PICNIC_BASKET1,58610,1,58609,11,58608,21,58619,1,58620,11,58621,21,58614.5,0.0
1,89500,DJEMBES,13369,18,13368,46,,,13370,64,,,,,13369.5,0.0
1,89500,KELP,2031,30,,,,,2035,30,,,,,2033.0,99.9375
1,89500,SQUID_INK,1893,30,,,,,1897,30,,,,,1895.0,-1410.890625
1,89500,PICNIC_BASKET2,30278,33,,,,,30284,15,30285,18,,,30281.0,0.0
1,89500,PICNIC_BASKET1,58609,15,58608,18,,,58620,15,58621,18,,,58614.5,0.0
1,89500,CROISSANTS,4273,57,4272,66,,,4274,123,,,,,4273.5,0.0
1,89500,JAMS,6523,203,,,,,6525,203,,,,,6524.0,0.0
1,89500,RAINFOREST_RESIN,9992,32,,,,,10008,32,,,,,10000.0,61.0
1,89600,SQUID_INK,1894,2,1893,31,,,1896,31,,,,,1895.0,-1403.828125
1,89600,PICNIC_BASKET2,30282,3,30280,13,30279,28,30285,2,30286,39,,,30283.5,0.0
1,89600,PICNIC_BASKET1,58617,3,58613,2,58612,11,58622,2,58623,11,58624,28,58619.5,0.0
1,89600,RAINFOREST_RESIN,9992,30,,,,,10008,30,,,,,10000.0,61.0
1,89600,DJEMBES,13369,28,13368,37,,,13370,65,,,,,13369.5,0.0
1,89600,KELP,2032,2,2031,31,,,2035,31,,,,,2033.5,93.8125
1,89600,CROISSANTS,4273,55,4272,51,,,4274,106,,,,,4273.5,0.0
1,89600,JAMS,6524,3,6523,251,,,6525,251,,,,,6524.5,0.0
1,89700,SQUID_INK,1893,30,,,,,1894,6,1896,30,,,1893.5,-1384.078125
1,89700,KELP,2031,30,,,,,2033,6,2035,30,,,2032.0,94.3359375
1,89700,PICNIC_BASKET2,30283,15,30282,17,,,30289,32,,,,,30286.0,0.0
1,89700,PICNIC_BASKET1,58612,15,58611,17,,,58623,32,,,,,58617.5,0.0
1,89700,CROISSANTS,4273,118,,,,,4274,118,,,,,4273.5,0.0
1,89700,JAMS,6524,180,,,,,6526,180,,,,,6525.0,0.0
1,89700,RAINFOREST_RESIN,9992,33,,,,,10008,33,,,,,10000.0,61.0
1,89700,DJEMBES,13368,63,,,,,13370,63,,,,,13369.0,0.0
1,89800,RAINFOREST_RESIN,9992,35,,,,,10008,35,,,,,10000.0,61.0
1,89800,DJEMBES,13368,68,,,,,13370,68,,,,,13369.0,0.0
1,89800,KELP,2033,5,2032,8,2031,26,2035,26,,,,,2034.0,96.734375
1,89800,CROISSANTS,4272,110,,,,,4273,10,4274,110,,,4272.5,0.0
1,89800,JAMS,6524,230,,,,,6526,230,,,,,6525.0,0.0
1,89800,SQUID_INK,1895,5,1894,8,1893,26,1897,26,,,,,1896.0,-1415.15625
1,89800,PICNIC_BASKET2,30279,43,,,,,30285,16,30286,27,,,30282.0,0.0
1,89800,PICNIC_BASKET1,58614,16,58613,27,,,58625,16,58626,27,,,58619.5,0.0
1,89900,DJEMBES,13369,27,13368,33,,,13370,60,,,,,13369.5,0.0
1,89900,SQUID_INK,1894,27,,,,,1897,25,,,,,1895.5,-1419.0703125
1,89900,KELP,2032,2,2031,25,,,2035,25,,,,,2033.5,91.484375
1,89900,PICNIC_BASKET2,30281,3,30278,41,,,30284,14,30285,27,,,30282.5,0.0
1,89900,PICNIC_BASKET1,58617,3,58612,14,58611,27,58623,14,58624,27,,,58620.0,0.0
1,89900,CROISSANTS,4272,102,,,,,4273,44,4274,58,,,4272.5,0.0
1,89900,JAMS,6523,231,,,,,6525,231,,,,,6524.0,0.0
1,89900,RAINFOREST_RESIN,9992,30,,,,,10008,30,,,,,10000.0,61.0
1,90000,SQUID_INK,1894,2,1893,20,,,1897,22,,,,,1895.5,-1413.8203125
1,90000,PICNIC_BASKET2,30277,2,30276,40,,,30282,18,30283,24,,,30279.5,0.0
1,90000,PICNIC_BASKET1,58617,2,58616,40,,,58627,18,58628,24,,,58622.0,0.0
1,90000,RAINFOREST_RESIN,10000,2,9992,27,,,10008,27,,,,,10004.0,61.0
1,90000,DJEMBES,13369,24,13368,46,,,13370,70,,,,,13369.5,0.0
1,90000,KELP,2032,22,,,,,2035,22,,,,,2033.5,81.7734375
1,90000,CROISSANTS,4272,119,,,,,4273,43,4274,76,,,4272.5,0.0
1,90000,JAMS,6523,258,,,,,6525,258,,,,,6524.0,0.0
1,90100,SQUID_INK,1893,20,,,,,1896,20,,,,,1894.5,-1399.421875
1,90100,KELP,2032,20,,,,,2035,20,,,,,2033.5,71.671875
1,90100,PICNIC_BASKET2,30273,29,,,,,30280,29,,,,,30276.5,0.0
1,90100,PICNIC_BASKET1,58615,10,58614,19,,,58626,10,58627,19,,,58620.5,0.0
1,90100,CROISSANTS,4272,96,,,,,4273,36,4274,60,,,4272.5,0.0
1,90100,JAMS,6523,232,,,,,6525,232,,,,,6524.0,0.0
1,90100,RAINFOREST_RESIN,9992,30,,,,,10008,30,,,,,10000.0,61.0
1,90100,DJEMBES,13368,68,,,,,13370,68,,,,,13369.0,0.0
1,90200,RAINFOREST_RESIN,9992,27,,,,,10008,27,,,,,10000.0,61.0
1,90200,DJEMBES,13368,72,,,,,13370,72,,,,,13369.0,0.0
1,90200,KELP,2032,38,,,,,2035,31,,,,,2033.5,70.5859375
1,90200,JAMS,6524,220,,,,,6525,8,6526,220,,,6524.5,0.0
1,90200,CROISSANTS,4272,144,,,,,4274,144,,,,,4273.0,0.0
1,90200,SQUID_INK,1891,38,,,,,1894,31,,,,,1892.5,-1317.375
1,90200,PICNIC_BASKET1,58625,2,58624,13,58623,28,58634,2,58635,13,58636,28,58629.5,0.0
1,90200,PICNIC_BASKET2,30280,2,30279,41,,,30285,15,30286,28,,,30282.5,0.0
1,90300,DJEMBES,13368,65,,,,,13370,65,,,,,13369.0,0.0
1,90300,SQUID_INK,1892,35,,,,,1895,31,,,,,1893.5,-1346.4453125
1,90300,PICNIC_BASKET1,58629,1,58628,11,58627,18,58638,1,58639,11,58640,18,58633.5,0.0
1,90300,PICNIC_BASKET2,30281,1,30280,29,,,30286,1,30287,29,,,30283.5,0.0
1,90300,KELP,2032,35,,,,,2035,31,,,,,2033.5,72.2109375
1,90300,JAMS,6524,209,,,,,6526,209,,,,,6525.0,0.0
1,90300,CROISSANTS,4273,116,,,,,4274,116,,,,,4273.5,0.0
1,90300,RAINFOREST_RESIN,9997,6,9992,31,,,10008,31,,,,,10002.5,61.0
1,90400,SQUID_INK,1894,6,1893,26,,,1896,26,,,,,1895.0,-1400.1953125
1,90400,PICNIC_BASKET1,58622,1,58621,10,58620,22,58631,1,58632,32,,,58626.5,0.0
1,90400,PICNIC_BASKET2,30278,1,30277,32,,,30283,11,30284,22,,,30280.5,0.0
1,90400,RAINFOREST_RESIN,9992,32,,,,,10008,32,,,,,10000.0,61.0
1,90400,DJEMBES,13369,72,,,,,13370,72,,,,,13369.5,0.0
1,90400,KELP,2033,6,2032,26,,,2035,26,,,,,2034.0,71.6953125
1,90400,CROISSANTS,4272,139,,,,,4274,139,,,,,4273.0,0.0
1,90400,JAMS,6524,77,6523,142,,,6525,77,6526,142,,,6524.5,0.0
1,90500,SQUID_INK,1891,20,,,,,1895,20,,,,,1893.0,-1344.3515625
1,90500,PICNIC_BASKET1,58616,17,58615,26,,,58627,17,58628,26,,,58621.5,0.0
1,90500,PICNIC_BASKET2,30278,17,30277,26,,,30284,43,,,,,30281.0,0.0
1,90500,KELP,2032,20,,,,,2035,20,,,,,2033.5,67.6875
1,90500,CROISSANTS,4272,115,,,,,4274,115,,,,,4273.0,0.0
1,90500,JAMS,6524,65,6523,198,,,6525,72,6526,198,,,6524.5,0.0
1,90500,RAINFOREST_RESIN,9992,27,,,,,10008,27,,,,,10000.0,61.0
1,90500,DJEMBES,13368,71,,,,,13370,71,,,,,13369.0,0.0
1,90600,RAINFOREST_RESIN,9992,29,,,,,10008,29,,,,,10000.0,61.0
1,90600,DJEMBES,13369,7,13368,54,,,13370,54,,,,,13369.5,0.0
1,90600,KELP,2032,22,,,,,2035,30,,,,,2033.5,61.078125
1,90600,CROISSANTS,4272,105,,,,,4273,46,4274,59,,,4272.5,0.0
1,90600,JAMS,6523,172,,,,,6525,172,,,,,6524.0,0.0
1,90600,SQUID_INK,1892,30,,,,,1893,8,1895,30,,,1892.5,-1367.8671875
1,90600,PICNIC_BASKET1,58614,2,58613,14,58612,20,58623,2,58624,14,58625,20,58618.5,0.0
1,90600,PICNIC_BASKET2,30279,16,30278,20,,,30284,2,30285,34,,,30281.5,0.0
1,90700,DJEMBES,13368,49,,,,,13369,49,,,,,13368.5,0.0
1,90700,PICNIC_BASKET1,58609,12,58608,15,,,58610,6,58619,2,58620,12,58609.5,0.0
1,90700,PICNIC_BASKET2,30276,6,30275,15,,,30282,29,,,,,30279.0,0.0
1,90700,KELP,2032,29,,,,,2034,4,2036,29,,,2033.0,52.015625
1,90700,CROISSANTS,4272,122,,,,,4273,45,4274,69,,,4272.5,0.0
1,90700,JAMS,6523,225,,,,,6524,4,6525,225,,,6523.5,0.0
1,90700,SQUID_INK,1890,29,,,,,1892,4,1893,29,,,1891.0,-1281.265625
1,90700,RAINFOREST_RESIN,9992,30,,,,,10008,30,,,,,10000.0,61.0
1,90800,KELP,2032,26,,,,,2033,1,2036,26,,,2032.5,45.2421875
1,90800,PICNIC_BASKET1,58602,2,58601,11,58600,15,58611,2,58612,11,58613,15,58606.5,0.0
1,90800,PICNIC_BASKET2,30276,13,30275,15,,,30282,28,,,,,30279.0,0.0
1,90800,SQUID_INK,1887,25,,,,,1890,26,,,,,1888.5,-1187.2265625
1,90800,RAINFOREST_RESIN,9992,27,,,,,10008,27,,,,,10000.0,73.0
1,90800,DJEMBES,13368,49,,,,,13369,49,,,,,13368.5,0.0
1,90800,CROISSANTS,4272,134,,,,,4273,126,,,,,4272.5,0.0
1,90800,JAMS,6523,186,,,,,6525,186,,,,,6524.0,0.0
1,90900,PICNIC_BASKET1,58607,1,58606,11,58605,15,58616,1,58617,11,58618,15,58611.5,0.0
1,90900,PICNIC_BASKET2,30275,12,30274,15,,,30280,1,30281,26,,,30277.5,0.0
1,90900,CROISSANTS,4272,159,,,,,4273,159,,,,,4272.5,0.0
1,90900,JAMS,6523,96,6522,148,,,6524,96,6525,148,,,6523.5,0.0
1,90900,SQUID_INK,1890,1,1889,23,,,1891,4,1893,24,,,1890.5,-1271.3515625
1,90900,RAINFOREST_RESIN,9992,31,,,,,10003,6,10008,31,,,9997.5,79.0
1,90900,DJEMBES,13368,52,,,,,13369,52,,,,,13368.5,0.0
1,90900,KELP,2032,24,,,,,2034,4,2036,24,,,2033.0,44.6953125
1,91000,RAINFOREST_RESIN,9992,32,,,,,10003,3,10008,32,,,9997.5,79.0
1,91000,DJEMBES,13368,35,13367,30,,,13369,56,,,,,13368.5,0.0
1,91000,CROISSANTS,4272,89,,,,,4273,89,,,,,4272.5,0.0
1,91000,JAMS,6523,165,,,,,6525,165,,,,,6524.0,0.0
1,91000,KELP,2033,2,2032,24,,,2036,26,,,,,2034.5,41.5546875
1,91000,PICNIC_BASKET1,58604,17,58603,26,,,58614,2,58615,41,,,58609.0,0.0
1,91000,PICNIC_BASKET2,30272,2,30271,41,,,30277,17,30278,26,,,30274.5,0.0
1,91000,SQUID_INK,1888,26,,,,,1891,26,,,,,1889.5,-1218.34375
1,91100,DJEMBES,13368,55,,,,,13369,55,,,,,13368.5,0.0
1,91100,KELP,2033,30,,,,,2036,30,,,,,2034.5,36.4609375
1,91100,PICNIC_BASKET1,58599,2,58598,36,,,58609,13,58610,25,,,58604.0,0.0
1,91100,PICNIC_BASKET2,30268,2,30267,36,,,30273,2,30274,36,,,30270.5,0.0
1,91100,CROISSANTS,4271,117,,,,,4272,117,,,,,4271.5,0.0
1,91100,JAMS,6523,67,6522,146,,,6524,67,6525,146,,,6523.5,0.0
1,91100,SQUID_INK,1888,30,,,,,1891,30,,,,,1889.5,-1206.234375
1,91100,RAINFOREST_RESIN,10001,1,9992,25,,,10008,25,,,,,10004.5,107.0
1,91200,KELP,2033,25,,,,,2036,28,,,,,2034.5,34.9296875
1,91200,PICNIC_BASKET1,58589,12,58588,30,,,58600,12,58601,30,,,58594.5,0.0
1,91200,PICNIC_BASKET2,30266,42,,,,,30273,42,,,,,30269.5,0.0
1,91200,SQUID_INK,1887,28,,,,,1888,3,1891,28,,,1887.5,-1192.234375
1,91200,RAINFOREST_RESIN,9992,33,,,,,10008,33,,,,,10000.0,112.0
1,91200,DJEMBES,13367,30,13366,32,,,13368,62,,,,,13367.5,0.0
1,91200,CROISSANTS,4271,117,,,,,4272,117,,,,,4271.5,0.0
1,91200,JAMS,6522,171,,,,,6524,183,,,,,6523.0,0.0
1,91300,PICNIC_BASKET1,58594,1,58593,15,58592,25,58603,1,58604,40,,,58598.5,0.0
1,91300,PICNIC_BASKET2,30268,16,30267,25,,,30273,1,30274,40,,,30270.5,0.0
1,91300,CROISSANTS,4271,103,,,,,4272,103,,,,,4271.5,0.0
1,91300,SQUID_INK,1889,1,1887,29,,,1890,22,,,,,1889.5,-1187.09375
1,91300,RAINFOREST_RESIN,9992,32,,,,,10008,32,,,,,10000.0,112.0
1,91300,JAMS,6522,235,,,,,6524,235,,,,,6523.0,0.0
1,91300,DJEMBES,13367,25,13366,48,,,13368,73,,,,,13367.5,0.0
1,91300,KELP,2035,1,2033,8,2032,21,2036,22,,,,,2035.5,38.4609375
1,91400,RAINFOREST_RESIN,9992,33,,,,,10008,33,,,,,10000.0,112.0
1,91400,DJEMBES,13366,57,,,,,13368,57,,,,,13367.0,0.0
1,91400,CROISSANTS,4271,143,,,,,4272,143,,,,,4271.5,0.0
1,91400,JAMS,6521,192,,,,,6523,192,,,,,6522.0,0.0
1,91400,KELP,2033,2,2032,21,,,2036,23,,,,,2034.5,38.5
1,91400,PICNIC_BASKET2,30269,16,30268,18,,,30274,2,30275,32,,,30271.5,0.0
1,91400,PICNIC_BASKET1,58589,2,58588,14,58587,18,58598,2,58599,14,58600,18,58593.5,0.0
1,91400,SQUID_INK,1887,23,,,,,1891,23,,,,,1889.0,-1194.9140625
1,91500,CROISSANTS,4271,113,,,,,4272,113,,,,,4271.5,0.0
1,91500,JAMS,6521,245,,,,,6523,245,,,,,6522.0,0.0
1,91500,DJEMBES,13368,59,,,,,13369,59,,,,,13368.5,0.0
1,91500,KELP,2033,26,,,,,2036,26,,,,,2034.5,20.9296875
1,91500,PICNIC_BASKET2,30269,21,30268,20,,,30275,21,30276,20,,,30272.0,0.0
1,91500,PICNIC_BASKET1,58598,2,58597,19,58596,20,58607,2,58608,19,58609,20,58602.5,0.0
1,91500,SQUID_INK,1886,26,,,,,1889,26,,,,,1887.5,-1150.5625
1,91500,RAINFOREST_RESIN,9992,34,,,,,10008,34,,,,,10000.0,112.0
1,91600,CROISSANTS,4271,137,,,,,4272,38,4273,99,,,4271.5,0.0
1,91600,JAMS,6521,228,,,,,6523,228,,,,,6522.0,0.0
1,91600,KELP,2033,27,,,,,2036,27,,,,,2034.5,29.5546875
1,91600,PICNIC_BASKET2,30269,47,,,,,30275,21,30276,26,,,30272.0,0.0
1,91600,PICNIC_BASKET1,58600,2,58599,19,58598,26,58609,2,58610,19,58611,26,58604.5,0.0
1,91600,SQUID_INK,1885,2,1884,25,,,1888,27,,,,,1886.5,-1102.9296875
1,91600,RAINFOREST_RESIN,9992,32,,,,,10008,32,,,,,10000.0,112.0
1,91600,DJEMBES,13369,61,,,,,13370,61,,,,,13369.5,0.0
1,91700,PICNIC_BASKET2,30270,3,30267,33,,,30273,14,30274,19,,,30271.5,0.0
1,91700,PICNIC_BASKET1,58600,3,58595,14,58594,19,58606,14,58607,19,,,58603.0,0.0
1,91700,SQUID_INK,1886,27,,,,,1889,27,,,,,1887.5,-1130.265625
1,91700,RAINFOREST_RESIN,9992,31,,,,,10008,31,,,,,10000.0,112.0
1,91700,CROISSANTS,4271,142,,,,,4272,142,,,,,4271.5,0.0
1,91700,JAMS,6520,205,,,,,6522,205,,,,,6521.0,0.0
1,91700,DJEMBES,13369,66,,,,,13371,66,,,,,13370.0,0.0
1,91700,KELP,2033,27,,,,,2036,27,,,,,2034.5,18.796875
1,91800,RAINFOREST_RESIN,9992,29,,,,,9999,1,10003,5,10008,29,9995.5,112.0
1,91800,DJEMBES,13369,50,,,,,13371,50,,,,,13370.0,0.0
1,91800,CROISSANTS,4271,93,,,,,4272,93,,,,,4271.5,0.0
1,91800,JAMS,6520,181,,,,,6522,170,,,,,6521.0,0.0
1,91800,KELP,2033,29,,,,,2036,29,,,,,2034.5,23.9296875
1,91800,PICNIC_BASKET2,30267,27,,,,,30273,12,30274,18,,,30270.0,0.0
1,91800,PICNIC_BASKET1,58602,9,58601,18,,,58612,2,58613,10,58614,18,58607.0,0.0
1,91800,SQUID_INK,1886,29,,,,,1889,29,,,,,1887.5,-1137.2578125
1,91900,CROISSANTS,4271,85,,,,,4272,85,,,,,4271.5,0.0
1,91900,JAMS,6520,203,,,,,6522,203,,,,,6521.0,0.0
1,91900,DJEMBES,13370,72,,,,,13371,30,13372,42,,,13370.5,0.0
1,91900,KELP,2033,28,,,,,2036,23,,,,,2034.5,27.9921875
1,91900,PICNIC_BASKET2,30266,45,,,,,30273,45,,,,,30269.5,0.0
1,91900,PICNIC_BASKET1,58596,15,58595,30,,,58607,15,58608,30,,,58601.5,0.0
1,91900,SQUID_INK,1886,28,,,,,1889,23,,,,,1887.5,-1139.05859375
1,91900,RAINFOREST_RESIN,9992,31,,,,,10008,31,,,,,10000.0,112.0
1,92000,CROISSANTS,4271,127,,,,,4272,127,,,,,4271.5,0.0
1,92000,JAMS,6520,173,,,,,6522,173,,,,,6521.0,0.0
1,92000,KELP,2033,27,,,,,2036,22,,,,,2034.5,26.9609375
1,92000,PICNIC_BASKET2,30265,2,30263,21,30262,19,30269,40,,,,,30267.0,0.0
1,92000,PICNIC_BASKET1,58603,2,58599,2,58598,19,58608,2,58609,19,58610,19,58605.5,0.0
1,92000,SQUID_INK,1887,5,1886,22,,,1889,22,,,,,1888.0,-1143.9296875
1,92000,RAINFOREST_RESIN,9992,28,,,,,10008,28,,,,,10000.0,117.0
1,92000,DJEMBES,13372,19,13371,31,,,13373,50,,,,,13372.5,0.0
1,92100,PICNIC_BASKET2,30266,25,,,,,30269,2,30272,10,30273,15,30267.5,0.0
1,92100,PICNIC_BASKET1,58601,10,58600,15,,,58606,2,58612,10,58613,15,58603.5,0.0
1,92100,SQUID_INK,1886,28,,,,,1889,28,,,,,1887.5,-1130.15625
1,92100,RAINFOREST_RESIN,9992,25,,,,,10008,25,,,,,10000.0,117.0
1,92100,CROISSANTS,4271,119,,,,,4272,119,,,,,4271.5,0.0
1,92100,JAMS,6520,204,,,,,6522,204,,,,,6521.0,0.0
1,92100,DJEMBES,13372,15,13371,41,,,13373,56,,,,,13372.5,0.0
1,92100,KELP,2033,28,,,,,2036,28,,,,,2034.5,26.4140625
1,92200,RAINFOREST_RESIN,9992,27,,,,,10008,27,,,,,10000.0,119.0
1,92200,DJEMBES,13370,69,,,,,13371,23,13372,46,,,13370.5,0.0
1,92200,CROISSANTS,4271,101,,,,,4272,39,4273,62,,,4271.5,0.0
1,92200,JAMS,6520,244,,,,,6522,244,,,,,6521.0,0.0
1,92200,KELP,2033,26,,,,,2036,26,,,,,2034.5,35.1484375
1,92200,PICNIC_BASKET2,30268,1,30267,41,,,30273,19,30274,23,,,30270.5,0.0
1,92200,PICNIC_BASKET1,58602,1,58601,18,58600,23,58611,1,58612,18,58613,23,58606.5,0.0
1,92200,SQUID_INK,1887,26,,,,,1890,26,,,,,1888.5,-1158.74609375
1,92300,CROISSANTS,4271,140,,,,,4272,140,,,,,4271.5,0.0
1,92300,JAMS,6520,237,,,,,6522,237,,,,,6521.0,0.0
1,92300,DJEMBES,13369,72,,,,,13371,72,,,,,13370.0,0.0
1,92300,KELP,2033,30,,,,,2036,30,,,,,2034.5,32.0625
1,92300,PICNIC_BASKET2,30266,47,,,,,30273,47,,,,,30269.5,0.0
1,92300,PICNIC_BASKET1,58594,20,58593,27,,,58605,20,58606,27,,,58599.5,0.0
1,92300,SQUID_INK,1888,30,,,,,1892,30,,,,,1890.0,-1190.0
1,92300,RAINFOREST_RESIN,9992,25,,,,,10008,25,,,,,10000.0,119.0
1,92400,JAMS,6520,169,,,,,6522,169,,,,,6521.0,0.0
1,92400,CROISSANTS,4271,103,,,,,4272,103,,,,,4271.5,0.0
1,92400,KELP,2032,23,,,,,2036,23,,,,,2034.0,38.1015625
1,92400,PICNIC_BASKET2,30263,12,30262,27,,,30269,39,,,,,30266.0,0.0
1,92400,PICNIC_BASKET1,58597,39,,,,,58608,12,58609,27,,,58602.5,0.0
1,92400,SQUID_INK,1888,23,,,,,1891,23,,,,,1889.5,-1178.9375
1,92400,RAINFOREST_RESIN,9992,30,,,,,10008,30,,,,,10000.0,119.0
1,92400,DJEMBES,13369,71,,,,,13371,71,,,,,13370.0,0.0
1,92500,SQUID_INK,1888,1,1887,25,,,1889,6,1891,26,,,1888.5,-1172.26953125
1,92500,RAINFOREST_RESIN,9992,32,,,,,9999,1,10008,32,,,9995.5,119.0
1,92500,PICNIC_BASKET1,58599,18,58598,25,,,58609,1,58610,42,,,58604.0,0.0
1,92500,PICNIC_BASKET2,30266,1,30265,42,,,30271,18,30272,25,,,30268.5,0.0
1,92500,JAMS,6520,290,,,,,6522,290,,,,,6521.0,0.0
1,92500,CROISSANTS,4271,138,,,,,4272,40,4273,98,,,4271.5,0.0
1,92500,DJEMBES,13369,62,,,,,13370,62,,,,,13369.5,0.0
1,92500,KELP,2033,26,,,,,2035,6,2036,26,,,2034.0,36.5625
1,92600,DJEMBES,13369,56,,,,,13370,56,,,,,13369.5,0.0
1,92600,RAINFOREST_RESIN,9992,32,,,,,10008,32,,,,,10000.0,119.0
1,92600,CROISSANTS,4271,124,,,,,4272,124,,,,,4271.5,0.0
1,92600,JAMS,6520,209,,,,,6522,209,,,,,6521.0,0.0
1,92600,PICNIC_BASKET1,58599,1,58598,11,58597,25,58603,6,58608,1,58609,11,58601.0,0.0
1,92600,PICNIC_BASKET2,30266,1,30265,36,,,30268,6,30271,12,30272,25,30267.0,0.0
1,92600,KELP,2033,26,,,,,2034,2,2036,1,2037,25,2033.5,20.5703125
1,92600,SQUID_INK,1886,26,,,,,1887,2,1889,26,,,1886.5,-1129.1796875
1,92700,CROISSANTS,4271,99,,,,,4273,99,,,,,4272.0,0.0
1,92700,JAMS,6520,56,6519,153,,,6521,56,6522,153,,,6520.5,0.0
1,92700,DJEMBES,13369,60,,,,,13370,30,13371,30,,,13369.5,0.0
1,92700,KELP,2033,23,,,,,2036,23,,,,,2034.5,26.6328125
1,92700,SQUID_INK,1886,23,,,,,1889,23,,,,,1887.5,-1142.5859375
1,92700,RAINFOREST_RESIN,9992,29,,,,,10008,29,,,,,10000.0,119.0
1,92700,PICNIC_BASKET1,58604,2,58603,17,58602,30,58613,2,58614,17,58615,30,58608.5,0.0
1,92700,PICNIC_BASKET2,30269,19,30268,30,,,30275,49,,,,,30272.0,0.0
1,92800,CROISSANTS,4272,129,,,,,4273,44,4274,85,,,4272.5,0.0
1,92800,JAMS,6520,281,,,,,6521,85,6522,191,,,6520.5,0.0
1,92800,PICNIC_BASKET1,58604,2,58603,15,58602,23,58613,2,58614,15,58615,23,58608.5,0.0
1,92800,PICNIC_BASKET2,30271,2,30270,38,,,30276,17,30277,23,,,30273.5,0.0
1,92800,KELP,2033,26,,,,,2036,26,,,,,2034.5,22.3359375
1,92800,SQUID_INK,1885,26,,,,,1888,26,,,,,1886.5,-1105.21875
1,92800,DJEMBES,13369,72,,,,,13371,72,,,,,13370.0,0.0
1,92800,RAINFOREST_RESIN,9992,33,,,,,10008,33,,,,,10000.0,119.0
1,92900,SQUID_INK,1885,27,,,,,1886,6,1888,27,,,1885.5,-1104.35546875
1,92900,RAINFOREST_RESIN,9992,26,,,,,10008,26,,,,,10000.0,119.0
1,92900,PICNIC_BASKET1,58603,20,58602,15,,,58614,20,58615,15,,,58608.5,0.0
1,92900,PICNIC_BASKET2,30268,20,30267,15,,,30274,35,,,,,30271.0,0.0
1,92900,CROISSANTS,4272,125,,,,,4274,125,,,,,4273.0,0.0
1,92900,JAMS,6520,60,6519,130,,,6521,60,6522,130,,,6520.5,0.0
1,92900,DJEMBES,13371,52,,,,,13372,15,13373,37,,,13371.5,0.0
1,92900,KELP,2033,27,,,,,2035,6,2037,27,,,2034.0,19.46875
1,93000,DJEMBES,13371,28,13370,49,,,13372,77,,,,,13371.5,0.0
1,93000,RAINFOREST_RESIN,9992,34,,,,,10003,8,10008,34,,,9997.5,119.0
1,93000,KELP,2033,24,,,,,2035,2,2036,25,,,2034.0,20.8671875
1,93000,CROISSANTS,4272,99,,,,,4274,99,,,,,4273.0,0.0
1,93000,JAMS,6520,63,6519,122,,,6521,63,6522,122,,,6520.5,0.0
1,93000,SQUID_INK,1884,25,,,,,1885,1,1886,2,1888,25,1884.5,-1101.07421875
1,93000,PICNIC_BASKET1,58601,13,58600,28,,,58611,2,58612,39,,,58606.0,0.0
1,93000,PICNIC_BASKET2,30267,13,30266,28,,,30272,2,30273,39,,,30269.5,0.0
1,93100,KELP,2033,25,,,,,2036,1,2037,24,,,2034.5,20.484375
1,93100,CROISSANTS,4272,151,,,,,4273,62,4274,89,,,4272.5,0.0
1,93100,JAMS,6520,89,6519,173,,,6521,89,6522,173,,,6520.5,0.0
1,93100,DJEMBES,13370,69,,,,,13371,25,13372,44,,,13370.5,0.0
1,93100,RAINFOREST_RESIN,9992,25,,,,,10008,25,,,,,10000.0,119.0
1,93100,SQUID_INK,1886,25,,,,,1889,25,,,,,1887.5,-1131.9296875
1,93100,PICNIC_BASKET1,58606,1,58605,20,58604,25,58615,1,58616,20,58617,25,58610.5,0.0
1,93100,PICNIC_BASKET2,30265,1,30264,45,,,30270,21,30271,25,,,30267.5,0.0
1,93200,KELP,2033,29,,,,,2037,29,,,,,2035.0,3.5625
1,93200,CROISSANTS,4272,101,,,,,4274,101,,,,,4273.0,0.0
1,93200,JAMS,6520,50,6519,131,,,6521,50,6522,131,,,6520.5,0.0
1,93200,SQUID_INK,1886,29,,,,,1889,29,,,,,1887.5,-1138.5390625
1,93200,PICNIC_BASKET1,58605,17,58604,23,,,58616,40,,,,,58610.5,0.0
1,93200,PICNIC_BASKET2,30262,17,30261,23,,,30268,40,,,,,30265.0,0.0
1,93200,DJEMBES,13371,23,13370,33,,,13372,56,,,,,13371.5,0.0
1,93200,RAINFOREST_RESIN,10000,5,9992,35,,,10008,35,,,,,10004.0,119.0
1,93300,RAINFOREST_RESIN,9992,35,,,,,10008,35,,,,,10000.0,119.0
1,93300,SQUID_INK,1886,23,,,,,1888,5,1889,23,,,1887.0,-1135.81640625
1,93300,PICNIC_BASKET1,58611,22,58610,17,,,58621,2,58622,37,,,58616.0,0.0
1,93300,PICNIC_BASKET2,30265,22,30264,17,,,30270,2,30271,37,,,30267.5,0.0
1,93300,KELP,2033,23,,,,,2035,5,2036,2,2037,21,2034.0,6.5390625
1,93300,CROISSANTS,4273,44,4272,98,,,4274,142,,,,,4273.5,0.0
1,93300,JAMS,6520,244,,,,,6522,244,,,,,6521.0,0.0
1,93300,DJEMBES,13370,64,,,,,13372,64,,,,,13371.0,0.0
1,93400,DJEMBES,13372,65,,,,,13373,65,,,,,13372.5,0.0
1,93400,RAINFOREST_RESIN,10002,5,9992,34,,,10008,34,,,,,10005.0,119.0
1,93400,KELP,2033,25,,,,,2036,1,2037,24,,,2034.5,6.046875
1,93400,CROISSANTS,4273,44,4272,87,,,4274,131,,,,,4273.5,0.0
1,93400,JAMS,6521,233,,,,,6523,233,,,,,6522.0,0.0
1,93400,SQUID_INK,1885,25,,,,,1888,25,,,,,1886.5,-1113.8828125
1,93400,PICNIC_BASKET1,58615,1,58614,20,58613,26,58624,1,58625,20,58626,26,58619.5,0.0
1,93400,PICNIC_BASKET2,30264,1,30263,46,,,30269,21,30270,26,,,30266.5,0.0
1,93500,DJEMBES,13373,69,,,,,13374,23,13375,46,,,13373.5,0.0
1,93500,KELP,2033,29,,,,,2035,8,2036,2,2037,27,2034.0,7.5859375
1,93500,CROISSANTS,4273,58,4272,72,,,4274,130,,,,,4273.5,0.0
1,93500,JAMS,6521,225,,,,,6523,225,,,,,6522.0,0.0
1,93500,RAINFOREST_RESIN,9992,34,,,,,10008,34,,,,,10000.0,119.0
1,93500,SQUID_INK,1885,29,,,,,1887,8,1888,29,,,1886.0,-1108.890625
1,93500,PICNIC_BASKET1,58617,2,58616,11,58615,23,58626,2,58627,11,58628,23,58621.5,0.0
1,93500,PICNIC_BASKET2,30263,2,30262,34,,,30268,2,30269,34,,,30265.5,0.0
1,93600,KELP,2033,24,,,,,2034,3,2037,24,,,2033.5,2.484375
1,93600,CROISSANTS,4272,143,,,,,4273,65,4274,78,,,4272.5,0.0
1,93600,SQUID_INK,1885,21,,,,,1888,24,,,,,1886.5,-1106.99609375
1,93600,PICNIC_BASKET2,30262,2,30261,30,,,30267,13,30268,19,,,30264.5,0.0
1,93600,PICNIC_BASKET1,58610,2,58609,30,,,58620,13,58621,19,,,58615.0,0.0
1,93600,JAMS,6521,198,,,,,6523,198,,,,,6522.0,0.0
1,93600,DJEMBES,13372,57,,,,,13374,57,,,,,13373.0,0.0
1,93600,RAINFOREST_RESIN,10002,4,9992,26,,,10008,26,,,,,10005.0,119.0
1,93700,RAINFOREST_RESIN,9992,35,,,,,9999,1,10008,35,,,9995.5,119.0
1,93700,SQUID_INK,1885,25,,,,,1889,25,,,,,1887.0,-1123.9609375
1,93700,PICNIC_BASKET2,30265,12,30264,20,,,30271,32,,,,,30268.0,0.0
1,93700,PICNIC_BASKET1,58618,12,58617,20,,,58629,12,58630,20,,,58623.5,0.0
1,93700,DJEMBES,13372,61,,,,,13373,61,,,,,13372.5,0.0
1,93700,KELP,2033,25,,,,,2037,25,,,,,2035.0,5.4453125
1,93700,CROISSANTS,4272,152,,,,,4274,152,,,,,4273.0,0.0
1,93700,JAMS,6522,276,,,,,6524,276,,,,,6523.0,0.0
1,93800,DJEMBES,13371,63,,,,,13372,30,13373,33,,,13371.5,0.0
1,93800,RAINFOREST_RESIN,9992,29,,,,,9998,5,10008,29,,,9995.0,113.0
1,93800,KELP,2033,32,,,,,2036,2,2037,30,,,2034.5,6.53125
1,93800,SQUID_INK,1886,32,,,,,1889,32,,,,,1887.5,-1138.859375
1,93800,PICNIC_BASKET2,30267,2,30266,42,,,30272,2,30273,42,,,30269.5,0.0
1,93800,PICNIC_BASKET1,58620,2,58619,42,,,58630,14,58631,30,,,58625.0,0.0
1,93800,CROISSANTS,4273,42,4272,94,,,4274,136,,,,,4273.5,0.0
1,93800,JAMS,6522,240,,,,,6523,94,6524,146,,,6522.5,0.0
1,93900,DJEMBES,13371,25,13370,48,,,13372,73,,,,,13371.5,0.0
1,93900,KELP,2033,30,,,,,2036,30,,,,,2034.5,15.59375
1,93900,CROISSANTS,4273,99,,,,,4274,42,4275,65,,,4273.5,0.0
1,93900,JAMS,6522,55,6521,141,,,6523,65,6524,141,,,6522.5,0.0
1,93900,RAINFOREST_RESIN,9992,26,,,,,10008,26,,,,,10000.0,113.0
1,93900,SQUID_INK,1888,30,,,,,1891,30,,,,,1889.5,-1181.0703125
1,93900,PICNIC_BASKET2,30268,14,30267,25,,,30274,39,,,,,30271.0,0.0
1,93900,PICNIC_BASKET1,58627,2,58626,12,58625,25,58636,2,58637,12,58638,25,58631.5,0.0
1,94000,KELP,2033,28,,,,,2036,2,2037,26,,,2034.5,9.0
1,94000,SQUID_INK,1888,28,,,,,1891,28,,,,,1889.5,-1187.11328125
1,94000,PICNIC_BASKET2,30267,17,30266,22,,,30272,2,30273,37,,,30269.5,0.0
1,94000,PICNIC_BASKET1,58624,2,58623,15,58622,22,58633,2,58634,15,58635,22,58628.5,0.0
1,94000,CROISSANTS,4273,130,,,,,4274,130,,,,,4273.5,0.0
1,94000,JAMS,6521,237,,,,,6523,237,,,,,6522.0,0.0
1,94000,DJEMBES,13372,55,,,,,13374,55,,,,,13373.0,0.0
1,94000,RAINFOREST_RESIN,9992,26,,,,,10008,26,,,,,10000.0,119.0
1,94100,RAINFOREST_RESIN,9992,30,,,,,10008,30,,,,,10000.0,119.0
1,94100,SQUID_INK,1888,22,,,,,1891,22,,,,,1889.5,-1176.64453125
1,94100,PICNIC_BASKET2,30265,2,30264,42,,,30270,16,30271,28,,,30267.5,0.0
1,94100,PICNIC_BASKET1,58620,2,58619,14,58618,28,58629,2,58630,14,58631,28,58624.5,0.0
1,94100,DJEMBES,13372,74,,,,,13374,74,,,,,13373.0,0.0
1,94100,KELP,2033,22,,,,,2036,2,2037,20,,,2034.5,7.53125
1,94100,CROISSANTS,4273,151,,,,,4274,151,,,,,4273.5,0.0
1,94100,JAMS,6521,212,,,,,6523,212,,,,,6522.0,0.0
1,94200,DJEMBES,13373,15,13372,36,,,13374,54,,,,,13373.5,0.0
1,94200,RAINFOREST_RESIN,9992,34,,,,,10008,34,,,,,10000.0,119.0
1,94200,SQUID_INK,1890,1,1889,4,1888,31,1891,31,,,,,1890.5,-1187.5546875
1,94200,KELP,2035,1,2034,4,2033,31,2036,1,2037,30,,,2035.5,7.03125
1,94200,PICNIC_BASKET2,30263,1,30262,30,,,30268,13,30269,18,,,30265.5,0.0
1,94200,PICNIC_BASKET1,58616,1,58615,12,58614,18,58625,1,58626,12,58627,18,58620.5,0.0
1,94200,CROISSANTS,4273,38,4272,50,,,4274,88,,,,,4273.5,0.0
1,94200,JAMS,6521,207,,,,,6523,207,,,,,6522.0,0.0
1,94300,DJEMBES,13373,80,,,,,13374,80,,,,,13373.5,0.0
1,94300,KELP,2033,23,,,,,2035,1,2036,23,,,2034.0,12.671875
1,94300,CROISSANTS,4272,137,,,,,4273,59,4274,78,,,4272.5,0.0
1,94300,JAMS,6522,193,,,,,6524,193,,,,,6523.0,0.0
1,94300,RAINFOREST_RESIN,10001,1,9992,33,,,10008,33,,,,,10004.5,119.0
1,94300,SQUID_INK,1889,23,,,,,1891,1,1892,23,,,1890.0,-1202.203125
1,94300,PICNIC_BASKET2,30264,21,30263,30,,,30269,1,30270,50,,,30266.5,0.0
1,94300,PICNIC_BASKET1,58615,1,58614,20,58613,30,58624,1,58625,20,58626,30,58619.5,0.0
1,94400,SQUID_INK,1888,4,1887,27,,,1891,27,,,,,1889.5,-1159.84375
1,94400,KELP,2033,31,,,,,2036,2,2037,25,,,2034.5,8.0546875
1,94400,PICNIC_BASKET2,30263,17,30262,16,,,30268,2,30269,31,,,30265.5,0.0
1,94400,PICNIC_BASKET1,58608,2,58607,15,58606,16,58617,2,58618,15,58619,16,58612.5,0.0
1,94400,CROISSANTS,4272,92,,,,,4273,39,4274,53,,,4272.5,0.0
1,94400,JAMS,6522,53,6521,176,,,6523,53,6524,176,,,6522.5,0.0
1,94400,DJEMBES,13373,63,,,,,13374,63,,,,,13373.5,0.0
1,94400,RAINFOREST_RESIN,9992,33,,,,,10008,33,,,,,10000.0,119.0
1,94500,RAINFOREST_RESIN,9992,27,,,,,10008,27,,,,,10000.0,119.0
1,94500,SQUID_INK,1890,23,,,,,1893,23,,,,,1891.5,-1245.55078125
1,94500,PICNIC_BASKET2,30258,1,30257,44,,,30260,3,30263,20,30264,25,30259.0,0.0
1,94500,PICNIC_BASKET1,58599,1,58598,44,,,58603,3,58609,20,58610,25,58601.0,0.0
1,94500,DJEMBES,13371,73,,,,,13372,25,13373,48,,,13371.5,0.0
1,94500,KELP,2033,23,,,,,2036,1,2037,22,,,2034.5,6.5390625
1,94500,CROISSANTS,4272,57,4271,92,,,4273,149,,,,,4272.5,0.0
1,94500,JAMS,6522,253,,,,,6523,92,6524,161,,,6522.5,0.0
1,94600,DJEMBES,13369,71,,,,,13370,71,,,,,13369.5,0.0
1,94600,RAINFOREST_RESIN,9992,26,,,,,10000,3,10008,26,,,9996.0,119.0
1,94600,SQUID_INK,1891,1,1889,20,,,1893,20,,,,,1892.0,-1222.796875
1,94600,KELP,2035,1,2033,20,,,2037,20,,,,,2036.0,6.5546875
1,94600,PICNIC_BASKET2,30252,44,,,,,30259,44,,,,,30255.5,0.0
1,94600,PICNIC_BASKET1,58596,44,,,,,58607,16,58608,28,,,58601.5,0.0
1,94600,CROISSANTS,4272,52,4271,96,,,4273,148,,,,,4272.5,0.0
1,94600,JAMS,6522,96,6521,145,,,6523,96,6524,145,,,6522.5,0.0
1,94700,DJEMBES,13367,66,,,,,13369,66,,,,,13368.0,0.0
1,94700,KELP,2033,21,,,,,2036,21,,,,,2034.5,10.6875
1,94700,JAMS,6521,214,,,,,6523,214,,,,,6522.0,0.0
1,94700,CROISSANTS,4272,35,4271,91,,,4273,126,,,,,4272.5,0.0
1,94700,RAINFOREST_RESIN,9992,34,,,,,10008,34,,,,,10000.0,115.0
1,94700,SQUID_INK,1890,21,,,,,1893,21,,,,,1891.5,-1242.1875
1,94700,PICNIC_BASKET1,58597,1,58596,15,58595,23,58606,1,58607,15,58608,23,58601.5,0.0
1,94700,PICNIC_BASKET2,30254,16,30253,23,,,30259,1,30260,38,,,30256.5,0.0
1,94800,SQUID_INK,1890,25,,,,,1893,1,1894,24,,,1891.5,-1256.71875
1,94800,PICNIC_BASKET1,58596,15,58595,23,,,58606,1,58607,37,,,58601.0,0.0
1,94800,PICNIC_BASKET2,30255,1,30254,37,,,30260,1,30261,37,,,30257.5,0.0
1,94800,KELP,2033,25,,,,,2036,25,,,,,2034.5,9.9765625
1,94800,CROISSANTS,4272,96,,,,,4273,96,,,,,4272.5,0.0
1,94800,JAMS,6521,188,,,,,6523,188,,,,,6522.0,0.0
1,94800,DJEMBES,13363,56,,,,,13365,56,,,,,13364.0,0.0
1,94800,RAINFOREST_RESIN,9992,28,,,,,10008,28,,,,,10000.0,115.0
1,94900,RAINFOREST_RESIN,9997,2,9992,27,,,10000,5,10008,27,,,9998.5,115.0
1,94900,SQUID_INK,1890,23,,,,,1893,23,,,,,1891.5,-1246.8515625
1,94900,PICNIC_BASKET1,58594,2,58593,13,58592,17,58603,2,58604,13,58605,17,58598.5,0.0
1,94900,PICNIC_BASKET2,30254,2,30253,30,,,30259,15,30260,17,,,30256.5,0.0
1,94900,DJEMBES,13360,49,,,,,13361,49,,,,,13360.5,0.0
1,94900,KELP,2033,23,,,,,2036,23,,,,,2034.5,13.109375
1,94900,CROISSANTS,4272,102,,,,,4273,102,,,,,4272.5,0.0
1,94900,JAMS,6521,184,,,,,6523,184,,,,,6522.0,0.0
1,95000,DJEMBES,13358,61,,,,,13359,21,13360,40,,,13358.5,0.0
1,95000,RAINFOREST_RESIN,10001,1,9992,32,,,10008,32,,,,,10004.5,115.0
1,95000,SQUID_INK,1890,25,,,,,1894,25,,,,,1892.0,-1263.5390625
1,95000,PICNIC_BASKET1,58600,13,58599,21,,,58605,8,58611,13,58612,21,58602.5,0.0
1,95000,PICNIC_BASKET2,30251,34,,,,,30254,8,30258,34,,,30252.5,0.0
1,95000,KELP,2033,25,,,,,2036,25,,,,,2034.5,14.078125
1,95000,CROISSANTS,4272,141,,,,,4273,52,4274,89,,,4272.5,0.0
1,95000,JAMS,6521,89,6520,124,,,6522,89,6523,124,,,6521.5,0.0
1,95100,DJEMBES,13360,26,13359,40,,,13361,66,,,,,13360.5,0.0
1,95100,KELP,2035,1,2033,29,,,2036,29,,,,,2035.5,12.5
1,95100,CROISSANTS,4272,112,,,,,4273,112,,,,,4272.5,0.0
1,95100,JAMS,6521,72,6520,166,,,6522,72,6523,166,,,6521.5,0.0
1,95100,RAINFOREST_RESIN,9992,29,,,,,10008,29,,,,,10000.0,113.0
1,95100,SQUID_INK,1891,1,1889,29,,,1892,29,,,,,1891.5,-1208.4609375
1,95100,PICNIC_BASKET1,58595,12,58594,26,,,58606,12,58607,26,,,58600.5,0.0
1,95100,PICNIC_BASKET2,30248,38,,,,,30255,38,,,,,30251.5,0.0
1,95200,PICNIC_BASKET1,58596,2,58595,50,,,58600,6,58605,2,58606,20,58598.0,0.0
1,95200,PICNIC_BASKET2,30247,22,30246,30,,,30249,6,30252,2,30253,50,30248.0,0.0
1,95200,CROISSANTS,4272,131,,,,,4273,131,,,,,4272.5,0.0
1,95200,JAMS,6521,80,6520,137,,,6522,80,6523,137,,,6521.5,0.0
1,95200,SQUID_INK,1891,1,1889,29,,,1892,24,,,,,1891.5,-1217.3203125
1,95200,KELP,2035,1,2033,29,,,2036,24,,,,,2035.5,10.0078125
1,95200,DJEMBES,13359,73,,,,,13360,73,,,,,13359.5,0.0
1,95200,RAINFOREST_RESIN,9992,28,,,,,10008,28,,,,,10000.0,113.0
1,95300,RAINFOREST_RESIN,9992,32,,,,,10008,32,,,,,10000.0,113.0
1,95300,PICNIC_BASKET1,58590,2,58589,13,58588,15,58599,2,58600,28,,,58594.5,0.0
1,95300,PICNIC_BASKET2,30248,15,30247,15,,,30254,30,,,,,30251.0,0.0
1,95300,SQUID_INK,1890,27,,,,,1891,2,1893,27,,,1890.5,-1255.8359375
1,95300,KELP,2033,27,,,,,2034,2,2036,27,,,2033.5,10.0703125
1,95300,DJEMBES,13358,15,13357,40,,,13359,55,,,,,13358.5,0.0
1,95300,CROISSANTS,4272,134,,,,,4273,134,,,,,4272.5,0.0
1,95300,JAMS,6520,85,6519,189,,,6521,85,6522,189,,,6520.5,0.0
1,95400,DJEMBES,13359,63,,,,,13361,63,,,,,13360.0,0.0
1,95400,RAINFOREST_RESIN,9992,35,,,,,10008,35,,,,,10000.0,113.0
1,95400,PICNIC_BASKET1,58593,2,58592,13,58591,27,58602,2,58603,13,58604,27,58597.5,0.0
1,95400,PICNIC_BASKET2,30251,2,30250,40,,,30256,15,30257,27,,,30253.5,0.0
1,95400,CROISSANTS,4272,147,,,,,4273,147,,,,,4272.5,0.0
1,95400,JAMS,6520,93,6519,152,,,6521,93,6522,152,,,6520.5,0.0
1,95400,SQUID_INK,1892,1,1890,32,,,1893,32,,,,,1892.5,-1249.09375
1,95400,KELP,2035,1,2033,32,,,2036,32,,,,,2035.5,11.0
1,95500,KELP,2033,37,,,,,2036,29,,,,,2034.5,17.7421875
1,95500,DJEMBES,13359,63,,,,,13360,21,13361,42,,,13359.5,0.0
1,95500,CROISSANTS,4272,46,4271,98,,,4273,138,,,,,4272.5,0.0
1,95500,JAMS,6520,98,6519,173,,,6521,98,6522,173,,,6520.5,0.0
1,95500,RAINFOREST_RESIN,9992,34,,,,,10008,34,,,,,10000.0,113.0
1,95500,PICNIC_BASKET1,58593,16,58592,21,,,58594,5,58604,16,58605,21,58593.5,0.0
1,95500,PICNIC_BASKET2,30248,11,30247,21,,,30254,37,,,,,30251.0,0.0
1,95500,SQUID_INK,1890,8,1889,29,,,1893,29,,,,,1891.5,-1223.953125
1,95600,PICNIC_BASKET1,58597,1,58596,14,58595,26,58606,1,58607,14,58608,26,58601.5,0.0
1,95600,PICNIC_BASKET2,30248,1,30247,40,,,30253,1,30254,40,,,30250.5,0.0
1,95600,CROISSANTS,4272,60,4271,56,,,4273,116,,,,,4272.5,0.0
1,95600,JAMS,6520,56,6519,107,,,6521,56,6522,107,,,6520.5,0.0
1,95600,SQUID_INK,1888,27,,,,,1891,27,,,,,1889.5,-1165.1015625
1,95600,KELP,2033,27,,,,,2036,27,,,,,2034.5,13.71875
1,95600,DJEMBES,13360,26,13359,50,,,13361,76,,,,,13360.5,0.0
1,95600,RAINFOREST_RESIN,9992,25,,,,,10008,25,,,,,10000.0,113.0
1,95700,RAINFOREST_RESIN,9992,25,,,,,10008,25,,,,,10000.0,113.0
1,95700,DJEMBES,13359,27,13358,46,,,13360,73,,,,,13359.5,0.0
1,95700,PICNIC_BASKET1,58589,1,58588,15,58587,27,58598,1,58599,15,58600,27,58593.5,0.0
1,95700,PICNIC_BASKET2,30245,1,30244,42,,,30250,16,30251,27,,,30247.5,0.0
1,95700,SQUID_INK,1888,21,,,,,1891,21,,,,,1889.5,-1183.8125
1,95700,KELP,2033,21,,,,,2036,21,,,,,2034.5,17.734375
1,95700,CROISSANTS,4271,144,,,,,4272,55,4273,89,,,4271.5,0.0
1,95700,JAMS,6519,89,6518,176,,,6520,89,6521,176,,,6519.5,0.0
1,95800,RAINFOREST_RESIN,9992,30,,,,,10008,30,,,,,10000.0,113.0
1,95800,PICNIC_BASKET2,30245,12,30244,24,,,30250,2,30251,34,,,30247.5,0.0
1,95800,PICNIC_BASKET1,58589,2,58588,10,58587,24,58598,2,58599,10,58600,24,58593.5,0.0
1,95800,CROISSANTS,4271,101,,,,,4273,101,,,,,4272.0,0.0
1,95800,SQUID_INK,1888,23,,,,,1891,23,,,,,1889.5,-1176.5078125
1,95800,JAMS,6519,53,6518,179,,,6520,53,6521,179,,,6519.5,0.0
1,95800,DJEMBES,13359,59,,,,,13361,59,,,,,13360.0,0.0
1,95800,KELP,2033,23,,,,,2036,23,,,,,2034.5,17.71875
1,95900,CROISSANTS,4271,117,,,,,4272,54,4273,63,,,4271.5,0.0
1,95900,JAMS,6519,63,6518,157,,,6520,63,6521,157,,,6519.5,0.0
1,95900,KELP,2033,22,,,,,2036,22,,,,,2034.5,16.7109375
1,95900,RAINFOREST_RESIN,9992,33,,,,,10008,33,,,,,10000.0,113.0
1,95900,DJEMBES,13361,22,13360,45,,,13362,67,,,,,13361.5,0.0
1,95900,PICNIC_BASKET2,30242,1,30241,38,,,30247,17,30248,22,,,30244.5,0.0
1,95900,PICNIC_BASKET1,58594,1,58593,16,58592,22,58603,1,58604,16,58605,22,58598.5,0.0
1,95900,SQUID_INK,1888,22,,,,,1891,22,,,,,1889.5,-1159.25
1,96000,PICNIC_BASKET2,30240,1,30239,37,,,30245,1,30246,37,,,30242.5,0.0
1,96000,PICNIC_BASKET1,58596,1,58595,37,,,58605,1,58606,20,58607,17,58600.5,0.0
1,96000,SQUID_INK,1890,1,1888,24,,,1891,24,,,,,1890.5,-1157.9375
1,96000,CROISSANTS,4271,139,,,,,4272,139,,,,,4271.5,0.0
1,96000,JAMS,6518,252,,,,,6520,252,,,,,6519.0,0.0
1,96000,DJEMBES,13360,51,,,,,13361,51,,,,,13360.5,0.0
1,96000,KELP,2035,1,2033,24,,,2036,24,,,,,2035.5,13.2109375
1,96000,RAINFOREST_RESIN,9992,30,,,,,10008,30,,,,,10000.0,129.0
1,96100,RAINFOREST_RESIN,9992,33,,,,,10008,33,,,,,10000.0,129.0
1,96100,DJEMBES,13362,27,13361,35,,,13363,62,,,,,13362.5,0.0
1,96100,PICNIC_BASKET2,30240,19,30239,27,,,30246,46,,,,,30243.0,0.0
1,96100,PICNIC_BASKET1,58595,19,58594,27,,,58606,19,58607,27,,,58600.5,0.0
1,96100,SQUID_INK,1888,24,,,,,1890,7,1892,24,,,1889.0,-1186.296875
1,96100,CROISSANTS,4271,98,,,,,4272,98,,,,,4271.5,0.0
1,96100,JAMS,6518,243,,,,,6520,243,,,,,6519.0,0.0
1,96100,KELP,2033,24,,,,,2035,7,2036,24,,,2034.0,19.5234375
1,96200,RAINFOREST_RESIN,9992,29,,,,,10008,29,,,,,10000.0,129.0
1,96200,PICNIC_BASKET2,30242,32,,,,,30248,14,30249,18,,,30245.0,0.0
1,96200,PICNIC_BASKET1,58591,14,58590,18,,,58602,14,58603,18,,,58596.5,0.0
1,96200,SQUID_INK,1889,22,,,,,1892,22,,,,,1890.5,-1217.3125
1,96200,CROISSANTS,4271,121,,,,,4272,121,,,,,4271.5,0.0
1,96200,JAMS,6518,167,,,,,6520,167,,,,,6519.0,0.0
1,96200,DJEMBES,13362,60,,,,,13363,18,13364,42,,,13362.5,0.0
1,96200,KELP,2033,22,,,,,2036,22,,,,,2034.5,19.4609375
1,96300,CROISSANTS,4271,100,,,,,4272,104,,,,,4271.5,0.0
1,96300,JAMS,6518,247,,,,,6520,247,,,,,6519.0,0.0
1,96300,KELP,2035,1,2033,32,,,2036,32,,,,,2035.5,13.796875
1,96300,RAINFOREST_RESIN,9992,30,,,,,10008,30,,,,,10000.0,129.0
1,96300,DJEMBES,13362,69,,,,,13363,69,,,,,13362.5,0.0
1,96300,PICNIC_BASKET2,30243,2,30242,43,,,30248,19,30249,26,,,30245.5,0.0
1,96300,PICNIC_BASKET1,58589,2,58588,17,58587,26,58598,2,58599,17,58600,26,58593.5,0.0
1,96300,SQUID_INK,1891,1,1889,32,,,1892,32,,,,,1891.5,-1193.90625
1,96400,PICNIC_BASKET2,30242,38,,,,,30248,18,30249,20,,,30245.0,0.0
1,96400,PICNIC_BASKET1,58584,38,,,,,58595,18,58596,20,,,58589.5,0.0
1,96400,SQUID_INK,1889,22,,,,,1892,22,,,,,1890.5,-1211.828125
1,96400,CROISSANTS,4271,39,4270,100,,,4272,139,,,,,4271.5,0.0
1,96400,JAMS,6518,237,,,,,6520,237,,,,,6519.0,0.0
1,96400,DJEMBES,13361,68,,,,,13363,68,,,,,13362.0,0.0
1,96400,KELP,2033,22,,,,,2036,22,,,,,2034.5,17.265625
1,96400,RAINFOREST_RESIN,9992,27,,,,,10008,27,,,,,10000.0,129.0
1,96500,RAINFOREST_RESIN,9992,35,,,,,9998,4,10008,35,,,9995.0,129.0
1,96500,DJEMBES,13362,24,13361,50,,,13363,74,,,,,13362.5,0.0
1,96500,PICNIC_BASKET2,30243,17,30242,24,,,30249,41,,,,,30246.0,0.0
1,96500,PICNIC_BASKET1,58583,17,58582,24,,,58594,17,58595,24,,,58588.5,0.0
1,96500,SQUID_INK,1889,28,,,,,1892,26,,,,,1890.5,-1207.53125
1,96500,CROISSANTS,4271,42,4270,79,,,4272,121,,,,,4271.5,0.0
1,96500,JAMS,6518,79,6517,182,,,6519,79,6520,182,,,6518.5,0.0
1,96500,KELP,2033,28,,,,,2036,26,,,,,2034.5,16.2578125
1,96600,RAINFOREST_RESIN,9997,6,9992,28,,,10008,28,,,,,10002.5,93.0
1,96600,PICNIC_BASKET2,30245,15,30244,20,,,30250,2,30251,33,,,30247.5,0.0
1,96600,PICNIC_BASKET1,58582,2,58581,13,58580,20,58591,2,58592,13,58593,20,58586.5,0.0
1,96600,SQUID_INK,1890,5,1889,22,,,1892,22,,,,,1891.0,-1219.9296875
1,96600,CROISSANTS,4271,152,,,,,4272,62,4273,90,,,4271.5,0.0
1,96600,JAMS,6517,252,,,,,6519,252,,,,,6518.0,0.0
1,96600,DJEMBES,13363,68,,,,,13365,68,,,,,13364.0,0.0
1,96600,KELP,2034,3,2033,24,,,2036,22,,,,,2035.0,10.1796875
1,96700,CROISSANTS,4271,102,,,,,4273,112,,,,,4272.0,0.0
1,96700,JAMS,6517,73,6516,169,,,6518,73,6519,169,,,6517.5,0.0
1,96700,KELP,2033,20,,,,,2036,20,,,,,2034.5,11.3359375
1,96700,RAINFOREST_RESIN,9992,30,,,,,10008,30,,,,,10000.0,93.0
1,96700,DJEMBES,13364,19,13363,45,,,13365,64,,,,,13364.5,0.0
1,96700,PICNIC_BASKET2,30243,30,,,,,30249,11,30250,19,,,30246.0,0.0
1,96700,PICNIC_BASKET1,58578,11,58577,19,,,58589,11,58590,19,,,58583.5,0.0
1,96700,SQUID_INK,1889,20,,,,,1892,20,,,,,1890.5,-1207.9296875
1,96800,PICNIC_BASKET2,30239,10,30238,15,,,30245,10,30246,15,,,30242.0,0.0
1,96800,PICNIC_BASKET1,58580,10,58579,15,,,58591,10,58592,15,,,58585.5,0.0
1,96800,SQUID_INK,1891,23,,,,,1894,23,,,,,1892.5,-1271.484375
1,96800,CROISSANTS,4271,123,,,,,4272,115,,,,,4271.5,0.0
1,96800,JAMS,6517,56,6516,163,,,6518,56,6519,163,,,6517.5,0.0
1,96800,DJEMBES,13363,54,,,,,13365,54,,,,,13364.0,0.0
1,96800,KELP,2033,23,,,,,2036,23,,,,,2034.5,11.3203125
1,96800,RAINFOREST_RESIN,9992,28,,,,,10000,3,10008,28,,,9996.0,93.0
1,96900,DJEMBES,13364,57,,,,,13366,57,,,,,13365.0,0.0
1,96900,SQUID_INK,1892,30,,,,,1895,30,,,,,1893.5,-1322.1484375
1,96900,JAMS,6517,98,6516,164,,,6518,98,6519,164,,,6517.5,0.0
1,96900,CROISSANTS,4271,37,4270,98,,,4272,135,,,,,4271.5,0.0
1,96900,PICNIC_BASKET1,58577,1,58576,18,58575,20,58586,1,58587,18,58588,20,58581.5,0.0
1,96900,PICNIC_BASKET2,30239,1,30238,38,,,30244,1,30245,38,,,30241.5,0.0
1,96900,KELP,2033,30,,,,,2036,1,2037,29,,,2034.5,6.5078125
1,96900,RAINFOREST_RESIN,9992,35,,,,,10003,7,10008,35,,,9997.5,93.0
1,97000,PICNIC_BASKET1,58578,2,58577,13,58576,30,58587,2,58588,13,58589,30,58582.5,0.0
1,97000,PICNIC_BASKET2,30240,15,30239,30,,,30245,2,30246,43,,,30242.5,0.0
1,97000,SQUID_INK,1893,4,1892,26,,,1896,28,,,,,1894.5,-1335.4765625
1,97000,RAINFOREST_RESIN,9992,31,,,,,10008,31,,,,,10000.0,93.0
1,97000,CROISSANTS,4271,112,,,,,4272,112,,,,,4271.5,0.0
1,97000,JAMS,6517,251,,,,,6518,75,6519,176,,,6517.5,0.0
1,97000,DJEMBES,13363,72,,,,,13365,72,,,,,13364.0,0.0
1,97000,KELP,2034,2,2033,28,,,2036,2,2037,26,,,2035.0,6.46875
1,97100,CROISSANTS,4271,37,4270,88,,,4272,125,,,,,4271.5,0.0
1,97100,JAMS,6517,199,,,,,6518,88,6519,111,,,6517.5,0.0
1,97100,PICNIC_BASKET1,58579,20,58578,29,,,58590,49,,,,,58584.5,0.0
1,97100,PICNIC_BASKET2,30237,20,30236,29,,,30243,49,,,,,30240.0,0.0
1,97100,KELP,2033,22,,,,,2037,22,,,,,2035.0,8.609375
1,97100,RAINFOREST_RESIN,9992,33,,,,,10008,33,,,,,10000.0,93.0
1,97100,DJEMBES,13364,79,,,,,13366,79,,,,,13365.0,0.0
1,97100,SQUID_INK,1893,22,,,,,1896,22,,,,,1894.5,-1339.5234375
1,97200,SQUID_INK,1894,3,1893,24,,,1895,7,1896,24,,,1894.5,-1342.4609375
1,97200,RAINFOREST_RESIN,9992,32,,,,,10008,32,,,,,10000.0,93.0
1,97200,CROISSANTS,4270,124,,,,,4272,124,,,,,4271.0,0.0
1,97200,JAMS,6517,224,,,,,6519,224,,,,,6518.0,0.0
1,97200,DJEMBES,13365,63,,,,,13366,63,,,,,13365.5,0.0
1,97200,KELP,2034,3,2033,24,,,2035,7,2036,24,,,2034.5,11.65625
1,97200,PICNIC_BASKET1,58583,2,58582,13,58581,30,58592,2,58593,13,58594,30,58587.5,0.0
1,97200,PICNIC_BASKET2,30236,15,30235,30,,,30242,45,,,,,30239.0,0.0
1,97300,DJEMBES,13365,62,,,,,13367,62,,,,,13366.0,0.0
1,97300,SQUID_INK,1893,28,,,,,1896,28,,,,,1894.5,-1357.578125
1,97300,CROISSANTS,4271,51,4270,63,,,4272,114,,,,,4271.5,0.0
1,97300,JAMS,6518,175,,,,,6520,175,,,,,6519.0,0.0
1,97300,PICNIC_BASKET1,58588,45,,,,,58599,17,58600,28,,,58593.5,0.0
1,97300,PICNIC_BASKET2,30240,45,,,,,30247,45,,,,,30243.5,0.0
1,97300,KELP,2033,28,,,,,2036,28,,,,,2034.5,27.046875
1,97300,RAINFOREST_RESIN,9992,34,,,,,10008,34,,,,,10000.0,93.0
1,97400,SQUID_INK,1892,24,,,,,1895,1,1896,24,,,1893.5,-1330.3828125
1,97400,PICNIC_BASKET1,58591,1,58590,20,58589,26,58600,1,58601,20,58602,26,58595.5,0.0
1,97400,PICNIC_BASKET2,30243,21,30242,26,,,30248,1,30249,46,,,30245.5,0.0
1,97400,RAINFOREST_RESIN,10001,1,9992,30,,,10008,30,,,,,10004.5,93.0
1,97400,KELP,2033,24,,,,,2036,25,,,,,2034.5,24.6796875
1,97400,CROISSANTS,4270,125,,,,,4272,125,,,,,4271.0,0.0
1,97400,JAMS,6519,222,,,,,6521,222,,,,,6520.0,0.0
1,97400,DJEMBES,13365,61,,,,,13366,26,13367,35,,,13365.5,0.0
1,97500,KELP,2033,23,,,,,2036,23,,,,,2034.5,24.7109375
1,97500,CROISSANTS,4270,121,,,,,4272,121,,,,,4271.0,0.0
1,97500,JAMS,6519,253,,,,,6521,253,,,,,6520.0,0.0
1,97500,SQUID_INK,1894,23,,,,,1897,23,,,,,1895.5,-1390.9296875
1,97500,PICNIC_BASKET1,58591,17,58590,19,,,58602,17,58603,19,,,58596.5,0.0
1,97500,PICNIC_BASKET2,30241,17,30240,19,,,30247,36,,,,,30244.0,0.0
1,97500,RAINFOREST_RESIN,9992,32,,,,,10008,32,,,,,10000.0,93.0
1,97500,DJEMBES,13365,61,,,,,13366,61,,,,,13365.5,0.0
1,97600,RAINFOREST_RESIN,9992,30,,,,,10003,7,10008,30,,,9997.5,93.0
1,97600,KELP,2033,27,,,,,2036,27,,,,,2034.5,32.0234375
1,97600,CROISSANTS,4270,140,,,,,4272,140,,,,,4271.0,0.0
1,97600,JAMS,6519,221,,,,,6521,221,,,,,6520.0,0.0
1,97600,DJEMBES,13365,62,,,,,13366,62,,,,,13365.5,0.0
1,97600,SQUID_INK,1893,27,,,,,1896,27,,,,,1894.5,-1344.453125
1,97600,PICNIC_BASKET1,58593,9,58592,19,,,58603,1,58604,12,58605,19,58598.0,0.0
1,97600,PICNIC_BASKET2,30242,28,,,,,30248,13,30249,19,,,30245.0,0.0
1,97700,DJEMBES,13363,68,,,,,13365,68,,,,,13364.0,0.0
1,97700,KELP,2033,26,,,,,2036,26,,,,,2034.5,31.984375
1,97700,CROISSANTS,4270,156,,,,,4272,156,,,,,4271.0,0.0
1,97700,JAMS,6518,276,,,,,6520,276,,,,,6519.0,0.0
1,97700,SQUID_INK,1894,26,,,,,1897,26,,,,,1895.5,-1398.1953125
1,97700,PICNIC_BASKET1,58587,2,58586,12,58585,25,58596,2,58597,12,58598,25,58591.5,0.0
1,97700,PICNIC_BASKET2,30242,14,30241,25,,,30247,2,30248,37,,,30244.5,0.0
1,97700,RAINFOREST_RESIN,10002,3,9992,33,,,10008,33,,,,,10005.0,93.0
1,97800,SQUID_INK,1894,30,,,,,1897,30,,,,,1895.5,-1403.234375
1,97800,PICNIC_BASKET1,58583,7,58579,2,58578,19,58588,2,58589,19,58590,15,58585.5,0.0
1,97800,PICNIC_BASKET2,30247,7,30245,2,30244,34,30250,2,30251,34,,,30248.5,0.0
1,97800,RAINFOREST_RESIN,9992,25,,,,,10008,25,,,,,10000.0,93.0
1,97800,KELP,2033,30,,,,,2036,30,,,,,2034.5,35.234375
1,97800,CROISSANTS,4271,58,4270,51,,,4272,109,,,,,4271.5,0.0
1,97800,JAMS,6518,217,,,,,6520,217,,,,,6519.0,0.0
1,97800,DJEMBES,13363,21,13362,44,,,13364,59,,,,,13363.5,0.0
1,97900,KELP,2033,29,,,,,2036,27,,,,,2034.5,27.375
1,97900,CROISSANTS,4271,41,4270,87,,,4272,128,,,,,4271.5,0.0
1,97900,JAMS,6518,248,,,,,6520,248,,,,,6519.0,0.0
1,97900,SQUID_INK,1893,29,,,,,1896,27,,,,,1894.5,-1354.5859375
1,97900,PICNIC_BASKET1,58571,2,58570,14,58569,15,58575,2,58580,2,58581,14,58573.0,0.0
1,97900,PICNIC_BASKET2,30240,2,30239,29,,,30242,2,30245,16,30246,15,30241.0,0.0
1,97900,RAINFOREST_RESIN,9992,29,,,,,10008,29,,,,,10000.0,93.0
1,97900,DJEMBES,13363,55,,,,,13364,55,,,,,13363.5,0.0
1,98000,RAINFOREST_RESIN,9992,35,,,,,10008,35,,,,,10000.0,93.0
1,98000,DJEMBES,13363,71,,,,,13364,23,13365,48,,,13363.5,0.0
1,98000,KELP,2033,26,,,,,2036,26,,,,,2034.5,27.8203125
1,98000,CROISSANTS,4270,88,,,,,4272,88,,,,,4271.0,0.0
1,98000,JAMS,6518,53,6517,126,,,6519,179,,,,,6518.5,0.0
1,98000,SQUID_INK,1894,1,1893,25,,,1897,26,,,,,1895.5,-1375.390625
1,98000,PICNIC_BASKET2,30243,1,30242,37,,,30248,15,30249,23,,,30245.5,0.0
1,98000,PICNIC_BASKET1,58564,15,58563,23,,,58574,1,58575,37,,,58569.0,0.0
1,98100,DJEMBES,13364,69,,,,,13365,69,,,,,13364.5,0.0
1,98100,KELP,2033,37,,,,,2036,29,,,,,2034.5,32.3828125
1,98100,CROISSANTS,4270,126,,,,,4271,37,4272,89,,,4270.5,0.0
1,98100,SQUID_INK,1896,37,,,,,1899,29,,,,,1897.5,-1486.5
1,98100,PICNIC_BASKET2,30246,1,30245,39,,,30251,12,30252,28,,,30248.5,0.0
1,98100,PICNIC_BASKET1,58565,1,58564,11,58563,28,58574,1,58575,11,58576,28,58569.5,0.0
1,98100,JAMS,6518,89,6517,167,,,6519,89,6520,167,,,6518.5,0.0
1,98100,RAINFOREST_RESIN,9992,34,,,,,9999,1,10003,3,10008,34,9995.5,93.0
1,98200,SQUID_INK,1894,23,,,,,1897,23,,,,,1895.5,-1409.9453125
1,98200,PICNIC_BASKET2,30243,45,,,,,30249,19,30250,26,,,30246.0,0.0
1,98200,PICNIC_BASKET1,58564,19,58563,26,,,58575,19,58576,26,,,58569.5,0.0
1,98200,RAINFOREST_RESIN,9992,28,,,,,10008,28,,,,,10000.0,100.0
1,98200,DJEMBES,13364,26,13363,44,,,13365,70,,,,,13364.5,0.0
1,98200,KELP,2033,23,,,,,2036,23,,,,,2034.5,32.765625
1,98200,CROISSANTS,4270,120,,,,,4271,120,,,,,4270.5,0.0
1,98200,JAMS,6518,63,6517,167,,,6519,63,6520,167,,,6518.5,0.0
1,98300,KELP,2033,31,,,,,2036,31,,,,,2034.5,33.2734375
1,98300,SQUID_INK,1893,31,,,,,1897,31,,,,,1895.0,-1373.8984375
1,98300,PICNIC_BASKET2,30244,34,,,,,30250,21,30251,15,,,30247.0,0.0
1,98300,PICNIC_BASKET1,58560,19,58559,15,,,58570,1,58571,20,58572,15,58565.0,0.0
1,98300,CROISSANTS,4270,130,,,,,4271,130,,,,,4270.5,0.0
1,98300,JAMS,6518,87,6517,119,,,6519,87,6520,119,,,6518.5,0.0
1,98300,RAINFOREST_RESIN,9992,29,,,,,10008,29,,,,,10000.0,100.0
1,98300,DJEMBES,13364,50,,,,,13365,50,,,,,13364.5,0.0
1,98400,RAINFOREST_RESIN,9992,32,,,,,9999,1,10008,32,,,9995.5,100.0
1,98400,DJEMBES,13364,64,,,,,13365,64,,,,,13364.5,0.0
1,98400,KELP,2033,32,,,,,2036,29,,,,,2034.5,24.96875
1,98400,CROISSANTS,4270,110,,,,,4271,110,,,,,4270.5,0.0
1,98400,JAMS,6518,215,,,,,6520,215,,,,,6519.0,0.0
1,98400,SQUID_INK,1895,3,1894,29,,,1897,29,,,,,1896.0,-1411.2578125
1,98400,PICNIC_BASKET2,30245,2,30244,45,,,30250,18,30251,29,,,30247.5,0.0
1,98400,PICNIC_BASKET1,58559,2,58558,45,,,58568,2,58569,16,58570,29,58563.5,0.0
1,98500,DJEMBES,13363,59,,,,,13365,59,,,,,13364.0,0.0
1,98500,SQUID_INK,1895,24,,,,,1898,24,,,,,1896.5,-1451.046875
1,98500,KELP,2033,24,,,,,2036,24,,,,,2034.5,24.96875
1,98500,PICNIC_BASKET2,30244,14,30243,26,,,30250,40,,,,,30247.0,0.0
1,98500,PICNIC_BASKET1,58559,14,58558,26,,,58570,14,58571,26,,,58564.5,0.0
1,98500,CROISSANTS,4270,111,,,,,4271,115,,,,,4270.5,0.0
1,98500,JAMS,6518,66,6517,170,,,6519,66,6520,170,,,6518.5,0.0
1,98500,RAINFOREST_RESIN,9992,25,,,,,10008,25,,,,,10000.0,107.0
1,98600,SQUID_INK,1895,32,,,,,1898,32,,,,,1896.5,-1459.9296875
1,98600,PICNIC_BASKET2,30244,1,30242,2,30241,42,30247,19,30248,25,,,30245.5,0.0
1,98600,PICNIC_BASKET1,58564,1,58560,2,58559,17,58569,2,58570,17,58571,25,58566.5,0.0
1,98600,RAINFOREST_RESIN,9997,8,9992,30,,,10008,30,,,,,10002.5,107.0
1,98600,DJEMBES,13367,67,,,,,13368,64,,,,,13367.5,0.0
1,98600,KELP,2033,32,,,,,2036,32,,,,,2034.5,23.6953125
1,98600,CROISSANTS,4270,151,,,,,4271,151,,,,,4270.5,0.0
1,98600,JAMS,6518,89,6517,137,,,6519,89,6520,137,,,6518.5,0.0
1,98700,SQUID_INK,1898,1,1896,28,,,1899,28,,,,,1898.5,-1480.8046875
1,98700,KELP,2035,1,2033,28,,,2036,28,,,,,2035.5,20.546875
1,98700,PICNIC_BASKET2,30239,22,30238,15,,,30244,2,30245,35,,,30241.5,0.0
1,98700,PICNIC_BASKET1,58557,2,58556,20,58555,15,58566,2,58567,20,58568,15,58561.5,0.0
1,98700,CROISSANTS,4269,146,,,,,4270,146,,,,,4269.5,0.0
1,98700,JAMS,6517,213,,,,,6519,213,,,,,6518.0,0.0
1,98700,RAINFOREST_RESIN,9992,33,,,,,10008,33,,,,,10000.0,107.0
1,98700,DJEMBES,13366,57,,,,,13368,57,,,,,13367.0,0.0
1,98800,RAINFOREST_RESIN,9992,26,,,,,10008,26,,,,,10000.0,107.0
1,98800,DJEMBES,13366,68,,,,,13368,68,,,,,13367.0,0.0
1,98800,KELP,2033,22,,,,,2036,23,,,,,2034.5,20.421875
1,98800,CROISSANTS,4269,140,,,,,4270,140,,,,,4269.5,0.0
1,98800,JAMS,6519,209,,,,,6521,209,,,,,6520.0,0.0
1,98800,SQUID_INK,1896,22,,,,,1899,23,,,,,1897.5,-1490.5703125
1,98800,PICNIC_BASKET2,30241,19,30240,29,,,30247,48,,,,,30244.0,0.0
1,98800,PICNIC_BASKET1,58568,19,58567,29,,,58579,19,58580,29,,,58573.5,0.0
1,98900,DJEMBES,13367,62,,,,,13368,62,,,,,13367.5,0.0
1,98900,SQUID_INK,1895,20,,,,,1898,20,,,,,1896.5,-1430.3359375
1,98900,KELP,2033,20,,,,,2036,20,,,,,2034.5,23.734375
1,98900,PICNIC_BASKET2,30241,13,30240,20,,,30247,33,,,,,30244.0,0.0
1,98900,PICNIC_BASKET1,58570,33,,,,,58581,13,58582,20,,,58575.5,0.0
1,98900,CROISSANTS,4269,153,,,,,4271,153,,,,,4270.0,0.0
1,98900,JAMS,6519,290,,,,,6521,290,,,,,6520.0,0.0
1,98900,RAINFOREST_RESIN,9992,30,,,,,10008,30,,,,,10000.0,107.0
1,99000,SQUID_INK,1895,22,,,,,1898,1,1899,22,,,1896.5,-1468.8984375
1,99000,PICNIC_BASKET2,30246,19,30245,26,,,30251,1,30252,44,,,30248.5,0.0
1,99000,PICNIC_BASKET1,58579,1,58578,18,58577,26,58588,1,58589,18,58590,26,58583.5,0.0
1,99000,RAINFOREST_RESIN,9992,29,,,,,10008,29,,,,,10000.0,107.0
1,99000,DJEMBES,13367,26,13366,30,,,13368,56,,,,,13367.5,0.0
1,99000,KELP,2033,22,,,,,2036,23,,,,,2034.5,32.8203125
1,99000,CROISSANTS,4270,37,4269,61,,,4271,98,,,,,4270.5,0.0
1,99000,JAMS,6520,6,6519,242,,,6521,242,,,,,6520.5,0.0
1,99100,SQUID_INK,1896,2,1895,27,,,1898,27,,,,,1897.0,-1462.859375
1,99100,PICNIC_BASKET1,58576,2,58575,38,,,58586,21,58587,19,,,58581.0,0.0
1,99100,PICNIC_BASKET2,30246,2,30245,38,,,30251,21,30252,19,,,30248.5,0.0
1,99100,KELP,2033,29,,,,,2036,27,,,,,2034.5,35.7578125
1,99100,JAMS,6519,234,,,,,6521,234,,,,,6520.0,0.0
1,99100,CROISSANTS,4269,138,,,,,4270,138,,,,,4269.5,0.0
1,99100,RAINFOREST_RESIN,9992,34,,,,,10008,34,,,,,10000.0,107.0
1,99100,DJEMBES,13366,58,,,,,13367,58,,,,,13366.5,0.0
1,99200,RAINFOREST_RESIN,9992,28,,,,,10008,28,,,,,10000.0,107.0
1,99200,DJEMBES,13366,53,,,,,13367,53,,,,,13366.5,0.0
1,99200,KELP,2035,1,2033,30,,,2036,30,,,,,2035.5,32.03125
1,99200,JAMS,6519,201,,,,,6521,201,,,,,6520.0,0.0
1,99200,CROISSANTS,4269,98,,,,,4270,98,,,,,4269.5,0.0
1,99200,SQUID_INK,1898,1,1896,30,,,1899,30,,,,,1898.5,-1495.4453125
1,99200,PICNIC_BASKET1,58578,1,58577,10,58576,16,58587,1,58588,10,58589,16,58582.5,0.0
1,99200,PICNIC_BASKET2,30246,1,30245,26,,,30251,11,30252,16,,,30248.5,0.0
1,99300,DJEMBES,13366,56,,,,,13367,56,,,,,13366.5,0.0
1,99300,SQUID_INK,1896,2,1895,31,,,1897,3,1898,31,,,1896.5,-1458.375
1,99300,PICNIC_BASKET1,58584,6,58580,2,58579,44,58590,20,58591,26,,,58587.0,0.0
1,99300,PICNIC_BASKET2,30247,6,30244,46,,,30250,20,30251,26,,,30248.5,0.0
1,99300,KELP,2034,2,2033,31,,,2035,3,2036,31,,,2034.5,33.6796875
1,99300,CROISSANTS,4269,136,,,,,4270,136,,,,,4269.5,0.0
1,99300,JAMS,6519,278,,,,,6520,4,6521,278,,,6519.5,0.0
1,99300,RAINFOREST_RESIN,9992,31,,,,,10008,31,,,,,10000.0,107.0
1,99400,SQUID_INK,1894,29,,,,,1897,29,,,,,1895.5,-1393.6875
1,99400,PICNIC_BASKET1,58571,2,58570,18,58569,21,58580,2,58581,39,,,58575.5,0.0
1,99400,PICNIC_BASKET2,30241,20,30240,21,,,30247,41,,,,,30244.0,0.0
1,99400,RAINFOREST_RESIN,9992,28,,,,,10008,28,,,,,10000.0,107.0
1,99400,DJEMBES,13366,21,13365,30,,,13367,51,,,,,13366.5,0.0
1,99400,KELP,2033,29,,,,,2036,29,,,,,2034.5,33.21875
1,99400,CROISSANTS,4269,125,,,,,4270,38,4271,87,,,4269.5,0.0
1,99400,JAMS,6518,233,,,,,6520,233,,,,,6519.0,0.0
1,99500,SQUID_INK,1895,30,,,,,1898,30,,,,,1896.5,-1437.421875
1,99500,PICNIC_BASKET1,58573,2,58572,29,,,58583,12,58584,19,,,58578.0,0.0
1,99500,PICNIC_BASKET2,30240,12,30239,19,,,30245,2,30246,29,,,30242.5,0.0
1,99500,KELP,2033,30,,,,,2036,30,,,,,2034.5,27.9375
1,99500,CROISSANTS,4269,120,,,,,4270,120,,,,,4269.5,0.0
1,99500,JAMS,6518,79,6517,182,,,6519,79,6520,182,,,6518.5,0.0
1,99500,RAINFOREST_RESIN,9992,25,,,,,10008,25,,,,,10000.0,107.0
1,99500,DJEMBES,13365,62,,,,,13366,19,13367,38,,,13365.5,0.0
1,99600,RAINFOREST_RESIN,10002,4,9997,6,9992,27,10008,27,,,,,10005.0,107.0
1,99600,DJEMBES,13366,59,,,,,13367,59,,,,,13366.5,0.0
1,99600,KELP,2033,36,,,,,2036,29,,,,,2034.5,15.0
1,99600,CROISSANTS,4269,143,,,,,4270,143,,,,,4269.5,0.0
1,99600,JAMS,6517,260,,,,,6519,250,,,,,6518.0,0.0
1,99600,PICNIC_BASKET1,58572,2,58571,12,58570,24,58581,2,58582,12,58583,24,58576.5,0.0
1,99600,PICNIC_BASKET2,30238,2,30237,36,,,30243,2,30244,36,,,30240.5,0.0
1,99600,SQUID_INK,1893,7,1892,29,,,1895,29,,,,,1894.0,-1311.078125
1,99700,DJEMBES,13367,17,13366,46,,,13368,63,,,,,13367.5,0.0
1,99700,KELP,2033,26,,,,,2036,25,,,,,2034.5,16.8984375
1,99700,PICNIC_BASKET1,58570,2,58569,20,58568,17,58579,2,58580,20,58581,17,58574.5,0.0
1,99700,PICNIC_BASKET2,30233,2,30232,37,,,30238,22,30239,17,,,30235.5,0.0
1,99700,CROISSANTS,4269,101,,,,,4270,101,,,,,4269.5,0.0
1,99700,JAMS,6516,232,,,,,6518,232,,,,,6517.0,0.0
1,99700,SQUID_INK,1893,26,,,,,1896,25,,,,,1894.5,-1343.390625
1,99700,RAINFOREST_RESIN,9992,28,,,,,10008,28,,,,,10000.0,95.0
1,99800,KELP,2033,33,,,,,2036,26,,,,,2034.5,14.0234375
1,99800,PICNIC_BASKET1,58568,17,58567,21,,,58578,1,58579,37,,,58573.0,0.0
1,99800,PICNIC_BASKET2,30233,1,30232,37,,,30238,17,30239,21,,,30235.5,0.0
1,99800,SQUID_INK,1892,7,1891,26,,,1894,26,,,,,1893.0,-1262.5234375
1,99800,RAINFOREST_RESIN,9992,27,,,,,10008,27,,,,,10000.0,95.0
1,99800,DJEMBES,13367,21,13366,45,,,13368,66,,,,,13367.5,0.0
1,99800,CROISSANTS,4269,52,4268,51,,,4270,103,,,,,4269.5,0.0
1,99800,JAMS,6516,217,,,,,6518,217,,,,,6517.0,0.0
1,99900,PICNIC_BASKET1,58558,14,58557,29,,,58569,14,58570,29,,,58563.5,0.0
1,99900,PICNIC_BASKET2,30230,14,30229,29,,,30236,14,30237,29,,,30233.0,0.0
1,99900,CROISSANTS,4268,102,,,,,4269,43,4270,59,,,4268.5,0.0
1,99900,JAMS,6515,175,,,,,6517,175,,,,,6516.0,0.0
1,99900,SQUID_INK,1891,28,,,,,1895,28,,,,,1893.0,-1275.5
1,99900,RAINFOREST_RESIN,9992,34,,,,,10008,34,,,,,10000.0,95.0
1,99900,DJEMBES,13366,78,,,,,13368,78,,,,,13367.0,0.0
1,99900,KELP,2033,28,,,,,2036,28,,,,,2034.5,19.265625
