timestamp,buyer,seller,symbol,currency,price,quantity
0,,SUBMISSION,RAINFOREST_RESIN,SEASHELLS,10002,6
100,SUBMISSION,,RAINFOREST_RESIN,SEASHELLS,9997,2
100,,,KELP,SEASHELLS,2034,1
100,,,SQUID_INK,SEASHELLS,1838,1
200,,,KELP,SEASHELLS,2035,1
200,,,SQUID_INK,SEASHELLS,1842,1
300,SUBMISSION,,RAINFOREST_RESIN,SEASHELLS,10002,1
300,,,KELP,SEASHELLS,2034,1
300,,,SQUID_INK,SEASHELLS,1843,1
500,,,KELP,SEASHELLS,2034,1
500,,,SQUID_INK,SEASHELLS,1840,1
600,SUBMISSION,,RAINFOREST_RESIN,SEASHELLS,10000,10
600,,,SQUID_INK,SEASHELLS,1840,5
600,,,KELP,SEASHELLS,2033,5
700,,,SQUID_INK,SEASHELLS,1834,1
700,,,KELP,SEASHELLS,2032,1
800,,,KELP,SEASHELLS,2032,1
800,,,SQUID_INK,SEASHELLS,1833,1
1200,,,SQUID_INK,SEASHELLS,1837,1
1200,,,KELP,SEASHELLS,2032,1
1400,,,SQUID_INK,SEASHELLS,1842,6
1400,,,KELP,SEASHELLS,2033,6
1400,SUBMISSION,,RAINFOREST_RESIN,SEASHELLS,10002,1
1500,,SUBMISSION,KELP,SEASHELLS,2034,1
1900,,,KELP,SEASHELLS,2032,1
1900,,,SQUID_INK,SEASHELLS,1847,1
2100,SUBMISSION,,RAINFOREST_RESIN,SEASHELLS,9997,4
2500,,SUBMISSION,RAINFOREST_RESIN,SEASHELLS,10005,5
3000,,,SQUID_INK,SEASHELLS,1855,1
3000,,SUBMISSION,KELP,SEASHELLS,2035,1
3200,,,RAINFOREST_RESIN,SEASHELLS,10003,4
3700,,SUBMISSION,RAINFOREST_RESIN,SEASHELLS,9998,1
4000,,,KELP,SEASHELLS,2033,1
4300,,,KELP,SEASHELLS,2033,2
4300,,,SQUID_INK,SEASHELLS,1854,2
4800,,SUBMISSION,SQUID_INK,SEASHELLS,1856,1
4800,,SUBMISSION,RAINFOREST_RESIN,SEASHELLS,9998,1
5200,,,SQUID_INK,SEASHELLS,1854,5
5200,,,KELP,SEASHELLS,2033,5
5200,,,SQUID_INK,SEASHELLS,1854,4
5200,,,KELP,SEASHELLS,2033,4
5300,,,RAINFOREST_RESIN,SEASHELLS,9992,6
5400,,,KELP,SEASHELLS,2036,1
5400,,,SQUID_INK,SEASHELLS,1856,1
5500,,,SQUID_INK,SEASHELLS,1854,8
6000,,SUBMISSION,RAINFOREST_RESIN,SEASHELLS,10002,7
6200,,,SQUID_INK,SEASHELLS,1855,1
6200,,SUBMISSION,KELP,SEASHELLS,2035,1
6300,,,KELP,SEASHELLS,2036,11
6300,,SUBMISSION,SQUID_INK,SEASHELLS,1856,11
6600,,,KELP,SEASHELLS,2033,5
6600,,,KELP,SEASHELLS,2033,2
6600,SUBMISSION,,RAINFOREST_RESIN,SEASHELLS,9997,4
6600,,,SQUID_INK,SEASHELLS,1857,5
6600,,,SQUID_INK,SEASHELLS,1857,2
6700,,SUBMISSION,SQUID_INK,SEASHELLS,1858,1
6700,,,KELP,SEASHELLS,2035,1
6800,SUBMISSION,,RAINFOREST_RESIN,SEASHELLS,9997,6
6800,,,KELP,SEASHELLS,2033,1
6800,,,SQUID_INK,SEASHELLS,1857,1
6900,,SUBMISSION,RAINFOREST_RESIN,SEASHELLS,10002,1
6900,SUBMISSION,,RAINFOREST_RESIN,SEASHELLS,9997,6
7400,,,KELP,SEASHELLS,2036,13
7400,SUBMISSION,,RAINFOREST_RESIN,SEASHELLS,9997,2
7400,,SUBMISSION,SQUID_INK,SEASHELLS,1861,13
7500,,,SQUID_INK,SEASHELLS,1861,3
8000,,SUBMISSION,SQUID_INK,SEASHELLS,1863,1
8000,,SUBMISSION,KELP,SEASHELLS,2035,1
8100,,SUBMISSION,RAINFOREST_RESIN,SEASHELLS,10002,8
8200,,,SQUID_INK,SEASHELLS,1862,1
8200,,,KELP,SEASHELLS,2033,1
8400,,,RAINFOREST_RESIN,SEASHELLS,10002,1
8700,,SUBMISSION,KELP,SEASHELLS,2035,1
9900,SUBMISSION,,RAINFOREST_RESIN,SEASHELLS,10002,1
10300,,SUBMISSION,SQUID_INK,SEASHELLS,1870,1
10300,,,KELP,SEASHELLS,2036,1
10400,,SUBMISSION,RAINFOREST_RESIN,SEASHELLS,9998,1
10500,,SUBMISSION,RAINFOREST_RESIN,SEASHELLS,10005,1
10600,,,KELP,SEASHELLS,2033,4
10600,,,SQUID_INK,SEASHELLS,1870,4
10800,,,KELP,SEASHELLS,2033,6
10800,SUBMISSION,,RAINFOREST_RESIN,SEASHELLS,9997,6
10800,,,SQUID_INK,SEASHELLS,1872,6
11800,,,KELP,SEASHELLS,2032,4
11800,,,SQUID_INK,SEASHELLS,1869,4
12100,,,RAINFOREST_RESIN,SEASHELLS,9992,8
12700,,SUBMISSION,RAINFOREST_RESIN,SEASHELLS,10002,7
13100,,,KELP,SEASHELLS,2033,2
13200,,SUBMISSION,KELP,SEASHELLS,2034,1
13400,SUBMISSION,,RAINFOREST_RESIN,SEASHELLS,10002,1
13900,,,SQUID_INK,SEASHELLS,1867,3
14000,,,KELP,SEASHELLS,2032,1
14000,,,SQUID_INK,SEASHELLS,1867,1
14000,,,RAINFOREST_RESIN,SEASHELLS,10003,4
14100,,,KELP,SEASHELLS,2032,15
14100,,,SQUID_INK,SEASHELLS,1867,15
14400,,,SQUID_INK,SEASHELLS,1869,2
14400,,,KELP,SEASHELLS,2032,1
14400,,,SQUID_INK,SEASHELLS,1869,1
14400,,,KELP,SEASHELLS,2032,2
14600,,,SQUID_INK,SEASHELLS,1867,1
14600,,,KELP,SEASHELLS,2033,1
14800,SUBMISSION,,RAINFOREST_RESIN,SEASHELLS,9997,2
14900,,SUBMISSION,KELP,SEASHELLS,2034,4
15000,,,KELP,SEASHELLS,2032,1
15000,,,SQUID_INK,SEASHELLS,1868,1
15300,,,RAINFOREST_RESIN,SEASHELLS,10002,1
15800,,,SQUID_INK,SEASHELLS,1872,2
15800,,SUBMISSION,KELP,SEASHELLS,2034,2
15900,,,SQUID_INK,SEASHELLS,1868,3
16100,,,SQUID_INK,SEASHELLS,1870,2
16100,,,KELP,SEASHELLS,2033,2
16200,,,SQUID_INK,SEASHELLS,1870,1
16200,,,KELP,SEASHELLS,2033,1
16300,SUBMISSION,,RAINFOREST_RESIN,SEASHELLS,9997,1
17400,,SUBMISSION,KELP,SEASHELLS,2035,2
17400,,SUBMISSION,SQUID_INK,SEASHELLS,1875,2
17400,,SUBMISSION,KELP,SEASHELLS,2035,3
17400,,SUBMISSION,SQUID_INK,SEASHELLS,1875,3
17500,,,SQUID_INK,SEASHELLS,1876,12
17500,,,KELP,SEASHELLS,2036,12
17800,,SUBMISSION,RAINFOREST_RESIN,SEASHELLS,10002,2
17900,,SUBMISSION,SQUID_INK,SEASHELLS,1877,1
17900,,SUBMISSION,KELP,SEASHELLS,2035,1
18100,,,SQUID_INK,SEASHELLS,1875,8
18100,,,KELP,SEASHELLS,2033,8
18200,,,KELP,SEASHELLS,2033,1
18200,,,SQUID_INK,SEASHELLS,1875,1
18400,,SUBMISSION,SQUID_INK,SEASHELLS,1878,1
18400,,SUBMISSION,KELP,SEASHELLS,2035,1
18500,,,SQUID_INK,SEASHELLS,1877,1
18500,,,KELP,SEASHELLS,2033,1
18600,,,KELP,SEASHELLS,2033,9
18600,,,SQUID_INK,SEASHELLS,1877,9
19200,,SUBMISSION,RAINFOREST_RESIN,SEASHELLS,9997,5
19200,,,RAINFOREST_RESIN,SEASHELLS,9992,6
19500,,,SQUID_INK,SEASHELLS,1875,14
19500,,,KELP,SEASHELLS,2033,14
19500,,,RAINFOREST_RESIN,SEASHELLS,10001,1
19600,,,KELP,SEASHELLS,2036,11
19600,,SUBMISSION,RAINFOREST_RESIN,SEASHELLS,10002,1
19600,,,SQUID_INK,SEASHELLS,1880,11
20300,,SUBMISSION,RAINFOREST_RESIN,SEASHELLS,10002,2
20400,,SUBMISSION,SQUID_INK,SEASHELLS,1879,15
20500,,,SQUID_INK,SEASHELLS,1880,1
20500,,,KELP,SEASHELLS,2033,8
20500,,,SQUID_INK,SEASHELLS,1880,7
20500,,,SQUID_INK,SEASHELLS,1881,2
20500,,,KELP,SEASHELLS,2035,2
20600,,,KELP,SEASHELLS,2036,2
20600,,,SQUID_INK,SEASHELLS,1884,2
20700,,,KELP,SEASHELLS,2033,8
20700,,,KELP,SEASHELLS,2033,3
20700,,SUBMISSION,KELP,SEASHELLS,2035,2
20700,,,SQUID_INK,SEASHELLS,1881,2
20900,,,KELP,SEASHELLS,2033,1
20900,,,SQUID_INK,SEASHELLS,1877,1
21100,,,KELP,SEASHELLS,2034,2
21100,,,SQUID_INK,SEASHELLS,1878,2
21200,,SUBMISSION,KELP,SEASHELLS,2035,1
21200,,,SQUID_INK,SEASHELLS,1879,1
21500,,,SQUID_INK,SEASHELLS,1876,7
21500,,,KELP,SEASHELLS,2033,2
21700,SUBMISSION,,RAINFOREST_RESIN,SEASHELLS,9997,7
21900,,SUBMISSION,RAINFOREST_RESIN,SEASHELLS,9998,1
22100,,,SQUID_INK,SEASHELLS,1877,1
22100,,,KELP,SEASHELLS,2035,1
22200,,SUBMISSION,RAINFOREST_RESIN,SEASHELLS,9998,1
22500,,,SQUID_INK,SEASHELLS,1875,1
22500,,SUBMISSION,KELP,SEASHELLS,2035,1
22600,,SUBMISSION,KELP,SEASHELLS,2035,1
22700,SUBMISSION,,RAINFOREST_RESIN,SEASHELLS,9997,1
22800,,,KELP,SEASHELLS,2032,2
22800,,,SQUID_INK,SEASHELLS,1873,2
22900,,,SQUID_INK,SEASHELLS,1874,1
23000,,,RAINFOREST_RESIN,SEASHELLS,9992,2
23000,,SUBMISSION,KELP,SEASHELLS,2035,1
23000,,,SQUID_INK,SEASHELLS,1878,1
23100,SUBMISSION,,RAINFOREST_RESIN,SEASHELLS,9997,1
23200,,,SQUID_INK,SEASHELLS,1876,1
23200,,,KELP,SEASHELLS,2033,1
23300,SUBMISSION,,RAINFOREST_RESIN,SEASHELLS,9997,7
23400,,,KELP,SEASHELLS,2033,1
23400,,,SQUID_INK,SEASHELLS,1879,15
23400,,,KELP,SEASHELLS,2033,14
23600,,,SQUID_INK,SEASHELLS,1878,1
23900,,SUBMISSION,RAINFOREST_RESIN,SEASHELLS,9998,1
24000,SUBMISSION,,RAINFOREST_RESIN,SEASHELLS,10002,1
24300,,,KELP,SEASHELLS,2032,1
24300,,,SQUID_INK,SEASHELLS,1875,1
24500,,,SQUID_INK,SEASHELLS,1876,9
24500,,,KELP,SEASHELLS,2032,9
25900,,SUBMISSION,KELP,SEASHELLS,2034,2
25900,,,SQUID_INK,SEASHELLS,1875,2
26000,,,SQUID_INK,SEASHELLS,1874,1
26000,,,KELP,SEASHELLS,2033,13
26000,,SUBMISSION,KELP,SEASHELLS,2035,1
26100,,SUBMISSION,KELP,SEASHELLS,2035,1
26300,,,KELP,SEASHELLS,2033,1
26300,,,SQUID_INK,SEASHELLS,1869,1
26400,SUBMISSION,,RAINFOREST_RESIN,SEASHELLS,9997,8
26700,,SUBMISSION,KELP,SEASHELLS,2035,1
26700,,,SQUID_INK,SEASHELLS,1872,1
27100,,SUBMISSION,KELP,SEASHELLS,2035,1
27100,,,SQUID_INK,SEASHELLS,1876,1
27200,,,SQUID_INK,SEASHELLS,1874,1
27200,,SUBMISSION,KELP,SEASHELLS,2035,1
27300,,,SQUID_INK,SEASHELLS,1872,1
27300,SUBMISSION,,RAINFOREST_RESIN,SEASHELLS,10002,1
27300,,,KELP,SEASHELLS,2033,1
27500,,SUBMISSION,RAINFOREST_RESIN,SEASHELLS,9997,7
27500,,SUBMISSION,RAINFOREST_RESIN,SEASHELLS,9997,3
27600,,SUBMISSION,KELP,SEASHELLS,2036,1
28200,SUBMISSION,,RAINFOREST_RESIN,SEASHELLS,9997,7
28300,SUBMISSION,,RAINFOREST_RESIN,SEASHELLS,9997,2
28300,SUBMISSION,,RAINFOREST_RESIN,SEASHELLS,9997,7
28500,SUBMISSION,,RAINFOREST_RESIN,SEASHELLS,9997,2
28500,,,KELP,SEASHELLS,2034,1
28500,,,SQUID_INK,SEASHELLS,1875,1
28600,,,KELP,SEASHELLS,2034,1
28600,,,SQUID_INK,SEASHELLS,1877,5
28600,,,SQUID_INK,SEASHELLS,1876,1
28700,,,SQUID_INK,SEASHELLS,1877,1
28700,,,KELP,SEASHELLS,2034,1
29300,,,SQUID_INK,SEASHELLS,1881,1
29300,,,KELP,SEASHELLS,2036,1
29400,SUBMISSION,,RAINFOREST_RESIN,SEASHELLS,9997,5
29500,,,KELP,SEASHELLS,2034,1
29500,,,SQUID_INK,SEASHELLS,1880,1
29600,,,SQUID_INK,SEASHELLS,1881,4
29800,,SUBMISSION,KELP,SEASHELLS,2036,1
29900,,SUBMISSION,RAINFOREST_RESIN,SEASHELLS,10002,1
29900,,,KELP,SEASHELLS,2037,15
29900,,,SQUID_INK,SEASHELLS,1883,2
29900,,,SQUID_INK,SEASHELLS,1883,13
30400,,,SQUID_INK,SEASHELLS,1884,3
30400,SUBMISSION,,RAINFOREST_RESIN,SEASHELLS,9997,4
30700,,SUBMISSION,RAINFOREST_RESIN,SEASHELLS,10006,4
31000,,SUBMISSION,KELP,SEASHELLS,2036,5
31000,,,SQUID_INK,SEASHELLS,1884,1
31000,,SUBMISSION,KELP,SEASHELLS,2036,1
31100,,,KELP,SEASHELLS,2034,9
31100,,,SQUID_INK,SEASHELLS,1883,1
31100,,,SQUID_INK,SEASHELLS,1881,9
31100,,,KELP,SEASHELLS,2036,1
31200,,,SQUID_INK,SEASHELLS,1881,1
31200,,,KELP,SEASHELLS,2034,1
31800,,SUBMISSION,KELP,SEASHELLS,2036,2
32100,,,KELP,SEASHELLS,2034,2
32100,,,SQUID_INK,SEASHELLS,1883,2
32500,,SUBMISSION,KELP,SEASHELLS,2036,7
32500,,,SQUID_INK,SEASHELLS,1886,9
33200,,,SQUID_INK,SEASHELLS,1885,1
33200,,SUBMISSION,RAINFOREST_RESIN,SEASHELLS,10002,6
33200,,,KELP,SEASHELLS,2036,1
33700,,,RAINFOREST_RESIN,SEASHELLS,10002,3
34000,,,SQUID_INK,SEASHELLS,1886,1
34300,,,SQUID_INK,SEASHELLS,1884,1
34300,,,KELP,SEASHELLS,2034,1
34600,,,SQUID_INK,SEASHELLS,1888,14
34600,,,KELP,SEASHELLS,2038,14
34800,,,KELP,SEASHELLS,2034,10
34800,,,SQUID_INK,SEASHELLS,1886,10
35200,SUBMISSION,,RAINFOREST_RESIN,SEASHELLS,10002,1
35200,,SUBMISSION,RAINFOREST_RESIN,SEASHELLS,10007,4
35500,,SUBMISSION,RAINFOREST_RESIN,SEASHELLS,10002,1
35700,,,SQUID_INK,SEASHELLS,1886,11
35700,,,KELP,SEASHELLS,2037,11
36000,,,KELP,SEASHELLS,2035,2
36000,,,SQUID_INK,SEASHELLS,1882,2
36500,,,KELP,SEASHELLS,2034,1
36500,,,SQUID_INK,SEASHELLS,1886,1
36600,,,SQUID_INK,SEASHELLS,1888,2
36600,,,KELP,SEASHELLS,2035,2
36800,,SUBMISSION,RAINFOREST_RESIN,SEASHELLS,10002,7
37100,,,KELP,SEASHELLS,2037,9
37100,,,SQUID_INK,SEASHELLS,1891,9
37100,SUBMISSION,,RAINFOREST_RESIN,SEASHELLS,9997,2
37400,SUBMISSION,,RAINFOREST_RESIN,SEASHELLS,9997,1
37600,SUBMISSION,,KELP,SEASHELLS,2034,9
37600,,,SQUID_INK,SEASHELLS,1889,1
37600,,,SQUID_INK,SEASHELLS,1887,9
37600,,,KELP,SEASHELLS,2036,1
37700,SUBMISSION,,RAINFOREST_RESIN,SEASHELLS,9993,1
37800,,,KELP,SEASHELLS,2037,2
37800,,,SQUID_INK,SEASHELLS,1888,2
38300,,SUBMISSION,RAINFOREST_RESIN,SEASHELLS,10002,1
38400,,,SQUID_INK,SEASHELLS,1882,4
38400,,,KELP,SEASHELLS,2034,4
38500,SUBMISSION,,RAINFOREST_RESIN,SEASHELLS,9997,7
38700,,,SQUID_INK,SEASHELLS,1884,1
38700,,,KELP,SEASHELLS,2034,1
39100,,,SQUID_INK,SEASHELLS,1890,1
39100,,SUBMISSION,KELP,SEASHELLS,2035,1
39200,,,SQUID_INK,SEASHELLS,1887,2
39200,,,SQUID_INK,SEASHELLS,1888,4
39200,,,KELP,SEASHELLS,2034,2
39300,SUBMISSION,,RAINFOREST_RESIN,SEASHELLS,9997,5
39500,SUBMISSION,,RAINFOREST_RESIN,SEASHELLS,9997,6
39600,,SUBMISSION,RAINFOREST_RESIN,SEASHELLS,10002,2
39700,,,SQUID_INK,SEASHELLS,1889,1
39700,,,KELP,SEASHELLS,2034,1
40000,,,KELP,SEASHELLS,2034,14
40000,,,SQUID_INK,SEASHELLS,1889,13
40000,,,SQUID_INK,SEASHELLS,1889,1
40200,,,SQUID_INK,SEASHELLS,1891,6
40200,,SUBMISSION,KELP,SEASHELLS,2035,6
40500,,,SQUID_INK,SEASHELLS,1892,13
40500,,,KELP,SEASHELLS,2037,13
40700,,SUBMISSION,KELP,SEASHELLS,2036,1
40700,,,SQUID_INK,SEASHELLS,1891,1
41000,,SUBMISSION,RAINFOREST_RESIN,SEASHELLS,10002,5
41300,,SUBMISSION,RAINFOREST_RESIN,SEASHELLS,10002,1
41400,,,SQUID_INK,SEASHELLS,1889,5
41400,,,KELP,SEASHELLS,2034,5
41700,,SUBMISSION,RAINFOREST_RESIN,SEASHELLS,9997,4
41700,,SUBMISSION,KELP,SEASHELLS,2036,1
41800,,,KELP,SEASHELLS,2034,1
41800,,,SQUID_INK,SEASHELLS,1892,1
42400,,,KELP,SEASHELLS,2034,1
42400,,,SQUID_INK,SEASHELLS,1893,1
42600,,SUBMISSION,RAINFOREST_RESIN,SEASHELLS,9997,5
42800,,,SQUID_INK,SEASHELLS,1894,2
42800,,,KELP,SEASHELLS,2035,2
43800,,,SQUID_INK,SEASHELLS,1896,5
43800,,,KELP,SEASHELLS,2038,5
43900,,,KELP,SEASHELLS,2038,2
43900,,,SQUID_INK,SEASHELLS,1897,2
43900,,,KELP,SEASHELLS,2034,1
43900,,,SQUID_INK,SEASHELLS,1894,1
44700,,,KELP,SEASHELLS,2037,1
44700,,,SQUID_INK,SEASHELLS,1900,1
44800,,SUBMISSION,RAINFOREST_RESIN,SEASHELLS,9998,1
45000,,,KELP,SEASHELLS,2035,1
45000,,,SQUID_INK,SEASHELLS,1899,1
45200,,,SQUID_INK,SEASHELLS,1899,1
45200,,,KELP,SEASHELLS,2034,1
45300,,,KELP,SEASHELLS,2034,1
45300,,,SQUID_INK,SEASHELLS,1900,1
45400,,SUBMISSION,RAINFOREST_RESIN,SEASHELLS,9998,1
45500,,,KELP,SEASHELLS,2034,3
45500,,,SQUID_INK,SEASHELLS,1901,3
45800,SUBMISSION,,RAINFOREST_RESIN,SEASHELLS,9997,6
45800,SUBMISSION,,RAINFOREST_RESIN,SEASHELLS,9997,2
45900,,,KELP,SEASHELLS,2034,1
45900,,,SQUID_INK,SEASHELLS,1899,1
46400,,,KELP,SEASHELLS,2036,1
46400,,,SQUID_INK,SEASHELLS,1900,1
46500,,,KELP,SEASHELLS,2036,2
46600,,,KELP,SEASHELLS,2036,1
46600,,,SQUID_INK,SEASHELLS,1898,1
46900,,,SQUID_INK,SEASHELLS,1895,10
46900,,,KELP,SEASHELLS,2034,10
47200,,,KELP,SEASHELLS,2036,1
47200,,,SQUID_INK,SEASHELLS,1896,1
47400,,,KELP,SEASHELLS,2036,5
47400,,,SQUID_INK,SEASHELLS,1894,2
47400,,,KELP,SEASHELLS,2036,2
47700,SUBMISSION,,KELP,SEASHELLS,2035,10
47700,,,SQUID_INK,SEASHELLS,1893,10
48000,SUBMISSION,,RAINFOREST_RESIN,SEASHELLS,9997,1
48100,,SUBMISSION,RAINFOREST_RESIN,SEASHELLS,10002,8
48200,,,SQUID_INK,SEASHELLS,1897,1
48200,,,KELP,SEASHELLS,2035,1
48300,,,SQUID_INK,SEASHELLS,1896,4
48300,,,KELP,SEASHELLS,2035,4
48300,,,SQUID_INK,SEASHELLS,1896,1
48300,,,KELP,SEASHELLS,2035,1
48500,SUBMISSION,,RAINFOREST_RESIN,SEASHELLS,10002,1
48900,,,SQUID_INK,SEASHELLS,1896,1
48900,,,KELP,SEASHELLS,2034,1
49200,SUBMISSION,,RAINFOREST_RESIN,SEASHELLS,9997,1
49800,,SUBMISSION,RAINFOREST_RESIN,SEASHELLS,10002,4
49800,,,SQUID_INK,SEASHELLS,1890,1
49800,,SUBMISSION,KELP,SEASHELLS,2036,1
49800,,,SQUID_INK,SEASHELLS,1893,1
49800,,,KELP,SEASHELLS,2034,1
50000,,SUBMISSION,RAINFOREST_RESIN,SEASHELLS,10002,6
50400,,,KELP,SEASHELLS,2035,1
50400,,,KELP,SEASHELLS,2035,2
50400,,,SQUID_INK,SEASHELLS,1890,2
50400,,,SQUID_INK,SEASHELLS,1890,1
50600,,,SQUID_INK,SEASHELLS,1894,4
50600,,,RAINFOREST_RESIN,SEASHELLS,10002,1
50600,,,SQUID_INK,SEASHELLS,1895,1
50600,,,KELP,SEASHELLS,2037,1
50700,,SUBMISSION,RAINFOREST_RESIN,SEASHELLS,9998,1
50900,,,KELP,SEASHELLS,2035,1
50900,,,SQUID_INK,SEASHELLS,1892,1
50900,,,SQUID_INK,SEASHELLS,1893,5
51400,,,KELP,SEASHELLS,2036,5
51400,,,SQUID_INK,SEASHELLS,1896,5
51500,,,KELP,SEASHELLS,2038,4
51500,,,SQUID_INK,SEASHELLS,1898,4
51500,,SUBMISSION,RAINFOREST_RESIN,SEASHELLS,10002,8
51500,,,KELP,SEASHELLS,2034,2
51500,,,SQUID_INK,SEASHELLS,1895,2
51600,,,SQUID_INK,SEASHELLS,1897,1
51600,,,KELP,SEASHELLS,2036,1
52200,,,SQUID_INK,SEASHELLS,1897,1
52200,,,KELP,SEASHELLS,2035,1
52600,,,KELP,SEASHELLS,2035,2
52600,,,SQUID_INK,SEASHELLS,1897,2
52700,,SUBMISSION,KELP,SEASHELLS,2037,1
52700,,,SQUID_INK,SEASHELLS,1899,1
52800,,SUBMISSION,KELP,SEASHELLS,2037,1
52800,,,SQUID_INK,SEASHELLS,1900,1
53200,,SUBMISSION,KELP,SEASHELLS,2037,1
53300,,,SQUID_INK,SEASHELLS,1896,8
53300,,,KELP,SEASHELLS,2035,8
53700,SUBMISSION,,RAINFOREST_RESIN,SEASHELLS,10002,1
53700,SUBMISSION,,RAINFOREST_RESIN,SEASHELLS,10002,2
53800,SUBMISSION,,RAINFOREST_RESIN,SEASHELLS,10002,1
54100,,,KELP,SEASHELLS,2038,2
54100,,,SQUID_INK,SEASHELLS,1897,2
54200,,,KELP,SEASHELLS,2035,1
54200,,,SQUID_INK,SEASHELLS,1894,1
54300,,,KELP,SEASHELLS,2035,2
54300,,,SQUID_INK,SEASHELLS,1894,2
54600,SUBMISSION,,RAINFOREST_RESIN,SEASHELLS,9995,2
54700,,,KELP,SEASHELLS,2038,2
54700,,,SQUID_INK,SEASHELLS,1897,1
54900,,,KELP,SEASHELLS,2037,1
54900,,,SQUID_INK,SEASHELLS,1897,1
54900,,,SQUID_INK,SEASHELLS,1896,1
55200,,,KELP,SEASHELLS,2035,1
55200,,,SQUID_INK,SEASHELLS,1895,1
55300,,,KELP,SEASHELLS,2037,1
55300,,,SQUID_INK,SEASHELLS,1897,1
56700,,,KELP,SEASHELLS,2035,2
56700,,,SQUID_INK,SEASHELLS,1897,2
56800,,SUBMISSION,RAINFOREST_RESIN,SEASHELLS,9997,3
57000,,SUBMISSION,RAINFOREST_RESIN,SEASHELLS,10002,6
57100,,SUBMISSION,RAINFOREST_RESIN,SEASHELLS,9997,5
57100,,,SQUID_INK,SEASHELLS,1900,1
57100,,SUBMISSION,KELP,SEASHELLS,2037,1
57200,,SUBMISSION,RAINFOREST_RESIN,SEASHELLS,9998,1
57900,,,KELP,SEASHELLS,2035,2
58000,SUBMISSION,,RAINFOREST_RESIN,SEASHELLS,10002,1
58000,,,KELP,SEASHELLS,2038,14
58000,,,SQUID_INK,SEASHELLS,1905,14
58600,,,SQUID_INK,SEASHELLS,1903,1
58600,SUBMISSION,,KELP,SEASHELLS,2035,1
58800,,,KELP,SEASHELLS,2036,2
58800,,,SQUID_INK,SEASHELLS,1906,2
58900,,SUBMISSION,KELP,SEASHELLS,2036,2
58900,,SUBMISSION,KELP,SEASHELLS,2036,1
58900,,,SQUID_INK,SEASHELLS,1906,2
58900,,,SQUID_INK,SEASHELLS,1905,1
59200,,SUBMISSION,KELP,SEASHELLS,2036,3
59700,,,SQUID_INK,SEASHELLS,1899,1
59700,,,KELP,SEASHELLS,2037,1
59900,,,SQUID_INK,SEASHELLS,1897,2
59900,,,KELP,SEASHELLS,2035,2
60600,,,SQUID_INK,SEASHELLS,1897,1
60600,,,KELP,SEASHELLS,2034,1
60700,,,KELP,SEASHELLS,2034,1
60700,,,SQUID_INK,SEASHELLS,1899,1
60800,,,SQUID_INK,SEASHELLS,1901,1
60900,SUBMISSION,,RAINFOREST_RESIN,SEASHELLS,9997,8
61200,,,SQUID_INK,SEASHELLS,1898,3
61200,,,KELP,SEASHELLS,2034,1
61200,,,SQUID_INK,SEASHELLS,1898,1
61200,,,KELP,SEASHELLS,2035,3
61500,,,KELP,SEASHELLS,2036,1
61600,SUBMISSION,,RAINFOREST_RESIN,SEASHELLS,9995,2
61800,,,SQUID_INK,SEASHELLS,1899,1
61900,,,SQUID_INK,SEASHELLS,1898,9
61900,,,KELP,SEASHELLS,2034,9
62300,SUBMISSION,,RAINFOREST_RESIN,SEASHELLS,9997,7
62400,SUBMISSION,,RAINFOREST_RESIN,SEASHELLS,9997,2
62500,,SUBMISSION,RAINFOREST_RESIN,SEASHELLS,10002,2
62700,,,KELP,SEASHELLS,2037,15
62700,,,SQUID_INK,SEASHELLS,1903,15
63300,,,SQUID_INK,SEASHELLS,1906,1
63300,,,KELP,SEASHELLS,2036,1
63600,,,KELP,SEASHELLS,2036,1
63600,,,SQUID_INK,SEASHELLS,1901,1
63700,,,SQUID_INK,SEASHELLS,1901,5
63700,,,KELP,SEASHELLS,2035,5
63900,,,SQUID_INK,SEASHELLS,1901,2
63900,,SUBMISSION,RAINFOREST_RESIN,SEASHELLS,9997,5
63900,,,KELP,SEASHELLS,2035,2
64000,,,SQUID_INK,SEASHELLS,1900,1
64000,,,KELP,SEASHELLS,2034,1
64000,,SUBMISSION,RAINFOREST_RESIN,SEASHELLS,9996,10
64800,,,SQUID_INK,SEASHELLS,1898,1
64800,,,KELP,SEASHELLS,2034,1
65000,SUBMISSION,,RAINFOREST_RESIN,SEASHELLS,10002,1
65200,,,SQUID_INK,SEASHELLS,1903,1
65200,,,KELP,SEASHELLS,2034,1
65400,,,KELP,SEASHELLS,2035,2
65400,,,SQUID_INK,SEASHELLS,1900,2
65400,SUBMISSION,,RAINFOREST_RESIN,SEASHELLS,10002,1
65400,,,KELP,SEASHELLS,2035,1
65400,,,SQUID_INK,SEASHELLS,1900,1
65700,,,KELP,SEASHELLS,2034,1
65700,,,SQUID_INK,SEASHELLS,1901,1
66100,,,KELP,SEASHELLS,2038,2
66100,,,SQUID_INK,SEASHELLS,1904,2
66200,,,SQUID_INK,SEASHELLS,1902,5
66300,,,KELP,SEASHELLS,2038,4
66300,,SUBMISSION,RAINFOREST_RESIN,SEASHELLS,9997,4
66300,,,SQUID_INK,SEASHELLS,1904,4
66500,,,SQUID_INK,SEASHELLS,1906,11
66500,,,KELP,SEASHELLS,2038,11
66500,,SUBMISSION,RAINFOREST_RESIN,SEASHELLS,10000,6
67700,,,SQUID_INK,SEASHELLS,1897,3
67700,,,KELP,SEASHELLS,2036,3
67700,SUBMISSION,,RAINFOREST_RESIN,SEASHELLS,10002,6
68000,,,KELP,SEASHELLS,2037,1
68000,SUBMISSION,,RAINFOREST_RESIN,SEASHELLS,9997,7
68500,,,SQUID_INK,SEASHELLS,1897,1
68500,,,KELP,SEASHELLS,2036,1
68500,,,KELP,SEASHELLS,2037,1
69100,,,SQUID_INK,SEASHELLS,1901,1
69100,,,KELP,SEASHELLS,2035,1
69100,SUBMISSION,,RAINFOREST_RESIN,SEASHELLS,10002,1
69200,,,RAINFOREST_RESIN,SEASHELLS,9998,4
69300,SUBMISSION,,RAINFOREST_RESIN,SEASHELLS,9997,6
69400,,SUBMISSION,RAINFOREST_RESIN,SEASHELLS,10002,4
69500,SUBMISSION,,RAINFOREST_RESIN,SEASHELLS,9997,1
69600,SUBMISSION,,RAINFOREST_RESIN,SEASHELLS,9997,1
69800,,,KELP,SEASHELLS,2034,1
69800,,,SQUID_INK,SEASHELLS,1897,1
69900,,SUBMISSION,RAINFOREST_RESIN,SEASHELLS,10002,1
70100,,,KELP,SEASHELLS,2034,1
70100,,,SQUID_INK,SEASHELLS,1900,1
70300,,,SQUID_INK,SEASHELLS,1900,1
70300,,,KELP,SEASHELLS,2037,1
70600,,,SQUID_INK,SEASHELLS,1897,1
70600,,,KELP,SEASHELLS,2034,1
70700,,,KELP,SEASHELLS,2037,1
70700,,,SQUID_INK,SEASHELLS,1902,1
70800,SUBMISSION,,RAINFOREST_RESIN,SEASHELLS,9997,1
70900,,,SQUID_INK,SEASHELLS,1897,1
70900,,,KELP,SEASHELLS,2034,1
71000,,,SQUID_INK,SEASHELLS,1900,1
71000,,,KELP,SEASHELLS,2036,1
71000,,SUBMISSION,RAINFOREST_RESIN,SEASHELLS,9996,11
71700,,,SQUID_INK,SEASHELLS,1900,1
71700,,,KELP,SEASHELLS,2034,1
72400,SUBMISSION,,RAINFOREST_RESIN,SEASHELLS,10002,1
72700,SUBMISSION,,RAINFOREST_RESIN,SEASHELLS,10002,1
72800,,,SQUID_INK,SEASHELLS,1900,8
72800,,,KELP,SEASHELLS,2034,8
73400,SUBMISSION,,RAINFOREST_RESIN,SEASHELLS,9997,2
73600,,,KELP,SEASHELLS,2033,2
73600,,,SQUID_INK,SEASHELLS,1898,2
73600,,SUBMISSION,RAINFOREST_RESIN,SEASHELLS,9998,1
73800,,SUBMISSION,RAINFOREST_RESIN,SEASHELLS,9997,4
73900,,,KELP,SEASHELLS,2037,2
73900,,,SQUID_INK,SEASHELLS,1904,2
74200,,,SQUID_INK,SEASHELLS,1902,2
74200,,SUBMISSION,RAINFOREST_RESIN,SEASHELLS,10007,2
74200,,,KELP,SEASHELLS,2035,2
74300,,SUBMISSION,RAINFOREST_RESIN,SEASHELLS,10002,1
74300,,,KELP,SEASHELLS,2035,1
74300,,,SQUID_INK,SEASHELLS,1902,1
74300,,,SQUID_INK,SEASHELLS,1901,1
74400,,,RAINFOREST_RESIN,SEASHELLS,10001,1
74700,SUBMISSION,,RAINFOREST_RESIN,SEASHELLS,9997,5
75000,SUBMISSION,,KELP,SEASHELLS,2033,1
75000,,,SQUID_INK,SEASHELLS,1903,1
75300,,SUBMISSION,RAINFOREST_RESIN,SEASHELLS,10002,2
75500,,,KELP,SEASHELLS,2033,1
75500,,,SQUID_INK,SEASHELLS,1900,2
75600,,SUBMISSION,RAINFOREST_RESIN,SEASHELLS,9996,9
75700,,,RAINFOREST_RESIN,SEASHELLS,10002,2
75700,,,SQUID_INK,SEASHELLS,1902,2
75700,,SUBMISSION,KELP,SEASHELLS,2035,1
75700,,,KELP,SEASHELLS,2036,2
76700,,,KELP,SEASHELLS,2033,1
76700,,,SQUID_INK,SEASHELLS,1899,2
76700,,,SQUID_INK,SEASHELLS,1900,1
76700,,,KELP,SEASHELLS,2033,2
76900,,,SQUID_INK,SEASHELLS,1897,1
76900,,SUBMISSION,RAINFOREST_RESIN,SEASHELLS,10002,6
76900,,,KELP,SEASHELLS,2033,1
77300,,,KELP,SEASHELLS,2033,1
77300,,,SQUID_INK,SEASHELLS,1901,1
77400,,,KELP,SEASHELLS,2035,3
77400,,,SQUID_INK,SEASHELLS,1902,3
77600,,SUBMISSION,RAINFOREST_RESIN,SEASHELLS,10005,6
78200,,,KELP,SEASHELLS,2036,1
78200,,SUBMISSION,RAINFOREST_RESIN,SEASHELLS,10002,5
78200,,,SQUID_INK,SEASHELLS,1901,1
78800,SUBMISSION,,RAINFOREST_RESIN,SEASHELLS,10002,1
79100,,SUBMISSION,RAINFOREST_RESIN,SEASHELLS,10007,1
79400,,,SQUID_INK,SEASHELLS,1905,1
79400,,,KELP,SEASHELLS,2036,1
79500,,,SQUID_INK,SEASHELLS,1902,1
79500,,,KELP,SEASHELLS,2033,1
80000,,,KELP,SEASHELLS,2033,1
80000,,,SQUID_INK,SEASHELLS,1902,1
80100,,,KELP,SEASHELLS,2033,1
80100,,,SQUID_INK,SEASHELLS,1904,1
80200,SUBMISSION,,RAINFOREST_RESIN,SEASHELLS,9993,9
80200,,SUBMISSION,RAINFOREST_RESIN,SEASHELLS,9998,1
80300,,,KELP,SEASHELLS,2034,6
80400,,SUBMISSION,RAINFOREST_RESIN,SEASHELLS,10002,6
80500,,,KELP,SEASHELLS,2033,2
80500,,,KELP,SEASHELLS,2036,1
80500,,,SQUID_INK,SEASHELLS,1902,2
80500,,,SQUID_INK,SEASHELLS,1905,1
80900,,,RAINFOREST_RESIN,SEASHELLS,10002,4
80900,SUBMISSION,,RAINFOREST_RESIN,SEASHELLS,10002,4
81100,,SUBMISSION,RAINFOREST_RESIN,SEASHELLS,10002,7
81200,,,KELP,SEASHELLS,2036,2
81200,,,SQUID_INK,SEASHELLS,1904,2
81300,,,SQUID_INK,SEASHELLS,1902,1
81300,,,SQUID_INK,SEASHELLS,1903,2
81300,,,KELP,SEASHELLS,2035,1
81300,,,KELP,SEASHELLS,2036,2
82000,,SUBMISSION,RAINFOREST_RESIN,SEASHELLS,10002,2
82100,,SUBMISSION,RAINFOREST_RESIN,SEASHELLS,9998,8
82100,,SUBMISSION,RAINFOREST_RESIN,SEASHELLS,9998,1
82600,,,KELP,SEASHELLS,2033,2
82600,,,SQUID_INK,SEASHELLS,1895,14
82600,SUBMISSION,,KELP,SEASHELLS,2033,12
83500,,SUBMISSION,KELP,SEASHELLS,2035,1
83600,,,KELP,SEASHELLS,2033,2
83600,,,RAINFOREST_RESIN,SEASHELLS,9999,1
83600,,,SQUID_INK,SEASHELLS,1893,2
83700,SUBMISSION,,RAINFOREST_RESIN,SEASHELLS,9993,7
84000,,,KELP,SEASHELLS,2033,1
84000,,,SQUID_INK,SEASHELLS,1895,1
84300,,,KELP,SEASHELLS,2033,1
84300,,,SQUID_INK,SEASHELLS,1896,1
85200,SUBMISSION,,RAINFOREST_RESIN,SEASHELLS,10000,2
85500,,,SQUID_INK,SEASHELLS,1896,1
85500,,,KELP,SEASHELLS,2034,1
85800,,,SQUID_INK,SEASHELLS,1897,2
86000,SUBMISSION,,RAINFOREST_RESIN,SEASHELLS,9993,6
86000,,,SQUID_INK,SEASHELLS,1899,1
86000,,SUBMISSION,KELP,SEASHELLS,2034,4
86000,,,KELP,SEASHELLS,2034,1
86000,,SUBMISSION,RAINFOREST_RESIN,SEASHELLS,9998,1
86100,,,SQUID_INK,SEASHELLS,1897,1
86100,,,KELP,SEASHELLS,2032,1
86200,,,KELP,SEASHELLS,2032,1
86200,,,SQUID_INK,SEASHELLS,1898,1
86200,SUBMISSION,,RAINFOREST_RESIN,SEASHELLS,9997,2
86600,,,KELP,SEASHELLS,2032,1
86600,,SUBMISSION,RAINFOREST_RESIN,SEASHELLS,9996,9
86600,,,SQUID_INK,SEASHELLS,1898,1
86700,,SUBMISSION,KELP,SEASHELLS,2034,3
86700,,,KELP,SEASHELLS,2034,1
86700,,,SQUID_INK,SEASHELLS,1899,1
86900,,,SQUID_INK,SEASHELLS,1899,1
86900,,,KELP,SEASHELLS,2034,1
87000,,,KELP,SEASHELLS,2032,1
87000,,,SQUID_INK,SEASHELLS,1897,1
87400,,,KELP,SEASHELLS,2032,1
87400,,,SQUID_INK,SEASHELLS,1897,1
87600,,,SQUID_INK,SEASHELLS,1898,1
87600,,SUBMISSION,KELP,SEASHELLS,2034,1
87900,,SUBMISSION,KELP,SEASHELLS,2035,1
88200,SUBMISSION,,RAINFOREST_RESIN,SEASHELLS,9997,2
88200,,,KELP,SEASHELLS,2035,1
88200,,,SQUID_INK,SEASHELLS,1899,1
88300,,SUBMISSION,KELP,SEASHELLS,2034,2
88400,,,SQUID_INK,SEASHELLS,1897,1
88400,,,KELP,SEASHELLS,2034,1
88500,,,KELP,SEASHELLS,2035,1
88500,,,SQUID_INK,SEASHELLS,1898,1
88600,,,KELP,SEASHELLS,2032,4
89100,,,RAINFOREST_RESIN,SEASHELLS,10002,1
89100,,,KELP,SEASHELLS,2032,1
89100,,,SQUID_INK,SEASHELLS,1892,1
89400,,SUBMISSION,RAINFOREST_RESIN,SEASHELLS,9997,7
89600,,,KELP,SEASHELLS,2031,10
89600,,,SQUID_INK,SEASHELLS,1893,10
89600,,,SQUID_INK,SEASHELLS,1893,1
89800,,,SQUID_INK,SEASHELLS,1896,1
89800,SUBMISSION,,RAINFOREST_RESIN,SEASHELLS,10002,1
89800,,,KELP,SEASHELLS,2034,1
89900,,,SQUID_INK,SEASHELLS,1897,1
89900,,,KELP,SEASHELLS,2035,1
90100,SUBMISSION,,RAINFOREST_RESIN,SEASHELLS,9997,7
90200,,,SQUID_INK,SEASHELLS,1893,1
90200,,,KELP,SEASHELLS,2034,1
90300,,,SQUID_INK,SEASHELLS,1895,2
90300,,,KELP,SEASHELLS,2035,2
90400,,,KELP,SEASHELLS,2032,8
90400,,,SQUID_INK,SEASHELLS,1893,8
90500,,,KELP,SEASHELLS,2035,1
90500,,,SQUID_INK,SEASHELLS,1895,1
90700,,,SQUID_INK,SEASHELLS,1893,1
90700,,,KELP,SEASHELLS,2036,1
90800,SUBMISSION,,RAINFOREST_RESIN,SEASHELLS,10002,5
90800,,,RAINFOREST_RESIN,SEASHELLS,10002,3
91100,SUBMISSION,,RAINFOREST_RESIN,SEASHELLS,10002,1
91600,,SUBMISSION,RAINFOREST_RESIN,SEASHELLS,10002,1
91600,,,SQUID_INK,SEASHELLS,1886,1
91600,,,KELP,SEASHELLS,2034,1
91800,,,SQUID_INK,SEASHELLS,1886,1
91800,,,KELP,SEASHELLS,2033,1
91900,,,SQUID_INK,SEASHELLS,1888,2
91900,,,KELP,SEASHELLS,2035,2
92300,,,SQUID_INK,SEASHELLS,1888,1
92300,,,SQUID_INK,SEASHELLS,1891,1
92300,SUBMISSION,,RAINFOREST_RESIN,SEASHELLS,10000,1
92300,,,KELP,SEASHELLS,2033,1
92300,,,KELP,SEASHELLS,2036,1
92400,,,SQUID_INK,SEASHELLS,1891,2
92400,,,KELP,SEASHELLS,2036,2
92600,,,SQUID_INK,SEASHELLS,1886,1
92600,,SUBMISSION,RAINFOREST_RESIN,SEASHELLS,10002,5
92600,,,KELP,SEASHELLS,2033,1
93100,,,KELP,SEASHELLS,2034,2
93100,,,SQUID_INK,SEASHELLS,1887,2
93400,,SUBMISSION,RAINFOREST_RESIN,SEASHELLS,10002,1
93600,,,KELP,SEASHELLS,2037,1
93600,,,RAINFOREST_RESIN,SEASHELLS,9999,1
93600,,,SQUID_INK,SEASHELLS,1888,1
94000,,SUBMISSION,RAINFOREST_RESIN,SEASHELLS,9997,10
94100,SUBMISSION,,RAINFOREST_RESIN,SEASHELLS,9997,2
94500,,,KELP,SEASHELLS,2037,15
94500,,,SQUID_INK,SEASHELLS,1893,15
94700,,,SQUID_INK,SEASHELLS,1892,1
94700,,,KELP,SEASHELLS,2035,1
94800,,,KELP,SEASHELLS,2033,2
94800,,,SQUID_INK,SEASHELLS,1890,2
95000,,SUBMISSION,RAINFOREST_RESIN,SEASHELLS,10002,2
95100,,,SQUID_INK,SEASHELLS,1891,1
95100,,,KELP,SEASHELLS,2035,1
95300,,,SQUID_INK,SEASHELLS,1892,1
95300,,,KELP,SEASHELLS,2035,1
95500,,,RAINFOREST_RESIN,SEASHELLS,9999,1
95600,,,RAINFOREST_RESIN,SEASHELLS,10008,2
95800,,,KELP,SEASHELLS,2033,1
95800,,,SQUID_INK,SEASHELLS,1888,1
95900,,,KELP,SEASHELLS,2035,1
95900,,,SQUID_INK,SEASHELLS,1890,1
96000,,,KELP,SEASHELLS,2035,1
96000,,,SQUID_INK,SEASHELLS,1890,1
96100,,,SQUID_INK,SEASHELLS,1891,1
96100,,,SQUID_INK,SEASHELLS,1888,1
96100,,,KELP,SEASHELLS,2033,1
96100,SUBMISSION,,RAINFOREST_RESIN,SEASHELLS,9997,1
96100,,,KELP,SEASHELLS,2036,2
96400,,,SQUID_INK,SEASHELLS,1889,7
96400,,,KELP,SEASHELLS,2033,7
96400,,,SQUID_INK,SEASHELLS,1889,3
96400,,,KELP,SEASHELLS,2033,3
96600,,,SQUID_INK,SEASHELLS,1889,1
96600,,,KELP,SEASHELLS,2033,1
96900,,SUBMISSION,RAINFOREST_RESIN,SEASHELLS,10007,1
97200,,,KELP,SEASHELLS,2034,5
97200,,,SQUID_INK,SEASHELLS,1893,5
97300,,,RAINFOREST_RESIN,SEASHELLS,10008,7
97300,SUBMISSION,,RAINFOREST_RESIN,SEASHELLS,9997,1
97400,,SUBMISSION,RAINFOREST_RESIN,SEASHELLS,10002,1
97400,,,RAINFOREST_RESIN,SEASHELLS,10002,1
98100,,,KELP,SEASHELLS,2033,1
98100,,,SQUID_INK,SEASHELLS,1896,1
98200,,,KELP,SEASHELLS,2033,6
98200,,,SQUID_INK,SEASHELLS,1894,6
99200,,,SQUID_INK,SEASHELLS,1896,2
99200,SUBMISSION,,RAINFOREST_RESIN,SEASHELLS,9997,5
99200,,,KELP,SEASHELLS,2033,2
99300,,,KELP,SEASHELLS,2035,1
99300,,,SQUID_INK,SEASHELLS,1897,1
99400,,SUBMISSION,RAINFOREST_RESIN,SEASHELLS,10002,4
99500,,SUBMISSION,RAINFOREST_RESIN,SEASHELLS,10002,1
99600,,,KELP,SEASHELLS,2036,12
99600,,,SQUID_INK,SEASHELLS,1895,12
99600,SUBMISSION,,RAINFOREST_RESIN,SEASHELLS,9993,5
99700,,,SQUID_INK,SEASHELLS,1893,2
99700,,,KELP,SEASHELLS,2033,2
99900,,,KELP,SEASHELLS,2033,1
99900,,,SQUID_INK,SEASHELLS,1892,1
99900,SUBMISSION,,RAINFOREST_RESIN,SEASHELLS,9997,4
100000,,SUBMISSION,RAINFOREST_RESIN,SEASHELLS,10002,6
100000,SUBMISSION,,RAINFOREST_RESIN,SEASHELLS,9997,8
100100,SUBMISSION,,RAINFOREST_RESIN,SEASHELLS,10002,1
100200,SUBMISSION,,RAINFOREST_RESIN,SEASHELLS,9997,1
100300,,,SQUID_INK,SEASHELLS,1892,1
100300,,,KELP,SEASHELLS,2033,1
100600,,,KELP,SEASHELLS,2036,14
100600,,,SQUID_INK,SEASHELLS,1896,14
100900,,,SQUID_INK,SEASHELLS,1897,10
100900,,,KELP,SEASHELLS,2035,10
101000,,,RAINFOREST_RESIN,SEASHELLS,9992,8
101100,SUBMISSION,,RAINFOREST_RESIN,SEASHELLS,9997,2
101200,,SUBMISSION,RAINFOREST_RESIN,SEASHELLS,9998,1
101400,,,SQUID_INK,SEASHELLS,1897,1
101400,,,KELP,SEASHELLS,2035,1
101500,,,KELP,SEASHELLS,2035,5
101500,,,SQUID_INK,SEASHELLS,1896,1
101500,,,KELP,SEASHELLS,2035,1
101900,,,KELP,SEASHELLS,2035,1
101900,,,KELP,SEASHELLS,2034,4
101900,,,SQUID_INK,SEASHELLS,1895,1
102500,,,SQUID_INK,SEASHELLS,1899,1
102500,,,KELP,SEASHELLS,2035,1
102600,,,SQUID_INK,SEASHELLS,1898,3
102900,,SUBMISSION,RAINFOREST_RESIN,SEASHELLS,10007,1
103200,,SUBMISSION,RAINFOREST_RESIN,SEASHELLS,10002,10
103400,,,KELP,SEASHELLS,2033,4
103400,,,SQUID_INK,SEASHELLS,1896,4
103400,,,SQUID_INK,SEASHELLS,1896,1
103400,,,KELP,SEASHELLS,2033,1
103600,,SUBMISSION,RAINFOREST_RESIN,SEASHELLS,10005,1
104400,,,SQUID_INK,SEASHELLS,1896,2
104400,,,KELP,SEASHELLS,2036,2
104500,,,SQUID_INK,SEASHELLS,1894,2
104500,,,KELP,SEASHELLS,2033,2
104500,SUBMISSION,,RAINFOREST_RESIN,SEASHELLS,9997,6
104800,,,SQUID_INK,SEASHELLS,1897,1
104800,,,KELP,SEASHELLS,2035,1
104900,,,SQUID_INK,SEASHELLS,1896,1
104900,,,KELP,SEASHELLS,2035,1
105200,SUBMISSION,,RAINFOREST_RESIN,SEASHELLS,9997,5
105800,,,KELP,SEASHELLS,2033,2
105800,,,SQUID_INK,SEASHELLS,1892,2
105900,,,KELP,SEASHELLS,2035,1
105900,,,RAINFOREST_RESIN,SEASHELLS,10003,9
105900,,,SQUID_INK,SEASHELLS,1894,1
106000,,SUBMISSION,RAINFOREST_RESIN,SEASHELLS,10002,1
106300,,,SQUID_INK,SEASHELLS,1895,4
106300,,,KELP,SEASHELLS,2034,4
106400,,,SQUID_INK,SEASHELLS,1897,3
106500,,,SQUID_INK,SEASHELLS,1898,1
106500,,,KELP,SEASHELLS,2035,1
106500,SUBMISSION,,RAINFOREST_RESIN,SEASHELLS,9997,9
106500,,SUBMISSION,RAINFOREST_RESIN,SEASHELLS,10002,8
106700,SUBMISSION,,RAINFOREST_RESIN,SEASHELLS,9997,1
107000,SUBMISSION,,RAINFOREST_RESIN,SEASHELLS,10002,2
107300,,,SQUID_INK,SEASHELLS,1894,2
107300,,,KELP,SEASHELLS,2034,2
108700,SUBMISSION,,RAINFOREST_RESIN,SEASHELLS,10000,5
109000,SUBMISSION,,KELP,SEASHELLS,2034,13
109000,,,SQUID_INK,SEASHELLS,1892,13
109400,,SUBMISSION,KELP,SEASHELLS,2036,1
109500,,,KELP,SEASHELLS,2034,1
109500,,,SQUID_INK,SEASHELLS,1891,1
109700,SUBMISSION,,RAINFOREST_RESIN,SEASHELLS,9997,4
110100,,SUBMISSION,RAINFOREST_RESIN,SEASHELLS,10002,4
110900,,,SQUID_INK,SEASHELLS,1894,2
110900,,,SQUID_INK,SEASHELLS,1893,1
110900,,SUBMISSION,KELP,SEASHELLS,2036,2
111100,,,SQUID_INK,SEASHELLS,1893,2
111100,,,KELP,SEASHELLS,2036,1
111500,,,SQUID_INK,SEASHELLS,1889,1
111500,,SUBMISSION,RAINFOREST_RESIN,SEASHELLS,9998,1
111500,,,KELP,SEASHELLS,2033,1
111600,,,SQUID_INK,SEASHELLS,1890,1
111600,,,KELP,SEASHELLS,2033,1
112000,,,KELP,SEASHELLS,2036,1
112000,,,SQUID_INK,SEASHELLS,1892,1
112500,,SUBMISSION,RAINFOREST_RESIN,SEASHELLS,10002,2
112900,,SUBMISSION,RAINFOREST_RESIN,SEASHELLS,9998,1
113000,,,SQUID_INK,SEASHELLS,1896,1
113000,,,KELP,SEASHELLS,2035,1
113200,,SUBMISSION,RAINFOREST_RESIN,SEASHELLS,10002,2
113300,,SUBMISSION,RAINFOREST_RESIN,SEASHELLS,9998,2
113400,,,KELP,SEASHELLS,2033,9
113400,,,SQUID_INK,SEASHELLS,1894,9
113700,,,SQUID_INK,SEASHELLS,1899,1
113900,,,SQUID_INK,SEASHELLS,1898,1
113900,,SUBMISSION,KELP,SEASHELLS,2035,1
114200,SUBMISSION,,RAINFOREST_RESIN,SEASHELLS,10002,1
114400,SUBMISSION,,RAINFOREST_RESIN,SEASHELLS,10002,1
114400,,SUBMISSION,RAINFOREST_RESIN,SEASHELLS,10007,2
114400,SUBMISSION,,RAINFOREST_RESIN,SEASHELLS,10002,7
114700,,SUBMISSION,RAINFOREST_RESIN,SEASHELLS,10002,9
115100,,,KELP,SEASHELLS,2033,1
115200,SUBMISSION,,RAINFOREST_RESIN,SEASHELLS,9993,4
115300,SUBMISSION,,KELP,SEASHELLS,2034,11
115300,,SUBMISSION,RAINFOREST_RESIN,SEASHELLS,9996,7
115300,,,SQUID_INK,SEASHELLS,1896,11
115400,,SUBMISSION,KELP,SEASHELLS,2035,1
115500,,,KELP,SEASHELLS,2033,1
115500,,,SQUID_INK,SEASHELLS,1895,1
115900,,,KELP,SEASHELLS,2034,2
115900,,,SQUID_INK,SEASHELLS,1898,2
116100,,,KELP,SEASHELLS,2035,2
116100,,,SQUID_INK,SEASHELLS,1897,2
116100,SUBMISSION,,RAINFOREST_RESIN,SEASHELLS,10002,1
116400,,SUBMISSION,KELP,SEASHELLS,2035,10
116800,,SUBMISSION,RAINFOREST_RESIN,SEASHELLS,10000,5
117100,,,KELP,SEASHELLS,2034,2
117500,,,SQUID_INK,SEASHELLS,1901,1
117500,,,KELP,SEASHELLS,2032,1
118200,SUBMISSION,,RAINFOREST_RESIN,SEASHELLS,9997,4
118200,,,KELP,SEASHELLS,2032,8
118200,,,KELP,SEASHELLS,2033,1
118200,,,SQUID_INK,SEASHELLS,1902,1
118200,,,SQUID_INK,SEASHELLS,1902,8
118300,SUBMISSION,,KELP,SEASHELLS,2033,1
118300,,,SQUID_INK,SEASHELLS,1902,1
118400,,SUBMISSION,KELP,SEASHELLS,2035,1
118800,SUBMISSION,,RAINFOREST_RESIN,SEASHELLS,9997,4
119600,,,KELP,SEASHELLS,2034,1
119600,,,SQUID_INK,SEASHELLS,1903,2
120000,,,SQUID_INK,SEASHELLS,1899,1
120000,,,KELP,SEASHELLS,2031,1
120600,,,KELP,SEASHELLS,2032,1
120600,,,SQUID_INK,SEASHELLS,1898,1
120800,,,SQUID_INK,SEASHELLS,1900,1
120800,,,KELP,SEASHELLS,2032,1
121000,,SUBMISSION,RAINFOREST_RESIN,SEASHELLS,10007,2
121400,SUBMISSION,,RAINFOREST_RESIN,SEASHELLS,10002,1
121800,,,KELP,SEASHELLS,2033,3
121800,,,SQUID_INK,SEASHELLS,1902,3
122600,,,SQUID_INK,SEASHELLS,1899,1
122600,,,KELP,SEASHELLS,2032,1
123200,,SUBMISSION,KELP,SEASHELLS,2034,1
123300,SUBMISSION,,RAINFOREST_RESIN,SEASHELLS,10002,1
123500,,,SQUID_INK,SEASHELLS,1902,1
123500,,,KELP,SEASHELLS,2032,1
123600,,,KELP,SEASHELLS,2032,2
123600,,,SQUID_INK,SEASHELLS,1903,15
123600,,,KELP,SEASHELLS,2032,15
123600,,,SQUID_INK,SEASHELLS,1903,2
123700,,SUBMISSION,KELP,SEASHELLS,2034,1
123700,,,SQUID_INK,SEASHELLS,1905,1
123900,SUBMISSION,,RAINFOREST_RESIN,SEASHELLS,9997,6
124000,,SUBMISSION,KELP,SEASHELLS,2034,1
124200,SUBMISSION,,RAINFOREST_RESIN,SEASHELLS,10002,1
124300,,,KELP,SEASHELLS,2032,1
124300,,,SQUID_INK,SEASHELLS,1905,1
125000,SUBMISSION,,RAINFOREST_RESIN,SEASHELLS,9997,2
125200,SUBMISSION,,RAINFOREST_RESIN,SEASHELLS,9995,2
125500,,,KELP,SEASHELLS,2032,1
125500,,,SQUID_INK,SEASHELLS,1900,1
125600,SUBMISSION,,RAINFOREST_RESIN,SEASHELLS,9995,2
125700,,SUBMISSION,RAINFOREST_RESIN,SEASHELLS,9998,1
125900,,,SQUID_INK,SEASHELLS,1900,3
125900,,,KELP,SEASHELLS,2033,3
126100,,SUBMISSION,RAINFOREST_RESIN,SEASHELLS,9998,1
126500,,,SQUID_INK,SEASHELLS,1902,1
126500,,SUBMISSION,KELP,SEASHELLS,2034,1
126700,,SUBMISSION,KELP,SEASHELLS,2034,1
127000,,,SQUID_INK,SEASHELLS,1901,1
127000,,,KELP,SEASHELLS,2032,1
127200,,,KELP,SEASHELLS,2031,1
127200,,,SQUID_INK,SEASHELLS,1898,1
127400,,,SQUID_INK,SEASHELLS,1899,3
127400,,,KELP,SEASHELLS,2032,3
127400,,,SQUID_INK,SEASHELLS,1899,5
127400,,SUBMISSION,RAINFOREST_RESIN,SEASHELLS,9996,6
127400,,,KELP,SEASHELLS,2032,5
127600,,,KELP,SEASHELLS,2031,1
127600,,SUBMISSION,RAINFOREST_RESIN,SEASHELLS,10002,6
127600,,,SQUID_INK,SEASHELLS,1898,1
128100,,,SQUID_INK,SEASHELLS,1901,1
128100,,,KELP,SEASHELLS,2032,1
128200,,SUBMISSION,RAINFOREST_RESIN,SEASHELLS,10002,8
128400,,,SQUID_INK,SEASHELLS,1901,1
128400,,,KELP,SEASHELLS,2033,1
128900,,,KELP,SEASHELLS,2031,14
128900,,,SQUID_INK,SEASHELLS,1900,14
129000,,,KELP,SEASHELLS,2031,1
129000,,,SQUID_INK,SEASHELLS,1900,1
129200,,,KELP,SEASHELLS,2031,8
129200,,SUBMISSION,KELP,SEASHELLS,2033,1
129200,,,SQUID_INK,SEASHELLS,1901,1
129200,,,KELP,SEASHELLS,2031,4
129700,,,KELP,SEASHELLS,2032,1
129700,,,SQUID_INK,SEASHELLS,1901,2
129700,,,SQUID_INK,SEASHELLS,1898,3
129700,,,KELP,SEASHELLS,2032,2
129900,,,SQUID_INK,SEASHELLS,1899,1
129900,,,KELP,SEASHELLS,2031,1
130000,,,SQUID_INK,SEASHELLS,1900,10
130000,,,KELP,SEASHELLS,2031,10
130200,,SUBMISSION,RAINFOREST_RESIN,SEASHELLS,10002,2
130300,,,SQUID_INK,SEASHELLS,1903,1
130300,,,KELP,SEASHELLS,2034,1
130500,,SUBMISSION,RAINFOREST_RESIN,SEASHELLS,10002,1
130800,,,RAINFOREST_RESIN,SEASHELLS,9999,1
131000,,,KELP,SEASHELLS,2032,9
131000,,,SQUID_INK,SEASHELLS,1899,9
131100,,,SQUID_INK,SEASHELLS,1896,1
131100,,,KELP,SEASHELLS,2031,1
131200,SUBMISSION,,RAINFOREST_RESIN,SEASHELLS,9997,1
131600,,SUBMISSION,KELP,SEASHELLS,2033,3
131800,,,KELP,SEASHELLS,2034,1
131800,,,SQUID_INK,SEASHELLS,1893,1
132100,,,KELP,SEASHELLS,2034,1
132200,,,SQUID_INK,SEASHELLS,1888,1
132200,,,KELP,SEASHELLS,2032,1
132500,,,SQUID_INK,SEASHELLS,1891,1
132500,,,KELP,SEASHELLS,2032,1
132600,,SUBMISSION,RAINFOREST_RESIN,SEASHELLS,10002,1
132800,,,RAINFOREST_RESIN,SEASHELLS,9999,1
133000,SUBMISSION,,RAINFOREST_RESIN,SEASHELLS,10002,1
133400,,,SQUID_INK,SEASHELLS,1891,4
133400,,,KELP,SEASHELLS,2034,1
133400,,,SQUID_INK,SEASHELLS,1892,1
133500,,,KELP,SEASHELLS,2032,9
133500,,,SQUID_INK,SEASHELLS,1890,9
133800,,,KELP,SEASHELLS,2032,1
133800,,,SQUID_INK,SEASHELLS,1887,1
134000,,,SQUID_INK,SEASHELLS,1890,4
134000,,,KELP,SEASHELLS,2032,4
134000,,,SQUID_INK,SEASHELLS,1890,1
134000,,,KELP,SEASHELLS,2032,1
134200,,,KELP,SEASHELLS,2035,1
134200,,,SQUID_INK,SEASHELLS,1891,1
134400,,,SQUID_INK,SEASHELLS,1893,2
134400,,,KELP,SEASHELLS,2035,2
134400,,,KELP,SEASHELLS,2034,1
134400,,,SQUID_INK,SEASHELLS,1892,1
134600,,SUBMISSION,RAINFOREST_RESIN,SEASHELLS,9998,1
134600,,,RAINFOREST_RESIN,SEASHELLS,9999,1
134700,SUBMISSION,,RAINFOREST_RESIN,SEASHELLS,9997,2
135200,,,SQUID_INK,SEASHELLS,1892,1
135200,,,KELP,SEASHELLS,2035,1
135500,,,SQUID_INK,SEASHELLS,1891,14
135500,,,KELP,SEASHELLS,2035,14
135700,,SUBMISSION,RAINFOREST_RESIN,SEASHELLS,9996,2
135800,,,SQUID_INK,SEASHELLS,1888,3
135800,,,KELP,SEASHELLS,2032,3
136000,,,KELP,SEASHELLS,2035,12
136000,,,SQUID_INK,SEASHELLS,1890,12
136100,,,RAINFOREST_RESIN,SEASHELLS,9997,8
136300,SUBMISSION,,RAINFOREST_RESIN,SEASHELLS,9997,7
136300,SUBMISSION,,RAINFOREST_RESIN,SEASHELLS,9997,5
136600,,,SQUID_INK,SEASHELLS,1879,1
136600,,,KELP,SEASHELLS,2032,1
136900,,,SQUID_INK,SEASHELLS,1882,2
136900,,SUBMISSION,RAINFOREST_RESIN,SEASHELLS,10002,5
136900,,,KELP,SEASHELLS,2032,1
136900,,,KELP,SEASHELLS,2035,2
136900,,,SQUID_INK,SEASHELLS,1878,1
137200,,,SQUID_INK,SEASHELLS,1879,1
137200,,,KELP,SEASHELLS,2032,1
137500,,,KELP,SEASHELLS,2035,2
137500,,,SQUID_INK,SEASHELLS,1884,2
137900,,SUBMISSION,RAINFOREST_RESIN,SEASHELLS,10002,7
138100,,,RAINFOREST_RESIN,SEASHELLS,10008,2
138200,,,KELP,SEASHELLS,2032,2
138200,,,SQUID_INK,SEASHELLS,1882,2
138200,,,RAINFOREST_RESIN,SEASHELLS,10008,8
138300,SUBMISSION,,RAINFOREST_RESIN,SEASHELLS,10002,1
138300,,,KELP,SEASHELLS,2032,2
138300,,,SQUID_INK,SEASHELLS,1886,2
138500,,SUBMISSION,RAINFOREST_RESIN,SEASHELLS,9997,1
138600,,,SQUID_INK,SEASHELLS,1882,3
138600,,,KELP,SEASHELLS,2033,3
139200,,,RAINFOREST_RESIN,SEASHELLS,10008,8
139200,,,KELP,SEASHELLS,2035,1
139500,,,SQUID_INK,SEASHELLS,1881,1
139500,,,KELP,SEASHELLS,2032,1
139600,SUBMISSION,,RAINFOREST_RESIN,SEASHELLS,9997,8
140000,SUBMISSION,,RAINFOREST_RESIN,SEASHELLS,9997,5
140100,SUBMISSION,,RAINFOREST_RESIN,SEASHELLS,10001,1
140100,,,RAINFOREST_RESIN,SEASHELLS,10001,1
140300,,,SQUID_INK,SEASHELLS,1889,9
140300,,,KELP,SEASHELLS,2036,9
140400,,,RAINFOREST_RESIN,SEASHELLS,10001,1
140500,,,KELP,SEASHELLS,2032,7
140500,,,SQUID_INK,SEASHELLS,1884,7
140600,,,KELP,SEASHELLS,2032,3
140800,,,KELP,SEASHELLS,2032,1
140800,,,SQUID_INK,SEASHELLS,1885,1
141300,,,SQUID_INK,SEASHELLS,1889,1
141300,,,KELP,SEASHELLS,2035,1
141900,SUBMISSION,,RAINFOREST_RESIN,SEASHELLS,9995,2
142400,,,KELP,SEASHELLS,2032,1
142400,,,SQUID_INK,SEASHELLS,1889,1
142600,,,KELP,SEASHELLS,2032,1
142600,,,SQUID_INK,SEASHELLS,1890,1
142800,,,SQUID_INK,SEASHELLS,1890,1
142800,,,KELP,SEASHELLS,2034,1
143200,,,SQUID_INK,SEASHELLS,1890,2
143200,,,KELP,SEASHELLS,2035,2
143300,,,SQUID_INK,SEASHELLS,1885,11
143300,,,KELP,SEASHELLS,2032,11
143600,,,SQUID_INK,SEASHELLS,1892,12
143600,,,KELP,SEASHELLS,2035,12
143800,SUBMISSION,,KELP,SEASHELLS,2033,2
143800,,,SQUID_INK,SEASHELLS,1890,2
143800,SUBMISSION,,RAINFOREST_RESIN,SEASHELLS,10002,1
144000,,SUBMISSION,RAINFOREST_RESIN,SEASHELLS,10002,7
144300,,,KELP,SEASHELLS,2032,1
144300,,SUBMISSION,RAINFOREST_RESIN,SEASHELLS,9996,11
144300,,,SQUID_INK,SEASHELLS,1895,1
144300,,SUBMISSION,KELP,SEASHELLS,2034,1
144800,,,RAINFOREST_RESIN,SEASHELLS,9999,1
145000,,,RAINFOREST_RESIN,SEASHELLS,10008,2
145100,,,RAINFOREST_RESIN,SEASHELLS,10008,1
145200,,SUBMISSION,KELP,SEASHELLS,2034,1
145200,,,SQUID_INK,SEASHELLS,1895,1
145500,,,SQUID_INK,SEASHELLS,1896,4
146000,,,KELP,SEASHELLS,2035,8
146000,,,SQUID_INK,SEASHELLS,1897,8
146100,,,SQUID_INK,SEASHELLS,1898,15
146100,,,KELP,SEASHELLS,2035,15
146200,,,KELP,SEASHELLS,2035,2
146200,,,SQUID_INK,SEASHELLS,1898,2
146400,,,RAINFOREST_RESIN,SEASHELLS,10003,6
146500,,,SQUID_INK,SEASHELLS,1895,1
146500,,,RAINFOREST_RESIN,SEASHELLS,9997,7
146600,SUBMISSION,,RAINFOREST_RESIN,SEASHELLS,9997,1
146600,,,SQUID_INK,SEASHELLS,1898,5
146800,,,RAINFOREST_RESIN,SEASHELLS,9997,6
146800,,SUBMISSION,RAINFOREST_RESIN,SEASHELLS,9996,1
146900,,,KELP,SEASHELLS,2032,5
146900,,,SQUID_INK,SEASHELLS,1897,9
146900,,,KELP,SEASHELLS,2031,9
147100,,,RAINFOREST_RESIN,SEASHELLS,9998,3
147300,,,KELP,SEASHELLS,2033,4
147300,,,SQUID_INK,SEASHELLS,1905,4
147600,,,SQUID_INK,SEASHELLS,1907,5
147600,,,KELP,SEASHELLS,2034,5
147600,SUBMISSION,,RAINFOREST_RESIN,SEASHELLS,9997,8
147800,,,SQUID_INK,SEASHELLS,1905,1
147800,,,KELP,SEASHELLS,2033,1
148000,,,KELP,SEASHELLS,2033,1
148000,,,SQUID_INK,SEASHELLS,1903,1
148300,,,SQUID_INK,SEASHELLS,1903,1
148300,,,KELP,SEASHELLS,2033,1
148300,,SUBMISSION,RAINFOREST_RESIN,SEASHELLS,9998,1
148500,,,KELP,SEASHELLS,2031,9
148500,,,SQUID_INK,SEASHELLS,1900,9
148600,,SUBMISSION,RAINFOREST_RESIN,SEASHELLS,10002,6
148700,SUBMISSION,,RAINFOREST_RESIN,SEASHELLS,9997,6
148800,,,SQUID_INK,SEASHELLS,1902,1
148900,,,SQUID_INK,SEASHELLS,1903,2
148900,,,KELP,SEASHELLS,2035,2
149000,,SUBMISSION,RAINFOREST_RESIN,SEASHELLS,9997,7
149200,,,RAINFOREST_RESIN,SEASHELLS,9999,1
149300,,,SQUID_INK,SEASHELLS,1899,2
149300,,,KELP,SEASHELLS,2032,2
150000,,,KELP,SEASHELLS,2034,10
150600,,,SQUID_INK,SEASHELLS,1903,1
150600,,,KELP,SEASHELLS,2032,11
151400,,,SQUID_INK,SEASHELLS,1907,1
151400,,,KELP,SEASHELLS,2032,1
151500,SUBMISSION,,RAINFOREST_RESIN,SEASHELLS,9997,2
151800,,SUBMISSION,RAINFOREST_RESIN,SEASHELLS,9997,2
151900,SUBMISSION,,RAINFOREST_RESIN,SEASHELLS,10002,1
152000,,,KELP,SEASHELLS,2032,1
152000,,,SQUID_INK,SEASHELLS,1910,1
152100,,SUBMISSION,RAINFOREST_RESIN,SEASHELLS,9998,1
152100,,,RAINFOREST_RESIN,SEASHELLS,9999,1
152400,,,SQUID_INK,SEASHELLS,1915,1
152400,,,KELP,SEASHELLS,2035,1
152500,SUBMISSION,,RAINFOREST_RESIN,SEASHELLS,10002,1
152600,,,SQUID_INK,SEASHELLS,1910,2
152600,,,KELP,SEASHELLS,2032,2
152800,,,KELP,SEASHELLS,2032,1
152800,,,SQUID_INK,SEASHELLS,1912,1
153200,,,SQUID_INK,SEASHELLS,1914,1
153200,,,KELP,SEASHELLS,2032,1
153700,,,SQUID_INK,SEASHELLS,1914,1
153700,,,KELP,SEASHELLS,2032,1
154400,,,SQUID_INK,SEASHELLS,1915,13
154400,,,KELP,SEASHELLS,2035,13
154700,,,SQUID_INK,SEASHELLS,1914,1
154700,,,KELP,SEASHELLS,2034,1
154800,,SUBMISSION,RAINFOREST_RESIN,SEASHELLS,10002,1
155000,SUBMISSION,,RAINFOREST_RESIN,SEASHELLS,10000,8
155000,SUBMISSION,,RAINFOREST_RESIN,SEASHELLS,10000,2
155100,,,SQUID_INK,SEASHELLS,1910,1
155100,,,KELP,SEASHELLS,2032,1
155100,,,KELP,SEASHELLS,2035,2
155100,,,SQUID_INK,SEASHELLS,1913,2
155200,,,SQUID_INK,SEASHELLS,1911,6
155200,,,KELP,SEASHELLS,2033,6
155300,,,KELP,SEASHELLS,2032,4
155300,,,SQUID_INK,SEASHELLS,1911,4
155800,SUBMISSION,,RAINFOREST_RESIN,SEASHELLS,10002,1
155900,,,KELP,SEASHELLS,2034,9
155900,,,KELP,SEASHELLS,2035,8
155900,,,SQUID_INK,SEASHELLS,1915,8
156000,,,KELP,SEASHELLS,2032,5
156000,,,SQUID_INK,SEASHELLS,1912,3
156000,,,KELP,SEASHELLS,2032,3
156000,,,SQUID_INK,SEASHELLS,1912,5
156300,,,KELP,SEASHELLS,2035,1
156300,,,SQUID_INK,SEASHELLS,1914,1
156500,,,KELP,SEASHELLS,2031,1
156500,,,SQUID_INK,SEASHELLS,1911,1
156600,,SUBMISSION,RAINFOREST_RESIN,SEASHELLS,10000,8
156900,SUBMISSION,,RAINFOREST_RESIN,SEASHELLS,10002,1
157100,,SUBMISSION,RAINFOREST_RESIN,SEASHELLS,9998,4
157300,,,SQUID_INK,SEASHELLS,1912,3
157500,,,SQUID_INK,SEASHELLS,1914,1
157500,,,KELP,SEASHELLS,2035,1
157600,SUBMISSION,,RAINFOREST_RESIN,SEASHELLS,10002,6
157700,,,KELP,SEASHELLS,2034,1
157700,,,SQUID_INK,SEASHELLS,1915,1
158400,,,KELP,SEASHELLS,2031,6
158400,,,SQUID_INK,SEASHELLS,1913,6
159300,,SUBMISSION,RAINFOREST_RESIN,SEASHELLS,10002,6
159300,,,RAINFOREST_RESIN,SEASHELLS,10002,4
159600,,,KELP,SEASHELLS,2032,1
159600,,,SQUID_INK,SEASHELLS,1911,1
159900,,,KELP,SEASHELLS,2032,5
159900,,,SQUID_INK,SEASHELLS,1909,5
160100,,,RAINFOREST_RESIN,SEASHELLS,10008,1
160500,,,KELP,SEASHELLS,2032,8
160500,,,KELP,SEASHELLS,2034,1
160500,,,SQUID_INK,SEASHELLS,1914,1
160500,,,SQUID_INK,SEASHELLS,1912,8
160900,SUBMISSION,,RAINFOREST_RESIN,SEASHELLS,9997,4
161100,,,SQUID_INK,SEASHELLS,1912,8
161100,SUBMISSION,,KELP,SEASHELLS,2032,8
161300,,,KELP,SEASHELLS,2034,2
161300,,,SQUID_INK,SEASHELLS,1917,2
161500,,SUBMISSION,KELP,SEASHELLS,2033,1
161900,,SUBMISSION,RAINFOREST_RESIN,SEASHELLS,9996,4
162100,,,KELP,SEASHELLS,2031,1
162100,,,SQUID_INK,SEASHELLS,1913,1
162200,,,SQUID_INK,SEASHELLS,1915,1
162200,,,KELP,SEASHELLS,2031,1
162400,,,SQUID_INK,SEASHELLS,1917,3
162400,,,RAINFOREST_RESIN,SEASHELLS,10008,2
162400,,,KELP,SEASHELLS,2031,3
162400,,,KELP,SEASHELLS,2031,1
162400,,,SQUID_INK,SEASHELLS,1916,1
162500,,SUBMISSION,KELP,SEASHELLS,2033,1
162600,,,KELP,SEASHELLS,2031,1
162600,,,SQUID_INK,SEASHELLS,1915,1
163000,,,SQUID_INK,SEASHELLS,1915,1
163200,,,KELP,SEASHELLS,2033,15
163400,,,KELP,SEASHELLS,2030,1
163400,,,SQUID_INK,SEASHELLS,1918,1
163600,,SUBMISSION,KELP,SEASHELLS,2032,1
163600,,,SQUID_INK,SEASHELLS,1921,1
163900,,SUBMISSION,KELP,SEASHELLS,2033,1
163900,,,RAINFOREST_RESIN,SEASHELLS,10003,2
163900,,,SQUID_INK,SEASHELLS,1920,1
164200,,,RAINFOREST_RESIN,SEASHELLS,10008,5
164400,SUBMISSION,,RAINFOREST_RESIN,SEASHELLS,10002,1
164400,,,KELP,SEASHELLS,2031,1
164400,,,SQUID_INK,SEASHELLS,1921,1
164500,,SUBMISSION,RAINFOREST_RESIN,SEASHELLS,10002,1
164900,,,SQUID_INK,SEASHELLS,1916,12
164900,,,KELP,SEASHELLS,2031,5
164900,,,KELP,SEASHELLS,2031,12
165100,SUBMISSION,,RAINFOREST_RESIN,SEASHELLS,10002,1
165200,,,KELP,SEASHELLS,2031,2
165200,,,SQUID_INK,SEASHELLS,1916,1
165200,,,SQUID_INK,SEASHELLS,1916,2
165200,,,KELP,SEASHELLS,2031,1
165200,SUBMISSION,,RAINFOREST_RESIN,SEASHELLS,9997,1
165300,,,RAINFOREST_RESIN,SEASHELLS,9997,3
165300,,SUBMISSION,RAINFOREST_RESIN,SEASHELLS,9996,3
165800,SUBMISSION,,RAINFOREST_RESIN,SEASHELLS,9997,8
165900,,SUBMISSION,RAINFOREST_RESIN,SEASHELLS,9998,1
165900,SUBMISSION,,RAINFOREST_RESIN,SEASHELLS,9993,2
165900,,,KELP,SEASHELLS,2031,9
165900,SUBMISSION,,SQUID_INK,SEASHELLS,1914,9
166100,,,KELP,SEASHELLS,2031,8
166100,,,SQUID_INK,SEASHELLS,1910,8
167200,,,SQUID_INK,SEASHELLS,1914,2
167200,,,KELP,SEASHELLS,2033,2
167200,,SUBMISSION,KELP,SEASHELLS,2033,4
167400,SUBMISSION,,RAINFOREST_RESIN,SEASHELLS,10002,1
167500,,SUBMISSION,RAINFOREST_RESIN,SEASHELLS,9997,1
167500,,SUBMISSION,RAINFOREST_RESIN,SEASHELLS,9997,9
167600,,,SQUID_INK,SEASHELLS,1913,1
167600,,,KELP,SEASHELLS,2031,1
167700,,,KELP,SEASHELLS,2034,8
167700,SUBMISSION,,RAINFOREST_RESIN,SEASHELLS,9997,4
167700,,,SQUID_INK,SEASHELLS,1917,8
168100,,SUBMISSION,RAINFOREST_RESIN,SEASHELLS,9997,4
168100,,SUBMISSION,SQUID_INK,SEASHELLS,1916,9
168400,,,SQUID_INK,SEASHELLS,1915,3
168500,,,RAINFOREST_RESIN,SEASHELLS,9998,5
168700,,,KELP,SEASHELLS,2031,1
168700,,,SQUID_INK,SEASHELLS,1914,1
169300,,,KELP,SEASHELLS,2034,3
169300,,,SQUID_INK,SEASHELLS,1917,4
169300,,,KELP,SEASHELLS,2034,1
169600,,,KELP,SEASHELLS,2031,1
169600,,,SQUID_INK,SEASHELLS,1913,1
169700,,,KELP,SEASHELLS,2032,1
169700,SUBMISSION,,SQUID_INK,SEASHELLS,1913,1
169900,,,SQUID_INK,SEASHELLS,1913,9
169900,,,KELP,SEASHELLS,2031,9
170200,SUBMISSION,,KELP,SEASHELLS,2032,14
170200,SUBMISSION,,SQUID_INK,SEASHELLS,1914,14
170300,,,RAINFOREST_RESIN,SEASHELLS,9998,1
170400,,,KELP,SEASHELLS,2031,1
170400,,,SQUID_INK,SEASHELLS,1913,1
170700,SUBMISSION,,SQUID_INK,SEASHELLS,1913,7
170700,,,KELP,SEASHELLS,2032,3
170700,,,KELP,SEASHELLS,2032,4
170800,,,SQUID_INK,SEASHELLS,1916,13
170800,SUBMISSION,,RAINFOREST_RESIN,SEASHELLS,9997,2
170800,,,KELP,SEASHELLS,2035,13
171000,,,SQUID_INK,SEASHELLS,1916,8
171000,,,KELP,SEASHELLS,2035,8
171100,,SUBMISSION,RAINFOREST_RESIN,SEASHELLS,10002,2
171200,,,KELP,SEASHELLS,2032,2
171200,,,SQUID_INK,SEASHELLS,1914,1
171200,,,KELP,SEASHELLS,2032,1
171200,,,SQUID_INK,SEASHELLS,1911,7
171500,,,RAINFOREST_RESIN,SEASHELLS,9997,6
171600,,SUBMISSION,KELP,SEASHELLS,2034,1
171800,,SUBMISSION,KELP,SEASHELLS,2034,1
172400,,,SQUID_INK,SEASHELLS,1905,1
172400,,,KELP,SEASHELLS,2032,1
172700,,SUBMISSION,KELP,SEASHELLS,2034,1
172700,SUBMISSION,,RAINFOREST_RESIN,SEASHELLS,9997,2
172800,SUBMISSION,,RAINFOREST_RESIN,SEASHELLS,9997,2
173300,,,KELP,SEASHELLS,2032,1
173300,,,SQUID_INK,SEASHELLS,1908,1
173500,SUBMISSION,,RAINFOREST_RESIN,SEASHELLS,10000,7
174700,SUBMISSION,,RAINFOREST_RESIN,SEASHELLS,9997,7
175100,,SUBMISSION,RAINFOREST_RESIN,SEASHELLS,10002,5
175100,,SUBMISSION,KELP,SEASHELLS,2035,1
175500,,,KELP,SEASHELLS,2033,2
175500,,,SQUID_INK,SEASHELLS,1899,1
175500,,,KELP,SEASHELLS,2033,1
175500,,,SQUID_INK,SEASHELLS,1898,2
175600,,,SQUID_INK,SEASHELLS,1898,1
175600,,,KELP,SEASHELLS,2033,1
175700,,SUBMISSION,RAINFOREST_RESIN,SEASHELLS,10002,5
175800,,,KELP,SEASHELLS,2033,14
175800,SUBMISSION,,RAINFOREST_RESIN,SEASHELLS,9997,8
175800,SUBMISSION,,SQUID_INK,SEASHELLS,1897,14
175900,,,RAINFOREST_RESIN,SEASHELLS,10002,1
176100,,SUBMISSION,RAINFOREST_RESIN,SEASHELLS,10007,6
176100,SUBMISSION,,RAINFOREST_RESIN,SEASHELLS,10002,1
176200,,SUBMISSION,KELP,SEASHELLS,2035,1
177200,,SUBMISSION,KELP,SEASHELLS,2035,1
177300,SUBMISSION,,RAINFOREST_RESIN,SEASHELLS,9997,2
177500,,SUBMISSION,RAINFOREST_RESIN,SEASHELLS,10002,8
177500,SUBMISSION,,RAINFOREST_RESIN,SEASHELLS,9997,2
177500,,,KELP,SEASHELLS,2033,7
177500,,,SQUID_INK,SEASHELLS,1895,7
177600,,,KELP,SEASHELLS,2036,2
177600,,,KELP,SEASHELLS,2033,1
177600,,,SQUID_INK,SEASHELLS,1896,1
177700,,,KELP,SEASHELLS,2033,1
178300,,,KELP,SEASHELLS,2033,7
178300,,,SQUID_INK,SEASHELLS,1895,1
178300,,,KELP,SEASHELLS,2033,1
178500,,,KELP,SEASHELLS,2033,1
178500,,SUBMISSION,RAINFOREST_RESIN,SEASHELLS,9998,1
178500,,,SQUID_INK,SEASHELLS,1896,1
178600,,,SQUID_INK,SEASHELLS,1897,1
178600,,SUBMISSION,KELP,SEASHELLS,2035,1
178600,,,RAINFOREST_RESIN,SEASHELLS,10002,1
178700,SUBMISSION,,RAINFOREST_RESIN,SEASHELLS,9997,6
179800,,,SQUID_INK,SEASHELLS,1900,1
179800,,,KELP,SEASHELLS,2035,1
180000,,,KELP,SEASHELLS,2035,1
180000,,,SQUID_INK,SEASHELLS,1898,1
180200,,,SQUID_INK,SEASHELLS,1896,1
180200,,,KELP,SEASHELLS,2033,1
180500,,,KELP,SEASHELLS,2034,4
180500,,,SQUID_INK,SEASHELLS,1900,4
180600,,,KELP,SEASHELLS,2034,3
181200,,,KELP,SEASHELLS,2034,4
181200,,,SQUID_INK,SEASHELLS,1899,4
181600,,,SQUID_INK,SEASHELLS,1897,2
181600,,,KELP,SEASHELLS,2033,2
181700,,SUBMISSION,KELP,SEASHELLS,2035,1
182100,,SUBMISSION,SQUID_INK,SEASHELLS,1901,12
182100,,,SQUID_INK,SEASHELLS,1902,1
182100,,SUBMISSION,SQUID_INK,SEASHELLS,1901,2
182100,,,KELP,SEASHELLS,2033,1
182100,,SUBMISSION,SQUID_INK,SEASHELLS,1901,22
182400,,,KELP,SEASHELLS,2035,1
182700,,SUBMISSION,RAINFOREST_RESIN,SEASHELLS,10002,10
182800,,,SQUID_INK,SEASHELLS,1904,1
182800,,,KELP,SEASHELLS,2036,1
182900,,,RAINFOREST_RESIN,SEASHELLS,10002,5
182900,,SUBMISSION,RAINFOREST_RESIN,SEASHELLS,10002,2
183000,,,SQUID_INK,SEASHELLS,1903,1
183000,,,KELP,SEASHELLS,2037,1
183400,,SUBMISSION,KELP,SEASHELLS,2035,6
183500,,,RAINFOREST_RESIN,SEASHELLS,10008,2
183600,,,SQUID_INK,SEASHELLS,1904,1
183600,,,KELP,SEASHELLS,2034,1
183800,,,KELP,SEASHELLS,2034,1
183800,,,SQUID_INK,SEASHELLS,1905,1
184300,,,KELP,SEASHELLS,2036,1
184300,,,SQUID_INK,SEASHELLS,1906,1
184400,,,RAINFOREST_RESIN,SEASHELLS,10003,3
184600,,,KELP,SEASHELLS,2034,1
184600,,,SQUID_INK,SEASHELLS,1905,1
184700,,,KELP,SEASHELLS,2033,1
184700,,,SQUID_INK,SEASHELLS,1907,1
185100,,,SQUID_INK,SEASHELLS,1910,1
185200,,,KELP,SEASHELLS,2033,1
185200,,,SQUID_INK,SEASHELLS,1908,1
185300,,,SQUID_INK,SEASHELLS,1909,1
185300,,,KELP,SEASHELLS,2035,1
185500,SUBMISSION,,RAINFOREST_RESIN,SEASHELLS,10002,1
185600,,,SQUID_INK,SEASHELLS,1907,5
185600,,,KELP,SEASHELLS,2034,5
185900,,,RAINFOREST_RESIN,SEASHELLS,10002,7
185900,,SUBMISSION,RAINFOREST_RESIN,SEASHELLS,10002,1
186300,,,SQUID_INK,SEASHELLS,1913,1
186300,,,KELP,SEASHELLS,2035,1
187000,,,KELP,SEASHELLS,2033,1
187000,,,SQUID_INK,SEASHELLS,1915,2
187000,,,KELP,SEASHELLS,2033,2
187000,,,SQUID_INK,SEASHELLS,1915,1
187200,SUBMISSION,,RAINFOREST_RESIN,SEASHELLS,10002,1
187500,,,KELP,SEASHELLS,2035,1
187500,,,SQUID_INK,SEASHELLS,1917,1
188000,,,KELP,SEASHELLS,2036,9
188000,,,SQUID_INK,SEASHELLS,1919,9
188300,,,SQUID_INK,SEASHELLS,1914,1
188300,SUBMISSION,,KELP,SEASHELLS,2034,1
188500,,,SQUID_INK,SEASHELLS,1916,1
188500,,,KELP,SEASHELLS,2035,1
188800,,,SQUID_INK,SEASHELLS,1919,3
188800,,,KELP,SEASHELLS,2034,3
188900,,,SQUID_INK,SEASHELLS,1922,6
188900,,,KELP,SEASHELLS,2035,6
188900,,,SQUID_INK,SEASHELLS,1922,3
188900,,,KELP,SEASHELLS,2035,3
189100,,SUBMISSION,KELP,SEASHELLS,2035,1
189100,SUBMISSION,,RAINFOREST_RESIN,SEASHELLS,9997,4
189700,,,SQUID_INK,SEASHELLS,1924,1
189700,,,KELP,SEASHELLS,2033,1
189800,,,KELP,SEASHELLS,2035,1
189800,,,SQUID_INK,SEASHELLS,1925,1
189900,,SUBMISSION,RAINFOREST_RESIN,SEASHELLS,9996,5
190300,SUBMISSION,,RAINFOREST_RESIN,SEASHELLS,9997,7
190500,,,SQUID_INK,SEASHELLS,1918,1
190500,,,KELP,SEASHELLS,2033,1
190600,,,SQUID_INK,SEASHELLS,1918,1
190600,,,KELP,SEASHELLS,2035,1
190800,,,SQUID_INK,SEASHELLS,1918,1
190800,,,SQUID_INK,SEASHELLS,1919,1
190800,,,KELP,SEASHELLS,2035,1
191000,,SUBMISSION,RAINFOREST_RESIN,SEASHELLS,10002,5
191300,,,KELP,SEASHELLS,2035,1
191300,,,KELP,SEASHELLS,2035,4
191300,,,SQUID_INK,SEASHELLS,1915,1
191400,,,KELP,SEASHELLS,2035,1
191400,,,SQUID_INK,SEASHELLS,1915,1
191800,,,SQUID_INK,SEASHELLS,1914,2
191800,,,KELP,SEASHELLS,2033,2
192000,,,SQUID_INK,SEASHELLS,1918,1
192000,,,KELP,SEASHELLS,2035,1
192100,,,KELP,SEASHELLS,2035,1
192100,,,SQUID_INK,SEASHELLS,1917,1
192200,,SUBMISSION,RAINFOREST_RESIN,SEASHELLS,9998,2
192400,,,SQUID_INK,SEASHELLS,1917,1
192400,,,KELP,SEASHELLS,2033,1
192600,,,KELP,SEASHELLS,2033,1
192600,,,SQUID_INK,SEASHELLS,1919,1
192900,,,SQUID_INK,SEASHELLS,1919,1
192900,,,KELP,SEASHELLS,2035,1
193400,,,SQUID_INK,SEASHELLS,1917,9
193400,,,KELP,SEASHELLS,2033,9
193500,,,KELP,SEASHELLS,2036,7
193500,,,SQUID_INK,SEASHELLS,1918,7
194100,,,KELP,SEASHELLS,2033,1
194100,,,SQUID_INK,SEASHELLS,1916,1
194500,,,SQUID_INK,SEASHELLS,1916,4
195100,,,SQUID_INK,SEASHELLS,1917,1
195100,,,KELP,SEASHELLS,2035,1
195200,,,RAINFOREST_RESIN,SEASHELLS,9999,1
195400,,,KELP,SEASHELLS,2034,1
195400,,,RAINFOREST_RESIN,SEASHELLS,9999,1
195400,,,SQUID_INK,SEASHELLS,1918,1
195700,,,SQUID_INK,SEASHELLS,1920,1
195700,,,KELP,SEASHELLS,2036,1
195800,,,RAINFOREST_RESIN,SEASHELLS,9998,5
196800,,,KELP,SEASHELLS,2032,1
196800,,,SQUID_INK,SEASHELLS,1922,1
196900,,,RAINFOREST_RESIN,SEASHELLS,10008,4
197000,,,KELP,SEASHELLS,2034,4
197400,SUBMISSION,,RAINFOREST_RESIN,SEASHELLS,9997,8
197700,,,KELP,SEASHELLS,2034,1
197700,,,SQUID_INK,SEASHELLS,1922,1
198100,,SUBMISSION,RAINFOREST_RESIN,SEASHELLS,10002,6
198400,,,KELP,SEASHELLS,2032,1
198400,,,SQUID_INK,SEASHELLS,1922,1
198700,,,KELP,SEASHELLS,2032,1
198700,,SUBMISSION,RAINFOREST_RESIN,SEASHELLS,9998,2
198700,,,SQUID_INK,SEASHELLS,1922,1
198800,,,KELP,SEASHELLS,2035,2
198800,,,SQUID_INK,SEASHELLS,1925,2
198900,SUBMISSION,,RAINFOREST_RESIN,SEASHELLS,9997,5
198900,,,RAINFOREST_RESIN,SEASHELLS,10008,1
199100,,,SQUID_INK,SEASHELLS,1922,1
199100,,,KELP,SEASHELLS,2034,1
199200,,,KELP,SEASHELLS,2033,1
199200,SUBMISSION,,RAINFOREST_RESIN,SEASHELLS,9997,5
199200,,,SQUID_INK,SEASHELLS,1922,4
199200,,,SQUID_INK,SEASHELLS,1922,1
199300,,,SQUID_INK,SEASHELLS,1924,1
199300,,,KELP,SEASHELLS,2035,1
199400,,,SQUID_INK,SEASHELLS,1920,1
199400,,,KELP,SEASHELLS,2032,1
199500,,SUBMISSION,RAINFOREST_RESIN,SEASHELLS,10002,6
199600,,,KELP,SEASHELLS,2034,1
199600,,,SQUID_INK,SEASHELLS,1923,2
199600,,,SQUID_INK,SEASHELLS,1924,1
199600,,,KELP,SEASHELLS,2034,2
199800,SUBMISSION,,RAINFOREST_RESIN,SEASHELLS,9997,1
199900,,,SQUID_INK,SEASHELLS,1923,4
199900,,,KELP,SEASHELLS,2033,4
200100,,,KELP,SEASHELLS,2034,1
200100,,,SQUID_INK,SEASHELLS,1926,1
200200,,SUBMISSION,RAINFOREST_RESIN,SEASHELLS,10002,2
200800,,SUBMISSION,RAINFOREST_RESIN,SEASHELLS,9998,3
200900,,,KELP,SEASHELLS,2032,2
200900,,,KELP,SEASHELLS,2032,1
200900,,,SQUID_INK,SEASHELLS,1927,3
200900,,,RAINFOREST_RESIN,SEASHELLS,9999,1
201000,,,KELP,SEASHELLS,2032,9
201000,,,SQUID_INK,SEASHELLS,1928,9
201300,SUBMISSION,,RAINFOREST_RESIN,SEASHELLS,10002,1
201400,,SUBMISSION,RAINFOREST_RESIN,SEASHELLS,9996,1
202100,,,KELP,SEASHELLS,2034,3
202200,,,SQUID_INK,SEASHELLS,1929,2
202200,,,KELP,SEASHELLS,2035,2
202300,,,RAINFOREST_RESIN,SEASHELLS,10008,1
202500,SUBMISSION,,RAINFOREST_RESIN,SEASHELLS,10002,1
202800,,,SQUID_INK,SEASHELLS,1929,1
202800,,,KELP,SEASHELLS,2032,1
203500,,,KELP,SEASHELLS,2032,2
203500,,,SQUID_INK,SEASHELLS,1927,2
204000,,,SQUID_INK,SEASHELLS,1928,5
204000,,,KELP,SEASHELLS,2033,5
204100,,,SQUID_INK,SEASHELLS,1931,1
204500,,,KELP,SEASHELLS,2034,4
204500,,,SQUID_INK,SEASHELLS,1933,4
204600,,,SQUID_INK,SEASHELLS,1932,1
204600,,,KELP,SEASHELLS,2032,1
205500,,,RAINFOREST_RESIN,SEASHELLS,9999,1
205500,,,SQUID_INK,SEASHELLS,1933,1
205500,,,SQUID_INK,SEASHELLS,1932,1
205500,,,KELP,SEASHELLS,2033,1
205500,,,KELP,SEASHELLS,2033,2
205500,,SUBMISSION,RAINFOREST_RESIN,SEASHELLS,9998,1
205700,,,RAINFOREST_RESIN,SEASHELLS,10008,6
205700,,,KELP,SEASHELLS,2033,1
206100,,,KELP,SEASHELLS,2033,1
206100,,,SQUID_INK,SEASHELLS,1934,1
206200,SUBMISSION,,RAINFOREST_RESIN,SEASHELLS,10000,1
206300,,,KELP,SEASHELLS,2035,1
206300,,,SQUID_INK,SEASHELLS,1936,1
206500,SUBMISSION,,KELP,SEASHELLS,2033,1
206500,,,SQUID_INK,SEASHELLS,1932,1
206800,,,KELP,SEASHELLS,2033,4
206800,,,SQUID_INK,SEASHELLS,1935,4
206800,,SUBMISSION,RAINFOREST_RESIN,SEASHELLS,10002,1
207600,,,SQUID_INK,SEASHELLS,1937,4
207600,,,KELP,SEASHELLS,2035,1
207600,,,SQUID_INK,SEASHELLS,1938,1
207800,,,KELP,SEASHELLS,2033,2
207800,,,KELP,SEASHELLS,2033,1
207800,,,SQUID_INK,SEASHELLS,1935,1
207800,,,SQUID_INK,SEASHELLS,1935,11
207900,,,KELP,SEASHELLS,2033,1
207900,,,SQUID_INK,SEASHELLS,1934,1
208000,,,SQUID_INK,SEASHELLS,1938,14
208000,,SUBMISSION,KELP,SEASHELLS,2034,1
208400,,,SQUID_INK,SEASHELLS,1937,1
208400,,,KELP,SEASHELLS,2035,1
208600,,,RAINFOREST_RESIN,SEASHELLS,9998,4
209000,SUBMISSION,,RAINFOREST_RESIN,SEASHELLS,9997,2
209200,,,SQUID_INK,SEASHELLS,1933,2
209200,,SUBMISSION,RAINFOREST_RESIN,SEASHELLS,9998,2
209200,,,KELP,SEASHELLS,2033,2
210800,,,SQUID_INK,SEASHELLS,1921,1
210800,,,KELP,SEASHELLS,2033,1
210900,,,RAINFOREST_RESIN,SEASHELLS,9992,10
211000,SUBMISSION,,RAINFOREST_RESIN,SEASHELLS,9997,2
211600,,,KELP,SEASHELLS,2035,5
211600,,,SQUID_INK,SEASHELLS,1922,5
212100,,SUBMISSION,RAINFOREST_RESIN,SEASHELLS,9998,2
212100,,,RAINFOREST_RESIN,SEASHELLS,9999,1
212100,,,KELP,SEASHELLS,2036,1
212100,,,SQUID_INK,SEASHELLS,1924,1
212100,SUBMISSION,,RAINFOREST_RESIN,SEASHELLS,9993,6
212200,,,KELP,SEASHELLS,2035,1
212200,,,SQUID_INK,SEASHELLS,1922,1
212500,SUBMISSION,,RAINFOREST_RESIN,SEASHELLS,9997,7
213200,SUBMISSION,,RAINFOREST_RESIN,SEASHELLS,9997,2
213400,,,KELP,SEASHELLS,2033,1
213400,,,SQUID_INK,SEASHELLS,1921,1
213700,SUBMISSION,,SQUID_INK,SEASHELLS,1919,1
213700,,,KELP,SEASHELLS,2033,1
213800,SUBMISSION,,RAINFOREST_RESIN,SEASHELLS,10002,1
213900,,,SQUID_INK,SEASHELLS,1921,1
213900,,,KELP,SEASHELLS,2033,1
214000,,,SQUID_INK,SEASHELLS,1921,1
214000,,,KELP,SEASHELLS,2035,1
214400,,SUBMISSION,RAINFOREST_RESIN,SEASHELLS,10002,6
214500,,,SQUID_INK,SEASHELLS,1916,3
214500,,,KELP,SEASHELLS,2034,3
214700,,SUBMISSION,RAINFOREST_RESIN,SEASHELLS,9998,1
214700,,SUBMISSION,RAINFOREST_RESIN,SEASHELLS,9998,10
215100,,,SQUID_INK,SEASHELLS,1919,3
215100,,,KELP,SEASHELLS,2034,3
215200,SUBMISSION,,RAINFOREST_RESIN,SEASHELLS,9997,1
215500,,,SQUID_INK,SEASHELLS,1918,2
215500,,,SQUID_INK,SEASHELLS,1918,1
215500,,,KELP,SEASHELLS,2033,1
215500,,,KELP,SEASHELLS,2033,2
215600,,,KELP,SEASHELLS,2035,3
215600,,,SQUID_INK,SEASHELLS,1919,3
215700,,,SQUID_INK,SEASHELLS,1915,4
215800,,,KELP,SEASHELLS,2033,1
215800,,,SQUID_INK,SEASHELLS,1914,1
216200,,,SQUID_INK,SEASHELLS,1919,1
216200,,,KELP,SEASHELLS,2033,1
216500,,SUBMISSION,SQUID_INK,SEASHELLS,1922,1
216600,,SUBMISSION,RAINFOREST_RESIN,SEASHELLS,9998,1
216600,,,RAINFOREST_RESIN,SEASHELLS,9999,1
216900,,,KELP,SEASHELLS,2034,3
216900,,,SQUID_INK,SEASHELLS,1920,3
217100,,,SQUID_INK,SEASHELLS,1925,1
217400,,,SQUID_INK,SEASHELLS,1928,1
217400,,,KELP,SEASHELLS,2033,1
217700,,,KELP,SEASHELLS,2034,5
217700,,,SQUID_INK,SEASHELLS,1929,1
217700,SUBMISSION,,RAINFOREST_RESIN,SEASHELLS,9997,1
217700,,,KELP,SEASHELLS,2033,1
218000,,SUBMISSION,RAINFOREST_RESIN,SEASHELLS,10000,1
218100,,,SQUID_INK,SEASHELLS,1926,1
218100,,,KELP,SEASHELLS,2033,1
218400,,,SQUID_INK,SEASHELLS,1927,1
218400,,,KELP,SEASHELLS,2035,1
218500,SUBMISSION,,RAINFOREST_RESIN,SEASHELLS,10002,5
218600,SUBMISSION,,RAINFOREST_RESIN,SEASHELLS,10002,1
218700,,,SQUID_INK,SEASHELLS,1926,4
218700,,,KELP,SEASHELLS,2033,6
218700,,,KELP,SEASHELLS,2033,4
218700,,,SQUID_INK,SEASHELLS,1926,6
218800,,,KELP,SEASHELLS,2033,1
218800,,SUBMISSION,RAINFOREST_RESIN,SEASHELLS,10002,6
218800,,,SQUID_INK,SEASHELLS,1927,1
218800,,,RAINFOREST_RESIN,SEASHELLS,10002,1
218900,,,RAINFOREST_RESIN,SEASHELLS,10008,2
219000,SUBMISSION,,KELP,SEASHELLS,2034,1
219000,,,SQUID_INK,SEASHELLS,1928,1
219100,SUBMISSION,,RAINFOREST_RESIN,SEASHELLS,9997,4
219200,SUBMISSION,,KELP,SEASHELLS,2034,12
219200,SUBMISSION,,RAINFOREST_RESIN,SEASHELLS,10002,1
219200,,,SQUID_INK,SEASHELLS,1928,12
219300,,SUBMISSION,KELP,SEASHELLS,2035,1
219400,,,KELP,SEASHELLS,2036,13
219400,,,SQUID_INK,SEASHELLS,1931,13
219500,,SUBMISSION,RAINFOREST_RESIN,SEASHELLS,10005,5
219500,,,RAINFOREST_RESIN,SEASHELLS,10005,1
219600,,,RAINFOREST_RESIN,SEASHELLS,9999,1
219800,,,SQUID_INK,SEASHELLS,1925,1
219800,,SUBMISSION,KELP,SEASHELLS,2035,1
219800,,,KELP,SEASHELLS,2033,8
219800,SUBMISSION,,SQUID_INK,SEASHELLS,1925,7
220200,,,SQUID_INK,SEASHELLS,1736,15
220400,,,RAINFOREST_RESIN,SEASHELLS,9998,4
220600,,,KELP,SEASHELLS,2033,1
220600,,,SQUID_INK,SEASHELLS,1794,1
220800,,,SQUID_INK,SEASHELLS,1792,4
220800,,,KELP,SEASHELLS,2033,2
220900,,,RAINFOREST_RESIN,SEASHELLS,10008,2
221000,,,KELP,SEASHELLS,2036,2
221000,,,SQUID_INK,SEASHELLS,1811,2
221400,,,KELP,SEASHELLS,2034,1
221600,,,SQUID_INK,SEASHELLS,1818,2
221600,,,KELP,SEASHELLS,2033,2
222200,,,SQUID_INK,SEASHELLS,1848,4
222200,,,KELP,SEASHELLS,2033,4
222200,,,RAINFOREST_RESIN,SEASHELLS,9999,1
222400,,,SQUID_INK,SEASHELLS,1850,9
222400,,SUBMISSION,KELP,SEASHELLS,2034,9
222800,,,SQUID_INK,SEASHELLS,1849,8
223000,,,KELP,SEASHELLS,2032,1
223000,,,SQUID_INK,SEASHELLS,1846,1
223100,,,SQUID_INK,SEASHELLS,1847,1
223100,,,KELP,SEASHELLS,2032,1
223200,,,RAINFOREST_RESIN,SEASHELLS,9999,1
223200,,,RAINFOREST_RESIN,SEASHELLS,10008,2
223500,,SUBMISSION,KELP,SEASHELLS,2034,1
223700,,SUBMISSION,KELP,SEASHELLS,2034,1
223700,,,KELP,SEASHELLS,2034,2
223800,,,KELP,SEASHELLS,2034,4
223800,,,SQUID_INK,SEASHELLS,1846,4
224200,,,SQUID_INK,SEASHELLS,1836,1
224200,,,KELP,SEASHELLS,2032,1
224400,,,SQUID_INK,SEASHELLS,1850,1
224400,,,KELP,SEASHELLS,2035,1
224900,SUBMISSION,,RAINFOREST_RESIN,SEASHELLS,9993,6
225100,,,SQUID_INK,SEASHELLS,1858,1
225100,,,KELP,SEASHELLS,2032,1
225200,SUBMISSION,,KELP,SEASHELLS,2033,2
225200,,,SQUID_INK,SEASHELLS,1859,2
226100,,SUBMISSION,RAINFOREST_RESIN,SEASHELLS,10002,4
226200,,,SQUID_INK,SEASHELLS,1871,1
226200,,,KELP,SEASHELLS,2032,1
226300,SUBMISSION,,RAINFOREST_RESIN,SEASHELLS,9995,1
226900,,,SQUID_INK,SEASHELLS,1870,1
226900,SUBMISSION,,RAINFOREST_RESIN,SEASHELLS,9997,6
226900,,,KELP,SEASHELLS,2032,1
227000,,SUBMISSION,KELP,SEASHELLS,2034,2
227200,,,KELP,SEASHELLS,2033,1
227200,,,SQUID_INK,SEASHELLS,1872,1
227400,,SUBMISSION,RAINFOREST_RESIN,SEASHELLS,9997,9
227500,SUBMISSION,,RAINFOREST_RESIN,SEASHELLS,9997,2
227900,,SUBMISSION,RAINFOREST_RESIN,SEASHELLS,10002,2
228000,,,RAINFOREST_RESIN,SEASHELLS,9998,1
228100,SUBMISSION,,RAINFOREST_RESIN,SEASHELLS,9995,5
228400,,,KELP,SEASHELLS,2035,1
228400,,,SQUID_INK,SEASHELLS,1869,1
228500,,,SQUID_INK,SEASHELLS,1866,5
228700,,,KELP,SEASHELLS,2035,2
228700,,,SQUID_INK,SEASHELLS,1866,12
228700,,,KELP,SEASHELLS,2036,12
228800,SUBMISSION,,RAINFOREST_RESIN,SEASHELLS,9995,2
229400,,SUBMISSION,RAINFOREST_RESIN,SEASHELLS,10007,6
229800,,,KELP,SEASHELLS,2036,1
229800,,SUBMISSION,RAINFOREST_RESIN,SEASHELLS,10002,1
229800,,SUBMISSION,SQUID_INK,SEASHELLS,1877,1
229800,,,RAINFOREST_RESIN,SEASHELLS,10008,2
229800,,SUBMISSION,SQUID_INK,SEASHELLS,1877,6
230000,SUBMISSION,,RAINFOREST_RESIN,SEASHELLS,9993,6
230000,,,RAINFOREST_RESIN,SEASHELLS,9999,1
230600,SUBMISSION,,RAINFOREST_RESIN,SEASHELLS,9997,1
230900,,,SQUID_INK,SEASHELLS,1874,1
230900,,,KELP,SEASHELLS,2035,1
231400,,,KELP,SEASHELLS,2034,1
231400,,,SQUID_INK,SEASHELLS,1875,1
231500,,,KELP,SEASHELLS,2034,1
231500,,,SQUID_INK,SEASHELLS,1874,1
231800,SUBMISSION,,RAINFOREST_RESIN,SEASHELLS,10002,2
232000,,,SQUID_INK,SEASHELLS,1876,1
232000,,,KELP,SEASHELLS,2033,1
232100,SUBMISSION,,RAINFOREST_RESIN,SEASHELLS,9997,2
232200,,SUBMISSION,RAINFOREST_RESIN,SEASHELLS,10002,2
232500,,,SQUID_INK,SEASHELLS,1875,2
232500,,,KELP,SEASHELLS,2033,2
232700,,SUBMISSION,RAINFOREST_RESIN,SEASHELLS,9998,9
232800,,,SQUID_INK,SEASHELLS,1880,12
232800,,,KELP,SEASHELLS,2033,1
232800,,,SQUID_INK,SEASHELLS,1880,1
232800,,,KELP,SEASHELLS,2033,12
233000,,,SQUID_INK,SEASHELLS,1879,1
233000,,,KELP,SEASHELLS,2033,1
233300,,,KELP,SEASHELLS,2035,1
233300,,,SQUID_INK,SEASHELLS,1892,2
233300,,,KELP,SEASHELLS,2036,2
233300,,,SQUID_INK,SEASHELLS,1891,1
233500,SUBMISSION,,KELP,SEASHELLS,2034,2
233500,,,KELP,SEASHELLS,2035,1
233500,,,SQUID_INK,SEASHELLS,1891,1
233500,,,SQUID_INK,SEASHELLS,1889,2
233800,,,RAINFOREST_RESIN,SEASHELLS,10008,4
234200,,SUBMISSION,KELP,SEASHELLS,2035,1
234300,,,SQUID_INK,SEASHELLS,1883,1
234300,,,KELP,SEASHELLS,2033,1
234400,,SUBMISSION,KELP,SEASHELLS,2035,1
234400,,,SQUID_INK,SEASHELLS,1884,1
234400,,,KELP,SEASHELLS,2033,1
234900,,,SQUID_INK,SEASHELLS,1888,1
234900,,,KELP,SEASHELLS,2033,1
235200,SUBMISSION,,RAINFOREST_RESIN,SEASHELLS,9997,4
235200,,,KELP,SEASHELLS,2033,1
235200,,,SQUID_INK,SEASHELLS,1891,1
235300,,,SQUID_INK,SEASHELLS,1893,1
235300,,,KELP,SEASHELLS,2035,1
235400,,,SQUID_INK,SEASHELLS,1895,1
235400,,,KELP,SEASHELLS,2033,1
236000,SUBMISSION,,RAINFOREST_RESIN,SEASHELLS,9997,5
236200,,,SQUID_INK,SEASHELLS,1892,4
236200,,,KELP,SEASHELLS,2034,4
236400,,SUBMISSION,RAINFOREST_RESIN,SEASHELLS,9997,9
236400,,,RAINFOREST_RESIN,SEASHELLS,9992,6
236500,,,SQUID_INK,SEASHELLS,1895,1
236500,,,KELP,SEASHELLS,2033,1
237000,SUBMISSION,,RAINFOREST_RESIN,SEASHELLS,10002,1
237000,SUBMISSION,,RAINFOREST_RESIN,SEASHELLS,10002,6
237100,,,KELP,SEASHELLS,2036,2
237100,,,SQUID_INK,SEASHELLS,1901,2
237300,SUBMISSION,,RAINFOREST_RESIN,SEASHELLS,10002,2
237300,SUBMISSION,,RAINFOREST_RESIN,SEASHELLS,10002,1
237500,,,KELP,SEASHELLS,2033,1
237500,,,SQUID_INK,SEASHELLS,1893,1
237700,,,SQUID_INK,SEASHELLS,1888,1
237700,,,KELP,SEASHELLS,2033,1
238300,,,KELP,SEASHELLS,2032,1
238300,,,SQUID_INK,SEASHELLS,1888,1
238400,SUBMISSION,,RAINFOREST_RESIN,SEASHELLS,9997,4
238600,,,KELP,SEASHELLS,2034,3
238600,,,SQUID_INK,SEASHELLS,1891,3
238800,,,SQUID_INK,SEASHELLS,1887,1
238800,,,KELP,SEASHELLS,2033,1
238800,,,SQUID_INK,SEASHELLS,1890,2
238800,,,KELP,SEASHELLS,2036,2
238800,,,SQUID_INK,SEASHELLS,1890,10
238800,,,KELP,SEASHELLS,2036,10
239200,,,KELP,SEASHELLS,2033,1
239200,,,SQUID_INK,SEASHELLS,1890,1
239400,SUBMISSION,,RAINFOREST_RESIN,SEASHELLS,10002,1
239400,,,KELP,SEASHELLS,2033,1
239400,,,SQUID_INK,SEASHELLS,1891,1
240600,,,SQUID_INK,SEASHELLS,1888,1
240600,,,KELP,SEASHELLS,2033,1
240800,,,KELP,SEASHELLS,2032,10
240800,,,SQUID_INK,SEASHELLS,1890,10
240900,SUBMISSION,,SQUID_INK,SEASHELLS,1886,6
240900,,,KELP,SEASHELLS,2033,2
240900,SUBMISSION,,KELP,SEASHELLS,2033,4
241100,,SUBMISSION,RAINFOREST_RESIN,SEASHELLS,10002,8
241200,,SUBMISSION,KELP,SEASHELLS,2035,1
241300,,,SQUID_INK,SEASHELLS,1887,1
241300,,,KELP,SEASHELLS,2033,2
241300,,,SQUID_INK,SEASHELLS,1888,2
241300,,,KELP,SEASHELLS,2033,1
241700,,,SQUID_INK,SEASHELLS,1884,1
241700,,,KELP,SEASHELLS,2033,1
241900,,,SQUID_INK,SEASHELLS,1885,1
241900,SUBMISSION,,RAINFOREST_RESIN,SEASHELLS,10002,1
241900,,,KELP,SEASHELLS,2035,1
242300,,SUBMISSION,KELP,SEASHELLS,2035,1
242700,SUBMISSION,,SQUID_INK,SEASHELLS,1880,2
242700,SUBMISSION,,KELP,SEASHELLS,2034,2
242800,,,SQUID_INK,SEASHELLS,1879,3
242800,,,KELP,SEASHELLS,2033,3
242900,,,SQUID_INK,SEASHELLS,1882,1
242900,,,KELP,SEASHELLS,2035,1
243000,,,SQUID_INK,SEASHELLS,1881,2
243000,,,SQUID_INK,SEASHELLS,1881,1
243000,,,KELP,SEASHELLS,2033,1
243000,,,KELP,SEASHELLS,2033,2
243100,,,SQUID_INK,SEASHELLS,1881,1
243100,,,KELP,SEASHELLS,2033,1
243400,,,SQUID_INK,SEASHELLS,1886,1
243400,,,KELP,SEASHELLS,2035,1
243600,SUBMISSION,,RAINFOREST_RESIN,SEASHELLS,10002,1
243600,,SUBMISSION,RAINFOREST_RESIN,SEASHELLS,10007,5
243800,SUBMISSION,,RAINFOREST_RESIN,SEASHELLS,9997,6
243900,SUBMISSION,,RAINFOREST_RESIN,SEASHELLS,10002,1
244200,,,KELP,SEASHELLS,2036,12
244200,,,SQUID_INK,SEASHELLS,1887,12
244400,,,SQUID_INK,SEASHELLS,1888,2
244400,,,KELP,SEASHELLS,2036,2
244600,,SUBMISSION,KELP,SEASHELLS,2035,1
244600,,SUBMISSION,SQUID_INK,SEASHELLS,1890,1
244800,,,SQUID_INK,SEASHELLS,1891,1
244800,,,KELP,SEASHELLS,2033,2
244800,,SUBMISSION,KELP,SEASHELLS,2035,1
244900,,,SQUID_INK,SEASHELLS,1891,1
244900,,SUBMISSION,KELP,SEASHELLS,2035,1
244900,,,KELP,SEASHELLS,2035,2
244900,,,SQUID_INK,SEASHELLS,1892,2
244900,,,SQUID_INK,SEASHELLS,1892,3
244900,,SUBMISSION,SQUID_INK,SEASHELLS,1892,7
245100,,,SQUID_INK,SEASHELLS,1889,1
245100,,,KELP,SEASHELLS,2033,1
245300,,,KELP,SEASHELLS,2033,9
245300,SUBMISSION,,RAINFOREST_RESIN,SEASHELLS,9997,4
245300,,,SQUID_INK,SEASHELLS,1889,9
245600,,,KELP,SEASHELLS,2035,1
245600,,,SQUID_INK,SEASHELLS,1892,1
245800,,,KELP,SEASHELLS,2035,1
245800,,,SQUID_INK,SEASHELLS,1896,1
245800,SUBMISSION,,RAINFOREST_RESIN,SEASHELLS,9997,6
245800,,,SQUID_INK,SEASHELLS,1896,2
245800,,,KELP,SEASHELLS,2035,2
245900,,,KELP,SEASHELLS,2035,1
245900,,,SQUID_INK,SEASHELLS,1896,1
246000,,,KELP,SEASHELLS,2034,2
246000,,,KELP,SEASHELLS,2035,1
246000,,,SQUID_INK,SEASHELLS,1894,2
246000,SUBMISSION,,RAINFOREST_RESIN,SEASHELLS,10002,1
246000,,,SQUID_INK,SEASHELLS,1895,1
246200,,,KELP,SEASHELLS,2033,15
246200,,,SQUID_INK,SEASHELLS,1888,15
246500,,,RAINFOREST_RESIN,SEASHELLS,10001,1
247300,,SUBMISSION,RAINFOREST_RESIN,SEASHELLS,10002,5
247700,SUBMISSION,,RAINFOREST_RESIN,SEASHELLS,9997,6
248000,SUBMISSION,,RAINFOREST_RESIN,SEASHELLS,10002,1
248300,,SUBMISSION,RAINFOREST_RESIN,SEASHELLS,10002,1
248300,,,KELP,SEASHELLS,2034,11
248300,,,SQUID_INK,SEASHELLS,1888,3
248300,,,SQUID_INK,SEASHELLS,1888,11
248300,,,KELP,SEASHELLS,2034,3
248600,,,SQUID_INK,SEASHELLS,1894,9
248600,,,KELP,SEASHELLS,2037,9
249200,SUBMISSION,,RAINFOREST_RESIN,SEASHELLS,10002,1
249300,,,KELP,SEASHELLS,2033,1
249300,,,SQUID_INK,SEASHELLS,1898,1
249800,,,KELP,SEASHELLS,2035,2
249800,,,SQUID_INK,SEASHELLS,1900,2
249800,,,SQUID_INK,SEASHELLS,1900,8
249800,,,KELP,SEASHELLS,2035,8
249900,,,KELP,SEASHELLS,2036,13
249900,,,SQUID_INK,SEASHELLS,1901,13
249900,,,RAINFOREST_RESIN,SEASHELLS,10002,1
250000,,,KELP,SEASHELLS,2033,3
250000,,,SQUID_INK,SEASHELLS,1896,3
250000,,,SQUID_INK,SEASHELLS,1896,1
250000,,,KELP,SEASHELLS,2033,1
250100,,SUBMISSION,RAINFOREST_RESIN,SEASHELLS,10002,2
250300,,SUBMISSION,RAINFOREST_RESIN,SEASHELLS,10006,2
250500,,,KELP,SEASHELLS,2036,1
250500,,,KELP,SEASHELLS,2033,1
250500,,,SQUID_INK,SEASHELLS,1905,1
250500,,,SQUID_INK,SEASHELLS,1902,1
250800,,,SQUID_INK,SEASHELLS,1900,12
250800,,,KELP,SEASHELLS,2033,12
251000,,,SQUID_INK,SEASHELLS,1903,9
251000,,,KELP,SEASHELLS,2033,9
251000,SUBMISSION,,RAINFOREST_RESIN,SEASHELLS,9997,5
251100,,SUBMISSION,RAINFOREST_RESIN,SEASHELLS,9998,1
251200,,,KELP,SEASHELLS,2036,1
251200,,,SQUID_INK,SEASHELLS,1904,1
251400,,,SQUID_INK,SEASHELLS,1901,1
251400,,,KELP,SEASHELLS,2033,1
251800,,,SQUID_INK,SEASHELLS,1904,4
251800,,,KELP,SEASHELLS,2036,1
251900,,SUBMISSION,RAINFOREST_RESIN,SEASHELLS,9997,3
251900,,,SQUID_INK,SEASHELLS,1900,1
251900,,,KELP,SEASHELLS,2033,1
253000,,SUBMISSION,RAINFOREST_RESIN,SEASHELLS,9998,1
253000,,,SQUID_INK,SEASHELLS,1896,1
253000,,,KELP,SEASHELLS,2033,1
253300,,SUBMISSION,RAINFOREST_RESIN,SEASHELLS,10002,5
254000,,,KELP,SEASHELLS,2034,1
254000,,,SQUID_INK,SEASHELLS,1901,1
254000,,SUBMISSION,RAINFOREST_RESIN,SEASHELLS,9996,16
254100,,,KELP,SEASHELLS,2037,2
254100,,,SQUID_INK,SEASHELLS,1905,2
254400,,,KELP,SEASHELLS,2036,1
254400,,,RAINFOREST_RESIN,SEASHELLS,10000,4
254400,,,SQUID_INK,SEASHELLS,1908,1
254700,,,SQUID_INK,SEASHELLS,1913,1
254700,,,KELP,SEASHELLS,2034,1
254700,SUBMISSION,,RAINFOREST_RESIN,SEASHELLS,9997,5
254800,,,KELP,SEASHELLS,2036,1
254800,,,SQUID_INK,SEASHELLS,1916,1
255100,,SUBMISSION,RAINFOREST_RESIN,SEASHELLS,10002,5
255100,,,SQUID_INK,SEASHELLS,1920,1
255100,,,KELP,SEASHELLS,2037,1
255400,SUBMISSION,,KELP,SEASHELLS,2035,2
255400,,,SQUID_INK,SEASHELLS,1917,2
255600,,,SQUID_INK,SEASHELLS,1915,1
255700,,,SQUID_INK,SEASHELLS,1918,2
255700,,,RAINFOREST_RESIN,SEASHELLS,10008,1
255700,,,KELP,SEASHELLS,2037,2
255900,,SUBMISSION,KELP,SEASHELLS,2036,1
255900,,,SQUID_INK,SEASHELLS,1914,1
255900,,,RAINFOREST_RESIN,SEASHELLS,9999,1
256300,,,KELP,SEASHELLS,2034,4
256300,,,SQUID_INK,SEASHELLS,1909,4
256400,,,KELP,SEASHELLS,2033,1
256400,,,SQUID_INK,SEASHELLS,1908,1
256500,,,SQUID_INK,SEASHELLS,1909,1
256500,,,KELP,SEASHELLS,2035,1
256600,,,RAINFOREST_RESIN,SEASHELLS,10008,1
256800,,,SQUID_INK,SEASHELLS,1915,3
256800,,,KELP,SEASHELLS,2034,9
256800,,,SQUID_INK,SEASHELLS,1915,9
256800,,,KELP,SEASHELLS,2034,3
257000,SUBMISSION,,RAINFOREST_RESIN,SEASHELLS,9995,7
257100,SUBMISSION,,RAINFOREST_RESIN,SEASHELLS,9995,1
257300,,SUBMISSION,RAINFOREST_RESIN,SEASHELLS,10002,1
257400,,,SQUID_INK,SEASHELLS,1912,1
257400,,,KELP,SEASHELLS,2037,1
257500,,,SQUID_INK,SEASHELLS,1910,1
257500,,,KELP,SEASHELLS,2033,1
257600,SUBMISSION,,RAINFOREST_RESIN,SEASHELLS,10002,1
258200,,,KELP,SEASHELLS,2035,1
258200,,,SQUID_INK,SEASHELLS,1904,1
258500,SUBMISSION,,RAINFOREST_RESIN,SEASHELLS,9997,5
258700,,,SQUID_INK,SEASHELLS,1900,4
259000,,SUBMISSION,KELP,SEASHELLS,2035,1
259100,,,SQUID_INK,SEASHELLS,1900,2
259100,,SUBMISSION,RAINFOREST_RESIN,SEASHELLS,10002,2
259100,SUBMISSION,,KELP,SEASHELLS,2034,2
259500,,,KELP,SEASHELLS,2035,1
259500,,,SQUID_INK,SEASHELLS,1905,1
259800,,,SQUID_INK,SEASHELLS,1907,1
259800,,SUBMISSION,KELP,SEASHELLS,2035,1
260000,,,SQUID_INK,SEASHELLS,1898,1
260000,,,KELP,SEASHELLS,2033,1
260000,SUBMISSION,,RAINFOREST_RESIN,SEASHELLS,9997,6
260100,,,KELP,SEASHELLS,2033,1
260100,,,SQUID_INK,SEASHELLS,1899,1
260200,,SUBMISSION,RAINFOREST_RESIN,SEASHELLS,9997,4
260300,,,SQUID_INK,SEASHELLS,1896,1
260300,,,KELP,SEASHELLS,2033,1
260600,,,KELP,SEASHELLS,2033,11
260600,SUBMISSION,,SQUID_INK,SEASHELLS,1893,14
260600,,,KELP,SEASHELLS,2033,3
260900,,SUBMISSION,KELP,SEASHELLS,2035,1
260900,,,SQUID_INK,SEASHELLS,1896,1
261000,,SUBMISSION,RAINFOREST_RESIN,SEASHELLS,9998,1
261000,SUBMISSION,,RAINFOREST_RESIN,SEASHELLS,9993,2
261100,,,KELP,SEASHELLS,2033,1
261100,,,SQUID_INK,SEASHELLS,1896,1
261300,,,KELP,SEASHELLS,2033,1
261300,,,SQUID_INK,SEASHELLS,1897,1
261800,,,SQUID_INK,SEASHELLS,1899,1
261800,,,KELP,SEASHELLS,2035,1
262300,,SUBMISSION,RAINFOREST_RESIN,SEASHELLS,10007,8
262600,,,RAINFOREST_RESIN,SEASHELLS,10002,2
262700,,,SQUID_INK,SEASHELLS,1896,4
262700,SUBMISSION,,RAINFOREST_RESIN,SEASHELLS,9995,2
262900,,,SQUID_INK,SEASHELLS,1898,4
263000,,SUBMISSION,SQUID_INK,SEASHELLS,1903,14
263500,,,SQUID_INK,SEASHELLS,1903,1
263500,,,KELP,SEASHELLS,2034,1
263700,,,RAINFOREST_RESIN,SEASHELLS,9998,4
263700,,SUBMISSION,RAINFOREST_RESIN,SEASHELLS,9997,3
264200,,,SQUID_INK,SEASHELLS,1912,2
264200,,,KELP,SEASHELLS,2037,2
264300,,,RAINFOREST_RESIN,SEASHELLS,9997,4
264300,,,SQUID_INK,SEASHELLS,1910,1
264300,,,KELP,SEASHELLS,2034,1
264500,SUBMISSION,,RAINFOREST_RESIN,SEASHELLS,9997,2
265100,,SUBMISSION,RAINFOREST_RESIN,SEASHELLS,10002,4
265200,,,SQUID_INK,SEASHELLS,1913,1
265200,,,KELP,SEASHELLS,2034,1
265300,,,KELP,SEASHELLS,2037,2
265300,,,SQUID_INK,SEASHELLS,1916,2
265700,SUBMISSION,,RAINFOREST_RESIN,SEASHELLS,9997,4
265700,,,SQUID_INK,SEASHELLS,1916,2
265700,,,KELP,SEASHELLS,2033,2
265800,SUBMISSION,,RAINFOREST_RESIN,SEASHELLS,9997,7
266000,,,SQUID_INK,SEASHELLS,1913,1
266000,,,KELP,SEASHELLS,2034,1
266100,,,KELP,SEASHELLS,2034,8
266100,,,SQUID_INK,SEASHELLS,1914,8
266200,,,SQUID_INK,SEASHELLS,1917,6
266200,,,KELP,SEASHELLS,2037,6
266300,,,SQUID_INK,SEASHELLS,1913,12
266300,,,KELP,SEASHELLS,2034,12
266500,,,SQUID_INK,SEASHELLS,1914,2
266600,,,KELP,SEASHELLS,2034,1
266600,,,SQUID_INK,SEASHELLS,1914,1
267600,,,KELP,SEASHELLS,2033,1
267600,,,SQUID_INK,SEASHELLS,1914,1
267700,,,KELP,SEASHELLS,2033,1
267700,,,SQUID_INK,SEASHELLS,1914,1
267900,,SUBMISSION,RAINFOREST_RESIN,SEASHELLS,10002,2
268000,SUBMISSION,,RAINFOREST_RESIN,SEASHELLS,9997,6
268000,,,SQUID_INK,SEASHELLS,1914,2
268000,,,KELP,SEASHELLS,2033,2
268100,,SUBMISSION,RAINFOREST_RESIN,SEASHELLS,9997,14
268100,,SUBMISSION,RAINFOREST_RESIN,SEASHELLS,9997,4
268400,,,SQUID_INK,SEASHELLS,1916,1
268400,,,KELP,SEASHELLS,2035,1
268500,SUBMISSION,,RAINFOREST_RESIN,SEASHELLS,9997,6
268600,,,KELP,SEASHELLS,2037,2
268600,,,SQUID_INK,SEASHELLS,1918,2
268800,SUBMISSION,,RAINFOREST_RESIN,SEASHELLS,10002,1
269000,,,SQUID_INK,SEASHELLS,1916,2
269000,,,KELP,SEASHELLS,2037,2
269200,,SUBMISSION,RAINFOREST_RESIN,SEASHELLS,9998,1
269300,,,RAINFOREST_RESIN,SEASHELLS,10001,1
269300,,SUBMISSION,RAINFOREST_RESIN,SEASHELLS,9998,1
269300,,SUBMISSION,RAINFOREST_RESIN,SEASHELLS,9998,5
269400,,,SQUID_INK,SEASHELLS,1915,2
269400,,,KELP,SEASHELLS,2034,2
269700,,,SQUID_INK,SEASHELLS,1915,5
269700,,,KELP,SEASHELLS,2034,5
269800,,,KELP,SEASHELLS,2034,1
269800,,,SQUID_INK,SEASHELLS,1913,1
269900,,,KELP,SEASHELLS,2034,1
269900,,,SQUID_INK,SEASHELLS,1913,2
270000,,,KELP,SEASHELLS,2034,1
270000,,,SQUID_INK,SEASHELLS,1910,1
270400,,,KELP,SEASHELLS,2033,1
270400,,,SQUID_INK,SEASHELLS,1906,1
270700,,,KELP,SEASHELLS,2034,6
270700,,,SQUID_INK,SEASHELLS,1907,6
271000,,,KELP,SEASHELLS,2033,1
271000,,,SQUID_INK,SEASHELLS,1904,1
271100,,,SQUID_INK,SEASHELLS,1903,1
271100,,,KELP,SEASHELLS,2033,1
271200,SUBMISSION,,KELP,SEASHELLS,2034,15
271200,SUBMISSION,,SQUID_INK,SEASHELLS,1902,15
271300,,,RAINFOREST_RESIN,SEASHELLS,9999,1
271700,SUBMISSION,,RAINFOREST_RESIN,SEASHELLS,9997,8
271700,,,KELP,SEASHELLS,2035,4
271700,,,SQUID_INK,SEASHELLS,1908,4
271800,,,SQUID_INK,SEASHELLS,1910,1
271800,,SUBMISSION,KELP,SEASHELLS,2036,1
271900,,,KELP,SEASHELLS,2033,1
271900,,,SQUID_INK,SEASHELLS,1908,1
272000,,,KELP,SEASHELLS,2034,2
272000,,,SQUID_INK,SEASHELLS,1909,2
272300,,SUBMISSION,RAINFOREST_RESIN,SEASHELLS,10002,5
272300,,,KELP,SEASHELLS,2036,1
272300,,,SQUID_INK,SEASHELLS,1907,2
272300,,,KELP,SEASHELLS,2035,2
272300,,,SQUID_INK,SEASHELLS,1908,1
272300,,,SQUID_INK,SEASHELLS,1907,1
272800,,SUBMISSION,SQUID_INK,SEASHELLS,1911,4
272800,,SUBMISSION,RAINFOREST_RESIN,SEASHELLS,10002,3
272800,,,KELP,SEASHELLS,2035,1
272800,,,SQUID_INK,SEASHELLS,1911,1
273200,,SUBMISSION,KELP,SEASHELLS,2036,1
273200,,SUBMISSION,SQUID_INK,SEASHELLS,1912,1
273300,,,KELP,SEASHELLS,2037,12
273300,,SUBMISSION,SQUID_INK,SEASHELLS,1912,10
274500,,,RAINFOREST_RESIN,SEASHELLS,9999,1
274600,,,SQUID_INK,SEASHELLS,1907,1
274600,,,KELP,SEASHELLS,2034,1
274600,SUBMISSION,,RAINFOREST_RESIN,SEASHELLS,9997,2
274800,,,RAINFOREST_RESIN,SEASHELLS,9998,1
275100,SUBMISSION,,SQUID_INK,SEASHELLS,1906,1
275100,SUBMISSION,,KELP,SEASHELLS,2035,1
275200,,SUBMISSION,RAINFOREST_RESIN,SEASHELLS,10002,1
275500,,,SQUID_INK,SEASHELLS,1903,3
275500,,,KELP,SEASHELLS,2034,3
275600,,SUBMISSION,RAINFOREST_RESIN,SEASHELLS,10002,1
275600,,,RAINFOREST_RESIN,SEASHELLS,10008,2
275700,,,RAINFOREST_RESIN,SEASHELLS,10008,6
275800,,,SQUID_INK,SEASHELLS,1905,1
275800,,SUBMISSION,KELP,SEASHELLS,2036,1
276000,,,RAINFOREST_RESIN,SEASHELLS,9999,1
276600,,,SQUID_INK,SEASHELLS,1902,1
276600,,,KELP,SEASHELLS,2034,1
277000,,,RAINFOREST_RESIN,SEASHELLS,9999,1
277500,,SUBMISSION,SQUID_INK,SEASHELLS,1906,1
277800,,,SQUID_INK,SEASHELLS,1906,1
277800,,,KELP,SEASHELLS,2033,1
278100,,,SQUID_INK,SEASHELLS,1909,1
278100,,SUBMISSION,KELP,SEASHELLS,2036,1
278100,,,RAINFOREST_RESIN,SEASHELLS,10008,2
278300,SUBMISSION,,RAINFOREST_RESIN,SEASHELLS,9997,8
278400,,,RAINFOREST_RESIN,SEASHELLS,10003,2
278900,,SUBMISSION,RAINFOREST_RESIN,SEASHELLS,9998,1
278900,,,KELP,SEASHELLS,2034,2
278900,,,SQUID_INK,SEASHELLS,1910,2
279100,,,SQUID_INK,SEASHELLS,1910,1
279100,,,KELP,SEASHELLS,2034,1
279100,SUBMISSION,,RAINFOREST_RESIN,SEASHELLS,10000,7
279200,,,KELP,SEASHELLS,2034,4
279200,,,SQUID_INK,SEASHELLS,1910,4
279200,,,SQUID_INK,SEASHELLS,1910,1
279200,,,KELP,SEASHELLS,2034,1
279200,SUBMISSION,,RAINFOREST_RESIN,SEASHELLS,9997,8
279200,,,KELP,SEASHELLS,2034,6
279200,,,SQUID_INK,SEASHELLS,1910,6
279400,,SUBMISSION,KELP,SEASHELLS,2036,2
279400,,,KELP,SEASHELLS,2034,1
279400,,,SQUID_INK,SEASHELLS,1911,1
279600,,,KELP,SEASHELLS,2034,14
279600,,,SQUID_INK,SEASHELLS,1908,1
279600,,,KELP,SEASHELLS,2034,1
279600,,,SQUID_INK,SEASHELLS,1908,14
280100,,,SQUID_INK,SEASHELLS,1906,1
280100,SUBMISSION,,RAINFOREST_RESIN,SEASHELLS,9997,4
280100,,,KELP,SEASHELLS,2034,1
280400,SUBMISSION,,RAINFOREST_RESIN,SEASHELLS,10002,1
280900,,,SQUID_INK,SEASHELLS,1892,3
281100,SUBMISSION,,RAINFOREST_RESIN,SEASHELLS,10002,1
281700,,,SQUID_INK,SEASHELLS,1886,1
281700,,,KELP,SEASHELLS,2034,1
282000,,,SQUID_INK,SEASHELLS,1887,1
282000,,,KELP,SEASHELLS,2034,1
282300,,,KELP,SEASHELLS,2034,1
282300,,,SQUID_INK,SEASHELLS,1889,1
282400,,SUBMISSION,RAINFOREST_RESIN,SEASHELLS,10002,6
282700,,,KELP,SEASHELLS,2037,10
282700,,,SQUID_INK,SEASHELLS,1895,10
282900,,,SQUID_INK,SEASHELLS,1892,2
282900,,,KELP,SEASHELLS,2034,2
283100,,,SQUID_INK,SEASHELLS,1893,2
283100,,,KELP,SEASHELLS,2034,2
283200,,SUBMISSION,KELP,SEASHELLS,2036,1
283300,,,KELP,SEASHELLS,2034,1
283500,,,SQUID_INK,SEASHELLS,1895,1
283500,,,KELP,SEASHELLS,2036,1
283500,,,KELP,SEASHELLS,2035,5
283700,,,KELP,SEASHELLS,2034,1
283700,,,SQUID_INK,SEASHELLS,1895,1
284400,,,KELP,SEASHELLS,2034,2
284400,,,SQUID_INK,SEASHELLS,1896,2
284500,,,KELP,SEASHELLS,2037,1
284500,,,SQUID_INK,SEASHELLS,1898,1
284600,,SUBMISSION,KELP,SEASHELLS,2036,1
284600,,,SQUID_INK,SEASHELLS,1898,1
284700,,,KELP,SEASHELLS,2034,5
284700,,,SQUID_INK,SEASHELLS,1896,5
284800,,,KELP,SEASHELLS,2034,10
284800,,,SQUID_INK,SEASHELLS,1895,10
285000,,,SQUID_INK,SEASHELLS,1898,1
285000,,,KELP,SEASHELLS,2034,1
285100,,,SQUID_INK,SEASHELLS,1897,1
285100,,,KELP,SEASHELLS,2034,1
285200,,SUBMISSION,KELP,SEASHELLS,2036,1
285200,,,SQUID_INK,SEASHELLS,1900,1
285300,,,SQUID_INK,SEASHELLS,1899,1
285300,,SUBMISSION,KELP,SEASHELLS,2036,1
285400,,,SQUID_INK,SEASHELLS,1896,5
285400,,,KELP,SEASHELLS,2034,5
285400,,SUBMISSION,RAINFOREST_RESIN,SEASHELLS,10002,5
285500,,SUBMISSION,KELP,SEASHELLS,2036,1
285800,SUBMISSION,,RAINFOREST_RESIN,SEASHELLS,9997,4
285800,SUBMISSION,,RAINFOREST_RESIN,SEASHELLS,9997,2
285900,,,SQUID_INK,SEASHELLS,1901,4
286100,,,SQUID_INK,SEASHELLS,1901,1
286200,,SUBMISSION,KELP,SEASHELLS,2036,5
286500,SUBMISSION,,RAINFOREST_RESIN,SEASHELLS,9997,5
286500,,,KELP,SEASHELLS,2038,9
286500,,,SQUID_INK,SEASHELLS,1904,9
286600,,,KELP,SEASHELLS,2035,1
286600,,,SQUID_INK,SEASHELLS,1902,1
286700,,,SQUID_INK,SEASHELLS,1904,1
286700,,,KELP,SEASHELLS,2035,1
286800,,,KELP,SEASHELLS,2035,1
286800,,,SQUID_INK,SEASHELLS,1903,1
286900,,,KELP,SEASHELLS,2036,4
286900,,,SQUID_INK,SEASHELLS,1908,10
286900,,,SQUID_INK,SEASHELLS,1905,4
287400,,SUBMISSION,RAINFOREST_RESIN,SEASHELLS,10002,10
287500,,,KELP,SEASHELLS,2035,5
287500,,,SQUID_INK,SEASHELLS,1907,7
287500,,,KELP,SEASHELLS,2035,7
287500,,SUBMISSION,RAINFOREST_RESIN,SEASHELLS,9998,1
287500,,,SQUID_INK,SEASHELLS,1907,5
287700,,,SQUID_INK,SEASHELLS,1907,4
287700,,,KELP,SEASHELLS,2036,4
288000,,SUBMISSION,RAINFOREST_RESIN,SEASHELLS,9996,9
288200,,,RAINFOREST_RESIN,SEASHELLS,9998,3
288200,,SUBMISSION,RAINFOREST_RESIN,SEASHELLS,9997,6
288500,,SUBMISSION,RAINFOREST_RESIN,SEASHELLS,9998,2
288700,,,SQUID_INK,SEASHELLS,1906,1
288700,,,RAINFOREST_RESIN,SEASHELLS,10001,1
288700,,,KELP,SEASHELLS,2038,1
288800,,,KELP,SEASHELLS,2038,1
289100,,,SQUID_INK,SEASHELLS,1908,1
289100,,,KELP,SEASHELLS,2036,1
289200,,,RAINFOREST_RESIN,SEASHELLS,10008,5
289300,,,RAINFOREST_RESIN,SEASHELLS,9998,3
289800,,,KELP,SEASHELLS,2037,5
289800,,,KELP,SEASHELLS,2037,1
289800,,,SQUID_INK,SEASHELLS,1912,1
290200,,,RAINFOREST_RESIN,SEASHELLS,10008,1
290300,,,KELP,SEASHELLS,2038,1
290300,,,SQUID_INK,SEASHELLS,1910,1
290900,,,RAINFOREST_RESIN,SEASHELLS,10008,5
291000,,,KELP,SEASHELLS,2037,1
291000,,,SQUID_INK,SEASHELLS,1911,1
291000,,,RAINFOREST_RESIN,SEASHELLS,10008,6
291300,,,SQUID_INK,SEASHELLS,1911,15
291300,SUBMISSION,,KELP,SEASHELLS,2036,15
291300,,,SQUID_INK,SEASHELLS,1913,1
291300,,,KELP,SEASHELLS,2038,1
291600,,,KELP,SEASHELLS,2038,8
291600,,,KELP,SEASHELLS,2038,7
291600,,,SQUID_INK,SEASHELLS,1912,8
291800,,,RAINFOREST_RESIN,SEASHELLS,9998,4
291900,,,KELP,SEASHELLS,2036,1
291900,,,SQUID_INK,SEASHELLS,1909,1
292100,,,KELP,SEASHELLS,2036,9
292200,,,SQUID_INK,SEASHELLS,1914,8
292200,,,KELP,SEASHELLS,2036,1
292200,,SUBMISSION,KELP,SEASHELLS,2037,7
292200,,,SQUID_INK,SEASHELLS,1911,1
292200,,SUBMISSION,KELP,SEASHELLS,2037,8
292400,,,RAINFOREST_RESIN,SEASHELLS,10008,8
292400,,,SQUID_INK,SEASHELLS,1909,1
292400,,,KELP,SEASHELLS,2036,1
292900,,,KELP,SEASHELLS,2036,1
292900,,,SQUID_INK,SEASHELLS,1911,1
293000,,,KELP,SEASHELLS,2037,4
293000,,,SQUID_INK,SEASHELLS,1913,4
293200,,,SQUID_INK,SEASHELLS,1909,2
293400,,,RAINFOREST_RESIN,SEASHELLS,10008,5
293400,SUBMISSION,,RAINFOREST_RESIN,SEASHELLS,9997,2
293700,SUBMISSION,,KELP,SEASHELLS,2037,1
293700,SUBMISSION,,SQUID_INK,SEASHELLS,1906,1
294100,,,SQUID_INK,SEASHELLS,1909,1
294100,,,SQUID_INK,SEASHELLS,1910,1
294100,,SUBMISSION,KELP,SEASHELLS,2039,1
294100,,,KELP,SEASHELLS,2040,1
294400,,SUBMISSION,RAINFOREST_RESIN,SEASHELLS,10000,2
294400,,,RAINFOREST_RESIN,SEASHELLS,10000,1
294500,,,RAINFOREST_RESIN,SEASHELLS,10008,7
294500,,,KELP,SEASHELLS,2040,1
294500,,,SQUID_INK,SEASHELLS,1906,1
295200,,,SQUID_INK,SEASHELLS,1908,1
295200,,,SQUID_INK,SEASHELLS,1911,2
295200,,,KELP,SEASHELLS,2040,2
295200,,,KELP,SEASHELLS,2036,1
295300,,,SQUID_INK,SEASHELLS,1909,1
295300,,,KELP,SEASHELLS,2036,1
295400,,,KELP,SEASHELLS,2037,5
295400,,,SQUID_INK,SEASHELLS,1909,5
295500,,,KELP,SEASHELLS,2040,2
295500,,,SQUID_INK,SEASHELLS,1911,1
295600,,SUBMISSION,SQUID_INK,SEASHELLS,1911,1
295600,,,KELP,SEASHELLS,2037,2
295600,,,SQUID_INK,SEASHELLS,1910,2
295600,SUBMISSION,,RAINFOREST_RESIN,SEASHELLS,9997,4
296100,SUBMISSION,,RAINFOREST_RESIN,SEASHELLS,9997,2
296200,,,SQUID_INK,SEASHELLS,1907,4
296200,,SUBMISSION,RAINFOREST_RESIN,SEASHELLS,10002,6
296300,,,KELP,SEASHELLS,2037,1
296300,,,SQUID_INK,SEASHELLS,1906,2
296300,,,SQUID_INK,SEASHELLS,1907,1
296300,,,KELP,SEASHELLS,2037,2
296400,SUBMISSION,,RAINFOREST_RESIN,SEASHELLS,9997,8
296600,,SUBMISSION,RAINFOREST_RESIN,SEASHELLS,10005,1
296800,,,SQUID_INK,SEASHELLS,1905,6
296900,,,SQUID_INK,SEASHELLS,1906,3
297000,,,KELP,SEASHELLS,2038,1
297000,,,SQUID_INK,SEASHELLS,1908,1
297000,SUBMISSION,,RAINFOREST_RESIN,SEASHELLS,9997,1
297500,,,KELP,SEASHELLS,2037,1
298400,,SUBMISSION,RAINFOREST_RESIN,SEASHELLS,9998,1
298700,SUBMISSION,,RAINFOREST_RESIN,SEASHELLS,9997,7
298700,,,SQUID_INK,SEASHELLS,1910,1
298800,,,KELP,SEASHELLS,2040,1
298900,,,SQUID_INK,SEASHELLS,1912,1
298900,,,KELP,SEASHELLS,2038,1
299500,,,SQUID_INK,SEASHELLS,1914,2
299500,,,KELP,SEASHELLS,2041,2
299900,,,SQUID_INK,SEASHELLS,1912,11
299900,,,SQUID_INK,SEASHELLS,1911,1
299900,,,KELP,SEASHELLS,2041,11
299900,,SUBMISSION,RAINFOREST_RESIN,SEASHELLS,9997,3
299900,,,KELP,SEASHELLS,2040,1
300000,,SUBMISSION,RAINFOREST_RESIN,SEASHELLS,10002,4
300100,,,KELP,SEASHELLS,2038,1
300100,,,SQUID_INK,SEASHELLS,1908,1
300200,,,KELP,SEASHELLS,2038,1
300200,,,SQUID_INK,SEASHELLS,1907,1
300300,,,KELP,SEASHELLS,2040,1
300300,,,SQUID_INK,SEASHELLS,1909,1
300600,,,KELP,SEASHELLS,2040,1
300600,,,SQUID_INK,SEASHELLS,1906,1
301100,SUBMISSION,,RAINFOREST_RESIN,SEASHELLS,9997,1
301200,,,KELP,SEASHELLS,2038,1
301200,,,SQUID_INK,SEASHELLS,1911,1
301300,SUBMISSION,,RAINFOREST_RESIN,SEASHELLS,9997,5
301400,SUBMISSION,,KELP,SEASHELLS,2039,2
301400,,,SQUID_INK,SEASHELLS,1911,2
301500,,SUBMISSION,RAINFOREST_RESIN,SEASHELLS,10002,1
301500,,,KELP,SEASHELLS,2039,3
301800,,,SQUID_INK,SEASHELLS,1916,1
301800,,,KELP,SEASHELLS,2038,1
301900,SUBMISSION,,RAINFOREST_RESIN,SEASHELLS,10002,1
301900,,,SQUID_INK,SEASHELLS,1918,8
302300,SUBMISSION,,RAINFOREST_RESIN,SEASHELLS,9997,6
302500,,,KELP,SEASHELLS,2039,4
302500,,,KELP,SEASHELLS,2039,1
302500,,,SQUID_INK,SEASHELLS,1918,5
302600,,,KELP,SEASHELLS,2039,1
302600,,,SQUID_INK,SEASHELLS,1917,1
302700,,SUBMISSION,RAINFOREST_RESIN,SEASHELLS,9997,2
302700,,,RAINFOREST_RESIN,SEASHELLS,9998,1
303200,SUBMISSION,,RAINFOREST_RESIN,SEASHELLS,10000,2
303200,,,SQUID_INK,SEASHELLS,1920,13
303200,,,KELP,SEASHELLS,2041,13
303400,SUBMISSION,,RAINFOREST_RESIN,SEASHELLS,9997,2
303900,,SUBMISSION,RAINFOREST_RESIN,SEASHELLS,9998,1
304100,SUBMISSION,,RAINFOREST_RESIN,SEASHELLS,9997,2
304400,,,KELP,SEASHELLS,2040,5
304400,,SUBMISSION,KELP,SEASHELLS,2040,2
304400,,,KELP,SEASHELLS,2040,1
304400,,,KELP,SEASHELLS,2040,7
304400,,,SQUID_INK,SEASHELLS,1920,1
304400,,,KELP,SEASHELLS,2040,0
304400,,,SQUID_INK,SEASHELLS,1920,5
304400,,SUBMISSION,KELP,SEASHELLS,2040,0
304500,,,KELP,SEASHELLS,2038,1
304500,,,SQUID_INK,SEASHELLS,1918,1
304900,,,RAINFOREST_RESIN,SEASHELLS,10003,6
305200,,,KELP,SEASHELLS,2040,4
305200,,,SQUID_INK,SEASHELLS,1918,4
305300,SUBMISSION,,RAINFOREST_RESIN,SEASHELLS,9997,4
305400,,,SQUID_INK,SEASHELLS,1915,1
305400,,,KELP,SEASHELLS,2038,1
305800,,,KELP,SEASHELLS,2040,1
305900,,SUBMISSION,RAINFOREST_RESIN,SEASHELLS,9998,1
305900,SUBMISSION,,RAINFOREST_RESIN,SEASHELLS,9993,4
306000,,,SQUID_INK,SEASHELLS,1917,1
306000,,,KELP,SEASHELLS,2038,1
306100,,SUBMISSION,RAINFOREST_RESIN,SEASHELLS,9998,1
307100,,,SQUID_INK,SEASHELLS,1919,6
307100,,,KELP,SEASHELLS,2040,6
307300,,,KELP,SEASHELLS,2039,1
307300,,,SQUID_INK,SEASHELLS,1917,1
307500,,,SQUID_INK,SEASHELLS,1918,1
307500,,,KELP,SEASHELLS,2040,7
307500,,,SQUID_INK,SEASHELLS,1918,7
307500,,,SQUID_INK,SEASHELLS,1920,1
307500,,,KELP,SEASHELLS,2042,1
307600,,,KELP,SEASHELLS,2040,1
307600,,,SQUID_INK,SEASHELLS,1918,1
308100,,,KELP,SEASHELLS,2040,1
308100,,,SQUID_INK,SEASHELLS,1913,1
308200,,,KELP,SEASHELLS,2042,1
308400,,,SQUID_INK,SEASHELLS,1911,1
308400,,,KELP,SEASHELLS,2044,1
308600,SUBMISSION,,RAINFOREST_RESIN,SEASHELLS,9997,1
308700,,,KELP,SEASHELLS,2042,5
308900,,,SQUID_INK,SEASHELLS,1904,1
308900,,,SQUID_INK,SEASHELLS,1907,2
308900,,,KELP,SEASHELLS,2040,1
308900,,,KELP,SEASHELLS,2043,2
309000,,,KELP,SEASHELLS,2040,1
309000,,,SQUID_INK,SEASHELLS,1904,1
309200,SUBMISSION,,RAINFOREST_RESIN,SEASHELLS,9997,2
309500,,,SQUID_INK,SEASHELLS,1906,3
309500,,,KELP,SEASHELLS,2041,3
309900,,,SQUID_INK,SEASHELLS,1908,2
309900,,,KELP,SEASHELLS,2042,2
310500,,,SQUID_INK,SEASHELLS,1904,1
310500,,,RAINFOREST_RESIN,SEASHELLS,10002,1
310500,,,RAINFOREST_RESIN,SEASHELLS,10002,2
310500,,,KELP,SEASHELLS,2042,1
310700,,,KELP,SEASHELLS,2040,2
311100,,,KELP,SEASHELLS,2041,3
311100,,,SQUID_INK,SEASHELLS,1902,3
311700,,,KELP,SEASHELLS,2040,1
311700,SUBMISSION,,SQUID_INK,SEASHELLS,1892,1
311800,SUBMISSION,,SQUID_INK,SEASHELLS,1892,12
311800,,,KELP,SEASHELLS,2040,12
312000,,,KELP,SEASHELLS,2040,1
312000,,,SQUID_INK,SEASHELLS,1891,1
312100,,SUBMISSION,RAINFOREST_RESIN,SEASHELLS,9998,1
312200,,,KELP,SEASHELLS,2043,1
312200,,,SQUID_INK,SEASHELLS,1893,1
312400,,SUBMISSION,RAINFOREST_RESIN,SEASHELLS,9997,5
312500,,,SQUID_INK,SEASHELLS,1897,1
312500,SUBMISSION,,RAINFOREST_RESIN,SEASHELLS,10002,1
312500,,,KELP,SEASHELLS,2042,1
312900,,,SQUID_INK,SEASHELLS,1896,1
312900,,,KELP,SEASHELLS,2039,1
313800,,,KELP,SEASHELLS,2040,2
313800,,,KELP,SEASHELLS,2039,1
313800,,,SQUID_INK,SEASHELLS,1890,1
313800,,,SQUID_INK,SEASHELLS,1891,2
314000,,,SQUID_INK,SEASHELLS,1893,6
314100,SUBMISSION,,RAINFOREST_RESIN,SEASHELLS,9997,5
314200,,,KELP,SEASHELLS,2041,1
314200,,,SQUID_INK,SEASHELLS,1894,1
315400,,SUBMISSION,RAINFOREST_RESIN,SEASHELLS,10000,9
315500,,,SQUID_INK,SEASHELLS,1896,1
315600,,,KELP,SEASHELLS,2039,1
315600,,,SQUID_INK,SEASHELLS,1893,1
315800,,SUBMISSION,RAINFOREST_RESIN,SEASHELLS,10002,1
316000,SUBMISSION,,RAINFOREST_RESIN,SEASHELLS,10002,2
316600,SUBMISSION,,RAINFOREST_RESIN,SEASHELLS,9997,6
316700,,,SQUID_INK,SEASHELLS,1894,1
316700,,,KELP,SEASHELLS,2040,1
316800,,SUBMISSION,SQUID_INK,SEASHELLS,1899,11
316800,,,KELP,SEASHELLS,2043,11
317400,,SUBMISSION,SQUID_INK,SEASHELLS,1900,1
317400,,,KELP,SEASHELLS,2042,1
317700,,SUBMISSION,SQUID_INK,SEASHELLS,1901,1
318100,,,SQUID_INK,SEASHELLS,1899,2
318100,,,KELP,SEASHELLS,2041,2
318100,,SUBMISSION,RAINFOREST_RESIN,SEASHELLS,9997,5
318800,SUBMISSION,,RAINFOREST_RESIN,SEASHELLS,9997,6
319000,,,SQUID_INK,SEASHELLS,1894,1
319000,SUBMISSION,,KELP,SEASHELLS,2041,1
319100,,,SQUID_INK,SEASHELLS,1899,3
319300,,,SQUID_INK,SEASHELLS,1899,1
319300,,,KELP,SEASHELLS,2043,1
319300,,,KELP,SEASHELLS,2040,1
319400,,SUBMISSION,KELP,SEASHELLS,2042,1
319500,,,SQUID_INK,SEASHELLS,1894,1
319500,,SUBMISSION,RAINFOREST_RESIN,SEASHELLS,10002,6
319500,,,KELP,SEASHELLS,2040,1
319900,,SUBMISSION,RAINFOREST_RESIN,SEASHELLS,10002,5
320100,,,SQUID_INK,SEASHELLS,1888,1
320100,,,KELP,SEASHELLS,2040,1
320800,,,SQUID_INK,SEASHELLS,1894,2
320800,,,KELP,SEASHELLS,2041,5
320800,,,SQUID_INK,SEASHELLS,1893,2
320800,,,SQUID_INK,SEASHELLS,1893,5
320800,,,KELP,SEASHELLS,2041,2
320800,,,KELP,SEASHELLS,2043,2
320900,,SUBMISSION,RAINFOREST_RESIN,SEASHELLS,10007,1
321100,,SUBMISSION,RAINFOREST_RESIN,SEASHELLS,9997,3
321500,,,KELP,SEASHELLS,2044,2
321500,,,SQUID_INK,SEASHELLS,1897,2
321700,,SUBMISSION,RAINFOREST_RESIN,SEASHELLS,10002,1
321900,SUBMISSION,,RAINFOREST_RESIN,SEASHELLS,9995,6
322000,,,SQUID_INK,SEASHELLS,1903,1
322000,,,KELP,SEASHELLS,2044,1
322200,,,KELP,SEASHELLS,2041,8
322200,,,SQUID_INK,SEASHELLS,1903,1
322200,,,SQUID_INK,SEASHELLS,1903,7
322600,,,KELP,SEASHELLS,2043,1
322600,,,SQUID_INK,SEASHELLS,1906,1
322700,,,SQUID_INK,SEASHELLS,1904,1
322700,,SUBMISSION,RAINFOREST_RESIN,SEASHELLS,9997,8
322700,,,KELP,SEASHELLS,2040,1
323100,,,KELP,SEASHELLS,2042,1
323100,,,SQUID_INK,SEASHELLS,1902,1
323200,,,SQUID_INK,SEASHELLS,1904,2
323200,,,KELP,SEASHELLS,2042,2
323300,,,KELP,SEASHELLS,2044,2
323300,,,SQUID_INK,SEASHELLS,1907,2
323600,,,SQUID_INK,SEASHELLS,1906,1
323800,,,SQUID_INK,SEASHELLS,1907,1
323800,,,KELP,SEASHELLS,2041,1
323900,,,SQUID_INK,SEASHELLS,1909,1
323900,,,KELP,SEASHELLS,2043,1
324200,,SUBMISSION,RAINFOREST_RESIN,SEASHELLS,9997,13
324300,,,SQUID_INK,SEASHELLS,1908,2
324400,,,SQUID_INK,SEASHELLS,1908,2
324400,,,KELP,SEASHELLS,2044,2
324500,SUBMISSION,,RAINFOREST_RESIN,SEASHELLS,10000,1
324700,,,KELP,SEASHELLS,2043,1
324700,,,SQUID_INK,SEASHELLS,1906,1
324900,SUBMISSION,,RAINFOREST_RESIN,SEASHELLS,9997,10
325200,,,KELP,SEASHELLS,2043,1
325200,,,KELP,SEASHELLS,2042,3
325200,,,SQUID_INK,SEASHELLS,1906,1
325300,,,SQUID_INK,SEASHELLS,1904,9
325300,SUBMISSION,,KELP,SEASHELLS,2042,9
325400,SUBMISSION,,RAINFOREST_RESIN,SEASHELLS,9997,7
325500,SUBMISSION,,RAINFOREST_RESIN,SEASHELLS,10001,2
325600,,SUBMISSION,KELP,SEASHELLS,2043,1
325600,,,SQUID_INK,SEASHELLS,1907,1
325800,,,SQUID_INK,SEASHELLS,1908,7
325800,SUBMISSION,,RAINFOREST_RESIN,SEASHELLS,9997,7
325800,,SUBMISSION,KELP,SEASHELLS,2043,7
325800,,SUBMISSION,KELP,SEASHELLS,2043,1
326100,,,KELP,SEASHELLS,2042,1
326100,,,SQUID_INK,SEASHELLS,1906,1
326200,,,SQUID_INK,SEASHELLS,1905,1
326200,,,KELP,SEASHELLS,2042,1
326200,,SUBMISSION,RAINFOREST_RESIN,SEASHELLS,9998,1
326300,,,KELP,SEASHELLS,2044,1
326600,SUBMISSION,,RAINFOREST_RESIN,SEASHELLS,9997,1
326900,,,KELP,SEASHELLS,2042,3
326900,,,SQUID_INK,SEASHELLS,1903,3
327000,,SUBMISSION,RAINFOREST_RESIN,SEASHELLS,9997,4
327200,SUBMISSION,,RAINFOREST_RESIN,SEASHELLS,10002,1
327200,,,SQUID_INK,SEASHELLS,1907,1
327200,SUBMISSION,,KELP,SEASHELLS,2042,2
327200,,,SQUID_INK,SEASHELLS,1906,2
327300,,,SQUID_INK,SEASHELLS,1909,1
327300,,,KELP,SEASHELLS,2041,1
327400,,SUBMISSION,RAINFOREST_RESIN,SEASHELLS,10000,6
328100,,,KELP,SEASHELLS,2044,2
328100,,,KELP,SEASHELLS,2043,3
328100,,,SQUID_INK,SEASHELLS,1898,2
328100,,SUBMISSION,KELP,SEASHELLS,2043,2
328200,,SUBMISSION,RAINFOREST_RESIN,SEASHELLS,9998,1
328300,,,KELP,SEASHELLS,2044,1
328300,,SUBMISSION,RAINFOREST_RESIN,SEASHELLS,10002,5
328300,,,SQUID_INK,SEASHELLS,1901,1
328700,,,KELP,SEASHELLS,2045,1
328700,,,SQUID_INK,SEASHELLS,1902,1
329400,,SUBMISSION,RAINFOREST_RESIN,SEASHELLS,10002,5
329700,,,KELP,SEASHELLS,2045,15
329700,,,SQUID_INK,SEASHELLS,1902,15
330000,SUBMISSION,,KELP,SEASHELLS,2043,1
330000,,,SQUID_INK,SEASHELLS,1896,1
330600,,,SQUID_INK,SEASHELLS,1907,2
330600,,,KELP,SEASHELLS,2044,2
330900,,,KELP,SEASHELLS,2041,1
330900,,,SQUID_INK,SEASHELLS,1906,1
331000,SUBMISSION,,RAINFOREST_RESIN,SEASHELLS,10000,8
331000,SUBMISSION,,RAINFOREST_RESIN,SEASHELLS,10000,1
331100,,SUBMISSION,KELP,SEASHELLS,2043,1
331100,,,SQUID_INK,SEASHELLS,1908,1
331200,,,SQUID_INK,SEASHELLS,1908,1
331200,,,KELP,SEASHELLS,2043,1
331600,,SUBMISSION,RAINFOREST_RESIN,SEASHELLS,10002,3
332100,,,SQUID_INK,SEASHELLS,1908,5
332100,,,KELP,SEASHELLS,2043,5
332300,,SUBMISSION,RAINFOREST_RESIN,SEASHELLS,10002,8
332400,,SUBMISSION,RAINFOREST_RESIN,SEASHELLS,9997,5
332500,,,KELP,SEASHELLS,2041,1
332500,,,SQUID_INK,SEASHELLS,1906,1
332500,,,SQUID_INK,SEASHELLS,1906,3
333000,,,KELP,SEASHELLS,2044,1
333400,,,SQUID_INK,SEASHELLS,1905,1
333400,,,KELP,SEASHELLS,2044,1
333500,,,SQUID_INK,SEASHELLS,1904,1
333500,,,KELP,SEASHELLS,2042,1
333700,SUBMISSION,,RAINFOREST_RESIN,SEASHELLS,10002,1
333800,,,SQUID_INK,SEASHELLS,1901,1
333800,SUBMISSION,,RAINFOREST_RESIN,SEASHELLS,10002,1
333800,,,KELP,SEASHELLS,2042,1
333900,,SUBMISSION,RAINFOREST_RESIN,SEASHELLS,10002,1
334400,,SUBMISSION,RAINFOREST_RESIN,SEASHELLS,9998,1
335200,SUBMISSION,,RAINFOREST_RESIN,SEASHELLS,9997,1
335200,,,SQUID_INK,SEASHELLS,1901,1
335200,,,KELP,SEASHELLS,2042,1
335500,,,RAINFOREST_RESIN,SEASHELLS,9992,1
336200,,,SQUID_INK,SEASHELLS,1905,1
336200,,,KELP,SEASHELLS,2043,1
336300,,,SQUID_INK,SEASHELLS,1905,1
336300,,SUBMISSION,RAINFOREST_RESIN,SEASHELLS,10000,1
336300,,,KELP,SEASHELLS,2043,1
336600,SUBMISSION,,RAINFOREST_RESIN,SEASHELLS,10002,1
336900,,,KELP,SEASHELLS,2042,2
336900,,,SQUID_INK,SEASHELLS,1907,2
336900,,,KELP,SEASHELLS,2043,4
336900,,,SQUID_INK,SEASHELLS,1908,4
337100,,,SQUID_INK,SEASHELLS,1915,1
337100,,,KELP,SEASHELLS,2042,1
337300,,,KELP,SEASHELLS,2043,2
337300,,,SQUID_INK,SEASHELLS,1920,2
337400,,SUBMISSION,RAINFOREST_RESIN,SEASHELLS,9998,1
337500,,,SQUID_INK,SEASHELLS,1920,1
337500,,,KELP,SEASHELLS,2042,1
337800,,,SQUID_INK,SEASHELLS,1919,2
337800,SUBMISSION,,KELP,SEASHELLS,2043,2
338100,,SUBMISSION,KELP,SEASHELLS,2044,1
338200,,,KELP,SEASHELLS,2042,1
338400,,SUBMISSION,KELP,SEASHELLS,2045,1
338400,,,SQUID_INK,SEASHELLS,1921,14
338600,,,SQUID_INK,SEASHELLS,1914,1
338600,,,KELP,SEASHELLS,2043,1
338900,,,SQUID_INK,SEASHELLS,1914,1
338900,,,KELP,SEASHELLS,2043,1
339000,,,SQUID_INK,SEASHELLS,1913,8
339000,,,KELP,SEASHELLS,2043,8
339200,,,SQUID_INK,SEASHELLS,1913,2
339200,,,KELP,SEASHELLS,2043,2
339300,,,RAINFOREST_RESIN,SEASHELLS,10008,4
339600,,,RAINFOREST_RESIN,SEASHELLS,9999,1
339600,,,KELP,SEASHELLS,2047,9
339600,,,SQUID_INK,SEASHELLS,1915,9
339900,,,KELP,SEASHELLS,2044,3
339900,,,SQUID_INK,SEASHELLS,1914,3
340000,,,RAINFOREST_RESIN,SEASHELLS,9999,1
340100,,,SQUID_INK,SEASHELLS,1911,6
340100,,,KELP,SEASHELLS,2047,6
340500,,,SQUID_INK,SEASHELLS,1906,1
340500,,,KELP,SEASHELLS,2044,1
340700,,,RAINFOREST_RESIN,SEASHELLS,9999,1
341000,,,KELP,SEASHELLS,2044,1
341000,,,SQUID_INK,SEASHELLS,1899,1
341100,,,KELP,SEASHELLS,2047,1
341100,,,KELP,SEASHELLS,2047,3
341500,,,KELP,SEASHELLS,2049,4
341500,,,SQUID_INK,SEASHELLS,1905,4
341600,,,KELP,SEASHELLS,2048,1
341600,,,SQUID_INK,SEASHELLS,1900,1
341700,,,SQUID_INK,SEASHELLS,1899,1
341700,,,KELP,SEASHELLS,2048,1
341900,,,RAINFOREST_RESIN,SEASHELLS,10008,7
342400,,,KELP,SEASHELLS,2045,10
342400,,,SQUID_INK,SEASHELLS,1897,10
342600,SUBMISSION,,RAINFOREST_RESIN,SEASHELLS,9997,2
342700,,,KELP,SEASHELLS,2049,1
342700,,,SQUID_INK,SEASHELLS,1904,1
342900,SUBMISSION,,RAINFOREST_RESIN,SEASHELLS,9997,1
343100,,,KELP,SEASHELLS,2046,2
343100,,,SQUID_INK,SEASHELLS,1904,2
343200,SUBMISSION,,RAINFOREST_RESIN,SEASHELLS,10002,1
343200,,,SQUID_INK,SEASHELLS,1905,1
343200,,,KELP,SEASHELLS,2045,1
343400,,,KELP,SEASHELLS,2047,1
343400,,,SQUID_INK,SEASHELLS,1906,1
343500,SUBMISSION,,RAINFOREST_RESIN,SEASHELLS,9997,1
343500,,SUBMISSION,RAINFOREST_RESIN,SEASHELLS,10002,4
343600,,,RAINFOREST_RESIN,SEASHELLS,9999,1
343600,,SUBMISSION,RAINFOREST_RESIN,SEASHELLS,9998,1
343600,,,KELP,SEASHELLS,2046,5
343600,,,SQUID_INK,SEASHELLS,1905,5
343700,,,RAINFOREST_RESIN,SEASHELLS,10008,5
343800,,,RAINFOREST_RESIN,SEASHELLS,10008,5
343900,,,SQUID_INK,SEASHELLS,1909,1
343900,,,KELP,SEASHELLS,2047,1
344100,,,RAINFOREST_RESIN,SEASHELLS,10008,1
344400,SUBMISSION,,RAINFOREST_RESIN,SEASHELLS,10002,1
344400,,,SQUID_INK,SEASHELLS,1905,1
344600,SUBMISSION,,RAINFOREST_RESIN,SEASHELLS,9997,1
344800,,,KELP,SEASHELLS,2048,14
344800,,,SQUID_INK,SEASHELLS,1913,14
345000,,SUBMISSION,RAINFOREST_RESIN,SEASHELLS,10002,2
345000,,,RAINFOREST_RESIN,SEASHELLS,10002,2
345200,,,SQUID_INK,SEASHELLS,1910,4
345400,,,RAINFOREST_RESIN,SEASHELLS,9999,1
345500,,,KELP,SEASHELLS,2046,6
345600,,,KELP,SEASHELLS,2047,1
345600,,,SQUID_INK,SEASHELLS,1909,1
345700,,,KELP,SEASHELLS,2047,1
345700,,,SQUID_INK,SEASHELLS,1910,1
345900,,,KELP,SEASHELLS,2047,9
345900,,,RAINFOREST_RESIN,SEASHELLS,10003,4
345900,,,SQUID_INK,SEASHELLS,1911,1
346100,SUBMISSION,,RAINFOREST_RESIN,SEASHELLS,9997,4
346200,,,RAINFOREST_RESIN,SEASHELLS,9998,3
346200,,SUBMISSION,RAINFOREST_RESIN,SEASHELLS,9997,4
347100,,,KELP,SEASHELLS,2046,1
347100,,,SQUID_INK,SEASHELLS,1910,1
347300,SUBMISSION,,RAINFOREST_RESIN,SEASHELLS,10000,5
347300,SUBMISSION,,RAINFOREST_RESIN,SEASHELLS,10000,1
347500,,,KELP,SEASHELLS,2045,1
347500,,,SQUID_INK,SEASHELLS,1915,1
347700,,,KELP,SEASHELLS,2045,1
347700,,,KELP,SEASHELLS,2043,6
347700,,,SQUID_INK,SEASHELLS,1917,1
348000,,,KELP,SEASHELLS,2045,2
348700,,,SQUID_INK,SEASHELLS,1920,1
348800,,SUBMISSION,RAINFOREST_RESIN,SEASHELLS,10002,4
349100,,SUBMISSION,RAINFOREST_RESIN,SEASHELLS,9998,1
349100,,,RAINFOREST_RESIN,SEASHELLS,9999,1
349600,,,KELP,SEASHELLS,2043,1
349600,,,SQUID_INK,SEASHELLS,1917,1
349700,,,KELP,SEASHELLS,2044,1
349700,,,SQUID_INK,SEASHELLS,1916,1
350100,,,KELP,SEASHELLS,2047,2
350100,,,SQUID_INK,SEASHELLS,1922,2
350200,,,SQUID_INK,SEASHELLS,1921,1
350200,,,KELP,SEASHELLS,2045,1
350700,,,SQUID_INK,SEASHELLS,1918,1
350700,,,KELP,SEASHELLS,2044,1
351100,,,KELP,SEASHELLS,2044,1
351100,,,SQUID_INK,SEASHELLS,1921,1
351600,,,RAINFOREST_RESIN,SEASHELLS,10008,5
352400,,,RAINFOREST_RESIN,SEASHELLS,10008,5
352400,,,KELP,SEASHELLS,2045,1
352400,,,SQUID_INK,SEASHELLS,1924,1
352500,,,SQUID_INK,SEASHELLS,1926,15
352500,,,KELP,SEASHELLS,2047,15
352500,,,RAINFOREST_RESIN,SEASHELLS,9999,1
352700,,,RAINFOREST_RESIN,SEASHELLS,10008,1
352700,,,SQUID_INK,SEASHELLS,1924,1
352700,,,KELP,SEASHELLS,2045,1
352900,,,RAINFOREST_RESIN,SEASHELLS,10008,5
353100,,,SQUID_INK,SEASHELLS,1926,1
353100,,,KELP,SEASHELLS,2046,1
353200,,,KELP,SEASHELLS,2047,1
353200,,,SQUID_INK,SEASHELLS,1927,1
353400,,,KELP,SEASHELLS,2044,1
353400,,,SQUID_INK,SEASHELLS,1925,1
353600,,,SQUID_INK,SEASHELLS,1926,1
353600,,,KELP,SEASHELLS,2045,4
353600,,,SQUID_INK,SEASHELLS,1926,4
353600,,,KELP,SEASHELLS,2045,1
353700,,,SQUID_INK,SEASHELLS,1929,1
353700,,,KELP,SEASHELLS,2046,1
354600,,,SQUID_INK,SEASHELLS,1916,1
354600,SUBMISSION,,SQUID_INK,SEASHELLS,1917,10
354600,,,KELP,SEASHELLS,2045,1
354600,,,KELP,SEASHELLS,2045,10
354900,,,RAINFOREST_RESIN,SEASHELLS,9998,3
355200,,,KELP,SEASHELLS,2047,1
355200,,,SQUID_INK,SEASHELLS,1919,1
355600,SUBMISSION,,RAINFOREST_RESIN,SEASHELLS,10002,1
355700,,,KELP,SEASHELLS,2048,1
355700,,,SQUID_INK,SEASHELLS,1919,1
355900,SUBMISSION,,RAINFOREST_RESIN,SEASHELLS,9997,2
356000,,,KELP,SEASHELLS,2046,1
356000,,,SQUID_INK,SEASHELLS,1918,1
356200,,,KELP,SEASHELLS,2048,13
356200,,,SQUID_INK,SEASHELLS,1918,13
356400,,,KELP,SEASHELLS,2048,4
356400,,,SQUID_INK,SEASHELLS,1921,4
356400,,,KELP,SEASHELLS,2047,1
356600,,SUBMISSION,SQUID_INK,SEASHELLS,1922,1
356800,SUBMISSION,,RAINFOREST_RESIN,SEASHELLS,10002,1
356900,,,KELP,SEASHELLS,2045,2
356900,,,SQUID_INK,SEASHELLS,1921,2
357000,,SUBMISSION,SQUID_INK,SEASHELLS,1923,1
357000,SUBMISSION,,RAINFOREST_RESIN,SEASHELLS,10002,1
357100,,SUBMISSION,RAINFOREST_RESIN,SEASHELLS,9997,5
357400,SUBMISSION,,RAINFOREST_RESIN,SEASHELLS,10002,1
357600,,,SQUID_INK,SEASHELLS,1908,9
357600,,,KELP,SEASHELLS,2044,9
357600,,SUBMISSION,RAINFOREST_RESIN,SEASHELLS,9998,1
357600,,,RAINFOREST_RESIN,SEASHELLS,9999,1
357900,,,KELP,SEASHELLS,2047,1
357900,,,SQUID_INK,SEASHELLS,1909,1
357900,,,RAINFOREST_RESIN,SEASHELLS,9999,1
358200,,,KELP,SEASHELLS,2046,1
358200,,,SQUID_INK,SEASHELLS,1915,1
358400,,,SQUID_INK,SEASHELLS,1919,1
358400,,,KELP,SEASHELLS,2046,1
358600,,,KELP,SEASHELLS,2044,2
358600,,,SQUID_INK,SEASHELLS,1916,2
358700,,,SQUID_INK,SEASHELLS,1916,1
358700,,,KELP,SEASHELLS,2043,1
359200,,,RAINFOREST_RESIN,SEASHELLS,10008,1
359300,,,SQUID_INK,SEASHELLS,1916,2
359300,,,KELP,SEASHELLS,2044,1
359600,,,SQUID_INK,SEASHELLS,1917,1
359600,,,KELP,SEASHELLS,2043,1
359700,,,KELP,SEASHELLS,2045,4
359700,,,SQUID_INK,SEASHELLS,1920,4
359700,,,SQUID_INK,SEASHELLS,1920,1
359700,SUBMISSION,,KELP,SEASHELLS,2044,2
359700,,,SQUID_INK,SEASHELLS,1918,2
359700,,,KELP,SEASHELLS,2045,1
359800,,,SQUID_INK,SEASHELLS,1920,1
359800,,,KELP,SEASHELLS,2046,1
359900,,,SQUID_INK,SEASHELLS,1921,2
359900,,,KELP,SEASHELLS,2047,2
360200,,,SQUID_INK,SEASHELLS,1918,1
360200,SUBMISSION,,RAINFOREST_RESIN,SEASHELLS,10002,1
360200,,,KELP,SEASHELLS,2044,1
360400,,,SQUID_INK,SEASHELLS,1921,2
360400,,SUBMISSION,KELP,SEASHELLS,2046,2
360700,,,KELP,SEASHELLS,2046,1
360700,,SUBMISSION,RAINFOREST_RESIN,SEASHELLS,10007,1
360700,,,SQUID_INK,SEASHELLS,1917,1
360700,,,SQUID_INK,SEASHELLS,1916,4
361100,,,SQUID_INK,SEASHELLS,1917,1
361100,,,RAINFOREST_RESIN,SEASHELLS,10008,2
361100,,,KELP,SEASHELLS,2044,1
361200,,,RAINFOREST_RESIN,SEASHELLS,10002,1
361300,,,KELP,SEASHELLS,2046,9
361400,,,KELP,SEASHELLS,2046,1
361400,,,SQUID_INK,SEASHELLS,1918,1
361700,,SUBMISSION,SQUID_INK,SEASHELLS,1921,1
361700,,,RAINFOREST_RESIN,SEASHELLS,9999,1
362000,,,SQUID_INK,SEASHELLS,1916,1
362000,,,KELP,SEASHELLS,2044,1
362100,,,RAINFOREST_RESIN,SEASHELLS,9998,2
362100,,,SQUID_INK,SEASHELLS,1917,1
362100,,,KELP,SEASHELLS,2044,1
362200,,,SQUID_INK,SEASHELLS,1919,1
362200,,,KELP,SEASHELLS,2046,1
362200,,,SQUID_INK,SEASHELLS,1918,5
362300,,,RAINFOREST_RESIN,SEASHELLS,10008,1
362400,,,SQUID_INK,SEASHELLS,1918,5
363100,,,KELP,SEASHELLS,2046,10
363200,,,KELP,SEASHELLS,2044,1
363200,,,SQUID_INK,SEASHELLS,1916,1
363400,,,SQUID_INK,SEASHELLS,1918,1
363400,,,KELP,SEASHELLS,2046,1
363600,SUBMISSION,,RAINFOREST_RESIN,SEASHELLS,9993,2
363800,,,SQUID_INK,SEASHELLS,1912,7
363800,,,RAINFOREST_RESIN,SEASHELLS,10002,1
364100,,,KELP,SEASHELLS,2046,13
364100,,,SQUID_INK,SEASHELLS,1915,1
364500,,,KELP,SEASHELLS,2046,1
364500,,,SQUID_INK,SEASHELLS,1913,1
364600,SUBMISSION,,RAINFOREST_RESIN,SEASHELLS,9995,10
364700,SUBMISSION,,KELP,SEASHELLS,2044,2
364700,SUBMISSION,,SQUID_INK,SEASHELLS,1910,2
365200,,,SQUID_INK,SEASHELLS,1912,4
365500,,,KELP,SEASHELLS,2042,1
365700,,,RAINFOREST_RESIN,SEASHELLS,9998,1
365900,,,SQUID_INK,SEASHELLS,1912,1
365900,,,KELP,SEASHELLS,2045,1
366100,,SUBMISSION,KELP,SEASHELLS,2044,2
366300,,,SQUID_INK,SEASHELLS,1912,2
366700,,SUBMISSION,RAINFOREST_RESIN,SEASHELLS,10002,8
366800,,SUBMISSION,SQUID_INK,SEASHELLS,1913,2
366800,,SUBMISSION,RAINFOREST_RESIN,SEASHELLS,9997,3
366800,,,KELP,SEASHELLS,2045,2
366800,,SUBMISSION,SQUID_INK,SEASHELLS,1913,7
368000,,,KELP,SEASHELLS,2043,1
368000,,,SQUID_INK,SEASHELLS,1914,1
368300,,,SQUID_INK,SEASHELLS,1917,2
368300,,SUBMISSION,RAINFOREST_RESIN,SEASHELLS,10002,1
368300,,,SQUID_INK,SEASHELLS,1917,1
368300,,,KELP,SEASHELLS,2045,1
368300,,,KELP,SEASHELLS,2045,2
368400,,,SQUID_INK,SEASHELLS,1918,2
368400,,,KELP,SEASHELLS,2046,2
368800,SUBMISSION,,RAINFOREST_RESIN,SEASHELLS,10002,1
368900,,,KELP,SEASHELLS,2042,1
368900,,,SQUID_INK,SEASHELLS,1916,1
369400,SUBMISSION,,RAINFOREST_RESIN,SEASHELLS,10002,1
369700,,,SQUID_INK,SEASHELLS,1917,1
369700,,,KELP,SEASHELLS,2043,1
369800,,,KELP,SEASHELLS,2045,7
369800,,,SQUID_INK,SEASHELLS,1920,7
369900,,,KELP,SEASHELLS,2046,2
369900,,,SQUID_INK,SEASHELLS,1922,2
370100,,SUBMISSION,RAINFOREST_RESIN,SEASHELLS,9998,2
370200,,,RAINFOREST_RESIN,SEASHELLS,10008,1
370400,,,KELP,SEASHELLS,2043,2
370400,,,SQUID_INK,SEASHELLS,1921,2
370600,,,KELP,SEASHELLS,2043,8
370600,,,RAINFOREST_RESIN,SEASHELLS,10008,2
370600,,,SQUID_INK,SEASHELLS,1922,8
370600,,,KELP,SEASHELLS,2043,4
370600,,,SQUID_INK,SEASHELLS,1922,4
370700,,,SQUID_INK,SEASHELLS,1925,1
370700,,,KELP,SEASHELLS,2045,1
370800,,,KELP,SEASHELLS,2044,2
370800,,,RAINFOREST_RESIN,SEASHELLS,10008,1
370800,,,SQUID_INK,SEASHELLS,1924,2
371000,,,KELP,SEASHELLS,2046,1
371000,,,SQUID_INK,SEASHELLS,1925,1
371000,,,RAINFOREST_RESIN,SEASHELLS,9999,1
371100,SUBMISSION,,RAINFOREST_RESIN,SEASHELLS,9997,8
371400,,SUBMISSION,RAINFOREST_RESIN,SEASHELLS,9996,8
372600,,,RAINFOREST_RESIN,SEASHELLS,9999,1
372700,,,SQUID_INK,SEASHELLS,1925,1
372700,,,KELP,SEASHELLS,2043,1
372800,,,KELP,SEASHELLS,2046,2
372800,,,SQUID_INK,SEASHELLS,1925,12
373300,,,KELP,SEASHELLS,2045,1
373300,SUBMISSION,,RAINFOREST_RESIN,SEASHELLS,10002,1
373300,,,SQUID_INK,SEASHELLS,1924,1
373900,SUBMISSION,,RAINFOREST_RESIN,SEASHELLS,9997,1
374000,,,SQUID_INK,SEASHELLS,1931,7
374000,,,KELP,SEASHELLS,2045,7
374000,,SUBMISSION,RAINFOREST_RESIN,SEASHELLS,9998,2
374100,,,KELP,SEASHELLS,2047,1
374100,,,SQUID_INK,SEASHELLS,1932,1
374200,,,SQUID_INK,SEASHELLS,1933,2
374200,,,KELP,SEASHELLS,2047,2
374400,,,SQUID_INK,SEASHELLS,1930,3
374400,,,KELP,SEASHELLS,2045,3
374400,,,KELP,SEASHELLS,2046,1
374400,,,SQUID_INK,SEASHELLS,1931,1
374800,SUBMISSION,,RAINFOREST_RESIN,SEASHELLS,9997,5
374800,,,KELP,SEASHELLS,2045,3
374800,,,SQUID_INK,SEASHELLS,1928,3
375200,,,KELP,SEASHELLS,2045,2
375200,,,SQUID_INK,SEASHELLS,1923,2
375400,,,SQUID_INK,SEASHELLS,1922,1
375400,,,KELP,SEASHELLS,2045,1
375400,SUBMISSION,,RAINFOREST_RESIN,SEASHELLS,9997,4
375400,,,SQUID_INK,SEASHELLS,1922,2
375400,,,KELP,SEASHELLS,2047,5
375400,,,SQUID_INK,SEASHELLS,1924,5
375400,,,KELP,SEASHELLS,2045,2
375600,,,SQUID_INK,SEASHELLS,1920,1
375600,,,KELP,SEASHELLS,2045,1
375700,,,SQUID_INK,SEASHELLS,1922,1
375700,,,KELP,SEASHELLS,2045,1
376000,,,RAINFOREST_RESIN,SEASHELLS,9998,1
376000,,SUBMISSION,RAINFOREST_RESIN,SEASHELLS,9997,9
376200,,,SQUID_INK,SEASHELLS,1929,1
376200,,,KELP,SEASHELLS,2048,1
376400,,,SQUID_INK,SEASHELLS,1924,2
376400,,,KELP,SEASHELLS,2046,2
376500,SUBMISSION,,RAINFOREST_RESIN,SEASHELLS,10002,1
376700,,,KELP,SEASHELLS,2049,4
376700,,,SQUID_INK,SEASHELLS,1928,4
376900,,,KELP,SEASHELLS,2046,1
376900,,,SQUID_INK,SEASHELLS,1924,1
377000,,,KELP,SEASHELLS,2045,11
377000,,,SQUID_INK,SEASHELLS,1925,11
377400,,,KELP,SEASHELLS,2045,1
377400,,,SQUID_INK,SEASHELLS,1927,1
377700,,SUBMISSION,RAINFOREST_RESIN,SEASHELLS,10002,1
377800,,,RAINFOREST_RESIN,SEASHELLS,9998,4
378000,,,SQUID_INK,SEASHELLS,1926,1
378100,SUBMISSION,,RAINFOREST_RESIN,SEASHELLS,9997,5
378300,,,SQUID_INK,SEASHELLS,1922,1
378500,SUBMISSION,,RAINFOREST_RESIN,SEASHELLS,9997,5
379000,,,SQUID_INK,SEASHELLS,1920,1
379000,,,KELP,SEASHELLS,2045,1
379200,,SUBMISSION,RAINFOREST_RESIN,SEASHELLS,10002,7
379300,SUBMISSION,,RAINFOREST_RESIN,SEASHELLS,10002,1
379300,,,KELP,SEASHELLS,2049,9
379300,,,SQUID_INK,SEASHELLS,1924,9
379500,,,RAINFOREST_RESIN,SEASHELLS,9998,3
379500,,SUBMISSION,RAINFOREST_RESIN,SEASHELLS,9997,4
379600,,,KELP,SEASHELLS,2048,1
379600,,,SQUID_INK,SEASHELLS,1922,1
379800,,,RAINFOREST_RESIN,SEASHELLS,10008,1
379800,,,KELP,SEASHELLS,2045,2
379800,,,SQUID_INK,SEASHELLS,1920,2
379900,,,KELP,SEASHELLS,2046,5
380100,,,RAINFOREST_RESIN,SEASHELLS,9998,5
380200,,,KELP,SEASHELLS,2049,1
380200,,,RAINFOREST_RESIN,SEASHELLS,9998,2
380200,,,SQUID_INK,SEASHELLS,1923,1
381100,,,KELP,SEASHELLS,2046,1
381100,,,SQUID_INK,SEASHELLS,1925,1
381300,,,RAINFOREST_RESIN,SEASHELLS,10008,5
381400,,,SQUID_INK,SEASHELLS,1924,1
382800,,,SQUID_INK,SEASHELLS,1931,2
382800,,,KELP,SEASHELLS,2047,2
382900,,,SQUID_INK,SEASHELLS,1933,1
383200,,,RAINFOREST_RESIN,SEASHELLS,10008,2
383200,,,SQUID_INK,SEASHELLS,1933,2
383200,,,KELP,SEASHELLS,2049,2
383300,,,KELP,SEASHELLS,2046,3
383300,,,SQUID_INK,SEASHELLS,1931,3
383700,,,SQUID_INK,SEASHELLS,1929,1
383700,,,KELP,SEASHELLS,2046,1
383800,,,RAINFOREST_RESIN,SEASHELLS,9999,1
383900,,,KELP,SEASHELLS,2047,6
383900,,,SQUID_INK,SEASHELLS,1933,6
383900,,,SQUID_INK,SEASHELLS,1933,3
383900,,,KELP,SEASHELLS,2047,3
384000,,,KELP,SEASHELLS,2048,1
384000,,,SQUID_INK,SEASHELLS,1932,4
384000,,,SQUID_INK,SEASHELLS,1933,1
384300,,,SQUID_INK,SEASHELLS,1932,4
384300,,,KELP,SEASHELLS,2048,1
384300,,,SQUID_INK,SEASHELLS,1933,1
384400,SUBMISSION,,RAINFOREST_RESIN,SEASHELLS,9997,1
384400,,,KELP,SEASHELLS,2049,2
384400,,,SQUID_INK,SEASHELLS,1933,2
384800,,,KELP,SEASHELLS,2048,1
384800,,,SQUID_INK,SEASHELLS,1932,1
385100,,,SQUID_INK,SEASHELLS,1931,1
385100,,,KELP,SEASHELLS,2048,1
385400,SUBMISSION,,RAINFOREST_RESIN,SEASHELLS,9997,5
385600,,,SQUID_INK,SEASHELLS,1933,9
385600,,,KELP,SEASHELLS,2049,9
386000,,,KELP,SEASHELLS,2046,1
386000,,,SQUID_INK,SEASHELLS,1931,1
387000,,,RAINFOREST_RESIN,SEASHELLS,10001,1
387000,,SUBMISSION,RAINFOREST_RESIN,SEASHELLS,9998,2
387100,,SUBMISSION,RAINFOREST_RESIN,SEASHELLS,9997,4
387100,,,KELP,SEASHELLS,2048,1
387100,,,SQUID_INK,SEASHELLS,1932,1
387400,,,SQUID_INK,SEASHELLS,1932,1
387400,,,KELP,SEASHELLS,2048,1
387500,,,SQUID_INK,SEASHELLS,1935,1
387500,,,KELP,SEASHELLS,2050,1
388100,,,KELP,SEASHELLS,2050,11
388100,,,SQUID_INK,SEASHELLS,1937,2
388100,,,SQUID_INK,SEASHELLS,1937,9
388400,SUBMISSION,,RAINFOREST_RESIN,SEASHELLS,9997,2
388400,,,SQUID_INK,SEASHELLS,1936,1
388400,,,KELP,SEASHELLS,2049,1
388500,,SUBMISSION,RAINFOREST_RESIN,SEASHELLS,9999,2
388700,,,SQUID_INK,SEASHELLS,1935,3
388700,SUBMISSION,,KELP,SEASHELLS,2048,9
388700,,,SQUID_INK,SEASHELLS,1935,6
388900,,,KELP,SEASHELLS,2048,1
388900,,,SQUID_INK,SEASHELLS,1936,1
389000,,,SQUID_INK,SEASHELLS,1936,6
389200,,,SQUID_INK,SEASHELLS,1939,1
389200,,,KELP,SEASHELLS,2048,1
389400,,,SQUID_INK,SEASHELLS,1938,1
389400,,,SQUID_INK,SEASHELLS,1938,10
389400,,,KELP,SEASHELLS,2047,10
389400,,,KELP,SEASHELLS,2047,1
389500,,,SQUID_INK,SEASHELLS,1937,1
389600,,,RAINFOREST_RESIN,SEASHELLS,9999,1
389900,,,KELP,SEASHELLS,2047,13
389900,,,SQUID_INK,SEASHELLS,1941,13
390100,,,KELP,SEASHELLS,2050,2
390100,,,SQUID_INK,SEASHELLS,1943,2
390200,,,SQUID_INK,SEASHELLS,1939,1
390200,,,KELP,SEASHELLS,2048,3
390200,,,SQUID_INK,SEASHELLS,1939,2
390500,,,SQUID_INK,SEASHELLS,1941,15
390500,,,KELP,SEASHELLS,2047,8
390800,,,KELP,SEASHELLS,2050,4
390800,,,SQUID_INK,SEASHELLS,1938,1
390800,,,KELP,SEASHELLS,2047,1
391000,,,SQUID_INK,SEASHELLS,1938,8
391000,,,KELP,SEASHELLS,2047,6
391000,,,KELP,SEASHELLS,2047,2
391100,SUBMISSION,,RAINFOREST_RESIN,SEASHELLS,9997,6
391100,,,KELP,SEASHELLS,2047,9
391100,,,KELP,SEASHELLS,2047,2
391100,,,SQUID_INK,SEASHELLS,1938,11
391200,,,SQUID_INK,SEASHELLS,1939,1
391200,,,KELP,SEASHELLS,2049,1
391300,,,SQUID_INK,SEASHELLS,1937,5
391300,,,KELP,SEASHELLS,2047,5
391500,,,KELP,SEASHELLS,2050,8
391500,,,SQUID_INK,SEASHELLS,1940,8
391700,,,SQUID_INK,SEASHELLS,1937,1
391700,,,KELP,SEASHELLS,2047,2
391700,,SUBMISSION,KELP,SEASHELLS,2049,1
392000,,SUBMISSION,RAINFOREST_RESIN,SEASHELLS,10006,5
392100,,SUBMISSION,RAINFOREST_RESIN,SEASHELLS,9996,1
392400,,,KELP,SEASHELLS,2047,1
392400,,,SQUID_INK,SEASHELLS,1929,1
392600,,,KELP,SEASHELLS,2049,2
392600,,,SQUID_INK,SEASHELLS,1933,2
392800,,,KELP,SEASHELLS,2050,2
392800,,,SQUID_INK,SEASHELLS,1935,2
392900,,,RAINFOREST_RESIN,SEASHELLS,10003,1
392900,,,KELP,SEASHELLS,2047,5
392900,,,SQUID_INK,SEASHELLS,1931,5
393200,,,KELP,SEASHELLS,2047,8
393200,SUBMISSION,,RAINFOREST_RESIN,SEASHELLS,10002,1
393200,,,SQUID_INK,SEASHELLS,1933,8
393300,SUBMISSION,,RAINFOREST_RESIN,SEASHELLS,9997,7
393400,,SUBMISSION,KELP,SEASHELLS,2049,1
393500,,,RAINFOREST_RESIN,SEASHELLS,10002,5
393500,,SUBMISSION,KELP,SEASHELLS,2049,3
393500,SUBMISSION,,RAINFOREST_RESIN,SEASHELLS,10002,3
393700,SUBMISSION,,RAINFOREST_RESIN,SEASHELLS,10002,1
393800,,,KELP,SEASHELLS,2047,1
393800,,,SQUID_INK,SEASHELLS,1929,1
393900,,,SQUID_INK,SEASHELLS,1933,8
393900,,,KELP,SEASHELLS,2050,8
394000,,,RAINFOREST_RESIN,SEASHELLS,10001,1
394000,SUBMISSION,,RAINFOREST_RESIN,SEASHELLS,10001,6
394100,,,SQUID_INK,SEASHELLS,1930,13
394100,,,KELP,SEASHELLS,2047,13
394500,SUBMISSION,,RAINFOREST_RESIN,SEASHELLS,9997,4
394700,,,KELP,SEASHELLS,2046,1
394700,,,SQUID_INK,SEASHELLS,1933,1
395000,,,RAINFOREST_RESIN,SEASHELLS,9998,1
395000,,SUBMISSION,RAINFOREST_RESIN,SEASHELLS,9997,4
395300,,,KELP,SEASHELLS,2050,1
395300,,,SQUID_INK,SEASHELLS,1935,1
395500,,,SQUID_INK,SEASHELLS,1936,1
395500,,,KELP,SEASHELLS,2049,1
395700,,SUBMISSION,KELP,SEASHELLS,2048,3
396500,,,KELP,SEASHELLS,2046,1
396500,,,SQUID_INK,SEASHELLS,1925,1
396900,,,SQUID_INK,SEASHELLS,1927,1
396900,,,SQUID_INK,SEASHELLS,1927,9
396900,,,KELP,SEASHELLS,2049,11
396900,,,KELP,SEASHELLS,2045,1
396900,,SUBMISSION,RAINFOREST_RESIN,SEASHELLS,10002,1
397200,,,KELP,SEASHELLS,2045,1
397200,,,SQUID_INK,SEASHELLS,1923,1
397300,,,KELP,SEASHELLS,2047,5
397300,,,SQUID_INK,SEASHELLS,1925,5
397600,SUBMISSION,,RAINFOREST_RESIN,SEASHELLS,9997,2
398100,,SUBMISSION,RAINFOREST_RESIN,SEASHELLS,10002,8
398100,,SUBMISSION,KELP,SEASHELLS,2047,1
398100,,,KELP,SEASHELLS,2047,3
399100,,,SQUID_INK,SEASHELLS,1913,2
399100,,,KELP,SEASHELLS,2044,1
399100,SUBMISSION,,RAINFOREST_RESIN,SEASHELLS,9997,8
399100,,,KELP,SEASHELLS,2044,2
399100,,,SQUID_INK,SEASHELLS,1913,1
399200,,,SQUID_INK,SEASHELLS,1916,1
399200,,,KELP,SEASHELLS,2046,1
399300,,,SQUID_INK,SEASHELLS,1912,1
399300,,,KELP,SEASHELLS,2044,1
399300,,SUBMISSION,RAINFOREST_RESIN,SEASHELLS,9998,1
399400,,,SQUID_INK,SEASHELLS,1913,1
399400,,,KELP,SEASHELLS,2044,1
399500,,,KELP,SEASHELLS,2043,1
399500,,,SQUID_INK,SEASHELLS,1914,1
399700,,,SQUID_INK,SEASHELLS,1916,8
399700,,,KELP,SEASHELLS,2047,8
399800,,SUBMISSION,RAINFOREST_RESIN,SEASHELLS,9998,1
399900,SUBMISSION,,RAINFOREST_RESIN,SEASHELLS,9997,5
400000,,,KELP,SEASHELLS,2043,1
400000,,,SQUID_INK,SEASHELLS,1908,1
400100,,,KELP,SEASHELLS,2044,5
400100,,,SQUID_INK,SEASHELLS,1907,5
400200,SUBMISSION,,RAINFOREST_RESIN,SEASHELLS,9997,1
400400,,,KELP,SEASHELLS,2043,1
400400,,,SQUID_INK,SEASHELLS,1906,1
400500,,SUBMISSION,RAINFOREST_RESIN,SEASHELLS,9998,1
400800,,,KELP,SEASHELLS,2044,3
400800,,,SQUID_INK,SEASHELLS,1907,3
401200,,,SQUID_INK,SEASHELLS,1912,1
401200,,,KELP,SEASHELLS,2043,1
401300,,,SQUID_INK,SEASHELLS,1913,2
401300,,,KELP,SEASHELLS,2043,2
401400,,,KELP,SEASHELLS,2046,1
401400,,,SQUID_INK,SEASHELLS,1916,1
401500,,,KELP,SEASHELLS,2045,1
401500,,,SQUID_INK,SEASHELLS,1916,1
401700,SUBMISSION,,RAINFOREST_RESIN,SEASHELLS,9997,4
401900,,,KELP,SEASHELLS,2044,1
401900,,,SQUID_INK,SEASHELLS,1914,1
402100,,,KELP,SEASHELLS,2044,1
402300,,,KELP,SEASHELLS,2045,2
402300,,,SQUID_INK,SEASHELLS,1913,2
402500,,,KELP,SEASHELLS,2045,1
402500,,,SQUID_INK,SEASHELLS,1914,1
403100,,,SQUID_INK,SEASHELLS,1915,1
403100,,,KELP,SEASHELLS,2049,1
403300,,,KELP,SEASHELLS,2046,5
403300,,,SQUID_INK,SEASHELLS,1912,5
403500,,,SQUID_INK,SEASHELLS,1907,1
403500,,,KELP,SEASHELLS,2046,1
403900,,,KELP,SEASHELLS,2047,1
404200,,SUBMISSION,RAINFOREST_RESIN,SEASHELLS,10002,6
404300,SUBMISSION,,SQUID_INK,SEASHELLS,1903,2
404300,SUBMISSION,,KELP,SEASHELLS,2046,2
404500,,SUBMISSION,RAINFOREST_RESIN,SEASHELLS,9998,1
404900,,SUBMISSION,RAINFOREST_RESIN,SEASHELLS,10002,4
405100,,,KELP,SEASHELLS,2045,1
405100,,,SQUID_INK,SEASHELLS,1898,1
405600,,SUBMISSION,KELP,SEASHELLS,2047,1
405900,,,SQUID_INK,SEASHELLS,1906,1
405900,,SUBMISSION,RAINFOREST_RESIN,SEASHELLS,10002,6
405900,,,KELP,SEASHELLS,2045,2
405900,,,KELP,SEASHELLS,2045,1
405900,,,SQUID_INK,SEASHELLS,1906,2
406200,,SUBMISSION,SQUID_INK,SEASHELLS,1910,2
406300,,,KELP,SEASHELLS,2046,2
406300,SUBMISSION,,RAINFOREST_RESIN,SEASHELLS,10000,6
406300,,,SQUID_INK,SEASHELLS,1911,2
406400,,,SQUID_INK,SEASHELLS,1911,2
406400,,,KELP,SEASHELLS,2046,2
406500,,,KELP,SEASHELLS,2047,1
406500,,,SQUID_INK,SEASHELLS,1913,1
406600,,SUBMISSION,RAINFOREST_RESIN,SEASHELLS,9998,2
406700,,,KELP,SEASHELLS,2044,1
406700,,,SQUID_INK,SEASHELLS,1909,1
406800,,,KELP,SEASHELLS,2044,2
406800,,,SQUID_INK,SEASHELLS,1911,2
407100,SUBMISSION,,KELP,SEASHELLS,2045,1
407100,,,SQUID_INK,SEASHELLS,1912,1
407200,,SUBMISSION,KELP,SEASHELLS,2046,2
407500,,SUBMISSION,RAINFOREST_RESIN,SEASHELLS,10002,2
407500,,,KELP,SEASHELLS,2045,3
407500,,,SQUID_INK,SEASHELLS,1912,3
407700,,,KELP,SEASHELLS,2047,5
407700,,,SQUID_INK,SEASHELLS,1914,1
407700,,,SQUID_INK,SEASHELLS,1914,5
407700,,,KELP,SEASHELLS,2047,1
408000,,,RAINFOREST_RESIN,SEASHELLS,10002,4
408000,,SUBMISSION,RAINFOREST_RESIN,SEASHELLS,10002,3
408700,SUBMISSION,,RAINFOREST_RESIN,SEASHELLS,9997,7
408900,,SUBMISSION,RAINFOREST_RESIN,SEASHELLS,9998,7
409100,,,RAINFOREST_RESIN,SEASHELLS,10003,4
409200,,,KELP,SEASHELLS,2047,1
409200,,,SQUID_INK,SEASHELLS,1913,1
409400,SUBMISSION,,SQUID_INK,SEASHELLS,1910,1
409400,,,KELP,SEASHELLS,2045,1
409800,,,SQUID_INK,SEASHELLS,1911,13
409800,SUBMISSION,,KELP,SEASHELLS,2045,11
409800,,,KELP,SEASHELLS,2045,2
409900,SUBMISSION,,RAINFOREST_RESIN,SEASHELLS,10002,1
409900,,SUBMISSION,KELP,SEASHELLS,2047,1
410400,,,KELP,SEASHELLS,2045,1
410400,,,SQUID_INK,SEASHELLS,1914,1
410500,,,KELP,SEASHELLS,2045,2
410500,,,KELP,SEASHELLS,2045,1
410500,,SUBMISSION,RAINFOREST_RESIN,SEASHELLS,9998,1
410700,,,SQUID_INK,SEASHELLS,1914,8
410700,,,SQUID_INK,SEASHELLS,1913,5
410700,,,KELP,SEASHELLS,2045,8
410700,SUBMISSION,,KELP,SEASHELLS,2046,5
410800,SUBMISSION,,RAINFOREST_RESIN,SEASHELLS,9997,4
410800,,,SQUID_INK,SEASHELLS,1913,3
410800,,,KELP,SEASHELLS,2045,3
411000,SUBMISSION,,RAINFOREST_RESIN,SEASHELLS,9997,10
411200,,,SQUID_INK,SEASHELLS,1914,1
411200,,SUBMISSION,KELP,SEASHELLS,2047,1
411300,,SUBMISSION,RAINFOREST_RESIN,SEASHELLS,9998,1
411400,,,KELP,SEASHELLS,2044,1
411400,,,SQUID_INK,SEASHELLS,1911,1
411700,,,SQUID_INK,SEASHELLS,1912,1
411700,,,KELP,SEASHELLS,2046,1
412200,,SUBMISSION,RAINFOREST_RESIN,SEASHELLS,9996,13
412200,,,RAINFOREST_RESIN,SEASHELLS,9992,7
412200,,,RAINFOREST_RESIN,SEASHELLS,10002,3
412400,,,SQUID_INK,SEASHELLS,1914,13
412400,SUBMISSION,,KELP,SEASHELLS,2045,13
412500,,SUBMISSION,SQUID_INK,SEASHELLS,1916,1
412500,SUBMISSION,,RAINFOREST_RESIN,SEASHELLS,9997,4
412600,,,SQUID_INK,SEASHELLS,1918,2
412600,,,KELP,SEASHELLS,2045,2
412700,,,SQUID_INK,SEASHELLS,1918,1
412700,,SUBMISSION,KELP,SEASHELLS,2046,1
412900,,,SQUID_INK,SEASHELLS,1916,1
413000,SUBMISSION,,RAINFOREST_RESIN,SEASHELLS,10002,1
413200,,,SQUID_INK,SEASHELLS,1919,1
413400,,,SQUID_INK,SEASHELLS,1915,1
413400,,,KELP,SEASHELLS,2044,3
413400,,,KELP,SEASHELLS,2043,1
413500,,,SQUID_INK,SEASHELLS,1915,2
413500,,,KELP,SEASHELLS,2044,2
413800,SUBMISSION,,RAINFOREST_RESIN,SEASHELLS,9997,4
414100,,,SQUID_INK,SEASHELLS,1913,1
414100,,,KELP,SEASHELLS,2044,1
414100,,SUBMISSION,RAINFOREST_RESIN,SEASHELLS,9996,9
414200,,,KELP,SEASHELLS,2044,1
414200,,,SQUID_INK,SEASHELLS,1912,4
414200,,,KELP,SEASHELLS,2044,4
414200,,,SQUID_INK,SEASHELLS,1912,1
414300,,,RAINFOREST_RESIN,SEASHELLS,9999,1
414400,,,SQUID_INK,SEASHELLS,1914,4
414500,,,SQUID_INK,SEASHELLS,1912,1
414500,,,SQUID_INK,SEASHELLS,1914,1
414500,,,SQUID_INK,SEASHELLS,1915,13
414500,,,KELP,SEASHELLS,2046,1
414500,,,KELP,SEASHELLS,2045,1
414500,,,KELP,SEASHELLS,2046,11
414700,SUBMISSION,,RAINFOREST_RESIN,SEASHELLS,9997,2
414800,,,SQUID_INK,SEASHELLS,1911,1
414800,,,KELP,SEASHELLS,2044,1
414900,,,SQUID_INK,SEASHELLS,1909,1
414900,,,KELP,SEASHELLS,2044,1
415100,,,KELP,SEASHELLS,2046,1
415100,,,SQUID_INK,SEASHELLS,1912,1
415200,,,KELP,SEASHELLS,2046,2
415200,,SUBMISSION,KELP,SEASHELLS,2046,2
415200,,,SQUID_INK,SEASHELLS,1912,2
415300,,,SQUID_INK,SEASHELLS,1915,2
415300,,,KELP,SEASHELLS,2047,2
415400,,,KELP,SEASHELLS,2047,1
415400,,,SQUID_INK,SEASHELLS,1915,1
415500,,,SQUID_INK,SEASHELLS,1912,3
415500,,,KELP,SEASHELLS,2044,3
416000,,,SQUID_INK,SEASHELLS,1912,1
416000,,,KELP,SEASHELLS,2044,2
416100,,,SQUID_INK,SEASHELLS,1908,1
416100,,,KELP,SEASHELLS,2044,1
416100,,,SQUID_INK,SEASHELLS,1908,2
416200,,SUBMISSION,RAINFOREST_RESIN,SEASHELLS,9998,2
416800,,,SQUID_INK,SEASHELLS,1911,1
416800,,,KELP,SEASHELLS,2044,1
416800,,,RAINFOREST_RESIN,SEASHELLS,10008,5
417300,,,SQUID_INK,SEASHELLS,1912,1
417300,SUBMISSION,,KELP,SEASHELLS,2045,1
417400,,,KELP,SEASHELLS,2046,2
417400,,,SQUID_INK,SEASHELLS,1915,6
417400,,,KELP,SEASHELLS,2044,1
417400,,,KELP,SEASHELLS,2046,1
417400,,,KELP,SEASHELLS,2044,5
417400,,,SQUID_INK,SEASHELLS,1914,1
417400,,,SQUID_INK,SEASHELLS,1914,5
417400,,,KELP,SEASHELLS,2046,6
417400,,,SQUID_INK,SEASHELLS,1915,1
417500,,SUBMISSION,KELP,SEASHELLS,2046,1
417600,SUBMISSION,,RAINFOREST_RESIN,SEASHELLS,9995,7
418200,,,SQUID_INK,SEASHELLS,1914,1
418200,,,KELP,SEASHELLS,2047,1
418300,,,SQUID_INK,SEASHELLS,1913,1
418300,,SUBMISSION,KELP,SEASHELLS,2046,1
418500,,SUBMISSION,RAINFOREST_RESIN,SEASHELLS,9997,7
418600,,,SQUID_INK,SEASHELLS,1911,1
418600,,,KELP,SEASHELLS,2044,1
418700,,,RAINFOREST_RESIN,SEASHELLS,10008,1
419000,,,KELP,SEASHELLS,2044,3
419300,,SUBMISSION,KELP,SEASHELLS,2046,1
419400,,,KELP,SEASHELLS,2046,1
419400,,,SQUID_INK,SEASHELLS,1914,1
419500,,,SQUID_INK,SEASHELLS,1912,1
419500,,,KELP,SEASHELLS,2044,1
420000,,,SQUID_INK,SEASHELLS,1911,1
420000,,,KELP,SEASHELLS,2044,1
420200,SUBMISSION,,RAINFOREST_RESIN,SEASHELLS,10002,1
420200,,,SQUID_INK,SEASHELLS,1914,1
420200,,,KELP,SEASHELLS,2046,1
420300,,SUBMISSION,RAINFOREST_RESIN,SEASHELLS,9998,1
420300,,,RAINFOREST_RESIN,SEASHELLS,9999,1
420600,,,SQUID_INK,SEASHELLS,1913,1
420600,,,RAINFOREST_RESIN,SEASHELLS,9992,7
420600,,,KELP,SEASHELLS,2043,1
420700,SUBMISSION,,RAINFOREST_RESIN,SEASHELLS,9997,2
420800,SUBMISSION,,RAINFOREST_RESIN,SEASHELLS,9997,6
421300,,,KELP,SEASHELLS,2047,2
421300,,,SQUID_INK,SEASHELLS,1919,2
421400,,,KELP,SEASHELLS,2047,2
421400,,,SQUID_INK,SEASHELLS,1919,2
421700,,SUBMISSION,KELP,SEASHELLS,2046,1
421700,,SUBMISSION,RAINFOREST_RESIN,SEASHELLS,10002,1
422000,SUBMISSION,,RAINFOREST_RESIN,SEASHELLS,10000,2
422100,SUBMISSION,,RAINFOREST_RESIN,SEASHELLS,10002,1
422300,,,SQUID_INK,SEASHELLS,1921,1
422300,SUBMISSION,,RAINFOREST_RESIN,SEASHELLS,9997,1
422300,,SUBMISSION,KELP,SEASHELLS,2047,1
422500,,,RAINFOREST_RESIN,SEASHELLS,9992,2
422700,,,KELP,SEASHELLS,2047,10
422700,,,SQUID_INK,SEASHELLS,1921,10
422700,,SUBMISSION,RAINFOREST_RESIN,SEASHELLS,10000,7
422800,,,KELP,SEASHELLS,2044,10
422800,,,SQUID_INK,SEASHELLS,1919,10
423400,,SUBMISSION,RAINFOREST_RESIN,SEASHELLS,10002,1
423700,,,RAINFOREST_RESIN,SEASHELLS,10001,1
423700,,SUBMISSION,RAINFOREST_RESIN,SEASHELLS,9998,4
424100,,,SQUID_INK,SEASHELLS,1916,8
424100,,,KELP,SEASHELLS,2046,8
424100,,,SQUID_INK,SEASHELLS,1915,1
424200,,,KELP,SEASHELLS,2043,1
424200,,,SQUID_INK,SEASHELLS,1912,1
424200,SUBMISSION,,RAINFOREST_RESIN,SEASHELLS,9997,1
424400,SUBMISSION,,RAINFOREST_RESIN,SEASHELLS,10002,1
424600,,,KELP,SEASHELLS,2045,1
424600,,,SQUID_INK,SEASHELLS,1916,1
425000,,SUBMISSION,RAINFOREST_RESIN,SEASHELLS,10002,2
425000,,SUBMISSION,KELP,SEASHELLS,2045,1
425300,,,KELP,SEASHELLS,2044,3
425500,,,KELP,SEASHELLS,2043,10
425600,,,SQUID_INK,SEASHELLS,1916,1
425600,,,KELP,SEASHELLS,2044,1
426000,,,SQUID_INK,SEASHELLS,1917,2
426000,,,KELP,SEASHELLS,2044,2
426200,,,SQUID_INK,SEASHELLS,1917,1
426800,SUBMISSION,,RAINFOREST_RESIN,SEASHELLS,10000,2
427000,SUBMISSION,,RAINFOREST_RESIN,SEASHELLS,9997,10
427200,,SUBMISSION,KELP,SEASHELLS,2045,4
427300,,,KELP,SEASHELLS,2043,4
427300,SUBMISSION,,SQUID_INK,SEASHELLS,1914,4
427500,,,SQUID_INK,SEASHELLS,1914,1
427500,,,KELP,SEASHELLS,2043,1
427600,,,KELP,SEASHELLS,2044,2
427900,SUBMISSION,,RAINFOREST_RESIN,SEASHELLS,9993,2
428000,,,KELP,SEASHELLS,2047,12
428000,,,SQUID_INK,SEASHELLS,1914,12
428200,,,SQUID_INK,SEASHELLS,1911,14
428200,,SUBMISSION,KELP,SEASHELLS,2045,14
428400,,,KELP,SEASHELLS,2044,1
428400,,SUBMISSION,KELP,SEASHELLS,2045,1
428400,SUBMISSION,,RAINFOREST_RESIN,SEASHELLS,9997,6
428400,,,SQUID_INK,SEASHELLS,1908,1
429000,,,SQUID_INK,SEASHELLS,1900,1
429000,,,KELP,SEASHELLS,2045,1
429100,,,KELP,SEASHELLS,2044,2
429100,,,SQUID_INK,SEASHELLS,1900,2
429900,,SUBMISSION,RAINFOREST_RESIN,SEASHELLS,9998,1
429900,,SUBMISSION,RAINFOREST_RESIN,SEASHELLS,9998,2
430300,,,KELP,SEASHELLS,2046,1
430300,,,KELP,SEASHELLS,2043,1
430300,,,RAINFOREST_RESIN,SEASHELLS,10003,1
430300,,,SQUID_INK,SEASHELLS,1900,1
430300,,,SQUID_INK,SEASHELLS,1903,1
430600,,,SQUID_INK,SEASHELLS,1898,2
430600,,,KELP,SEASHELLS,2043,2
431100,,SUBMISSION,SQUID_INK,SEASHELLS,1904,1
431200,,,SQUID_INK,SEASHELLS,1902,1
431200,,,KELP,SEASHELLS,2043,1
431400,,,SQUID_INK,SEASHELLS,1904,1
431400,,,KELP,SEASHELLS,2045,1
431600,,SUBMISSION,SQUID_INK,SEASHELLS,1905,1
431600,,,KELP,SEASHELLS,2045,1
432200,,SUBMISSION,RAINFOREST_RESIN,SEASHELLS,9998,1
432300,,,SQUID_INK,SEASHELLS,1900,4
432300,,,SQUID_INK,SEASHELLS,1900,1
432300,,,KELP,SEASHELLS,2045,4
432300,,,KELP,SEASHELLS,2045,1
432400,SUBMISSION,,RAINFOREST_RESIN,SEASHELLS,9997,1
433300,,,SQUID_INK,SEASHELLS,1897,1
433300,,,KELP,SEASHELLS,2043,1
433600,SUBMISSION,,KELP,SEASHELLS,2044,11
433600,,,SQUID_INK,SEASHELLS,1899,11
433600,SUBMISSION,,KELP,SEASHELLS,2044,14
433600,,SUBMISSION,RAINFOREST_RESIN,SEASHELLS,9997,4
433700,,,KELP,SEASHELLS,2043,3
433700,,,SQUID_INK,SEASHELLS,1900,3
433700,SUBMISSION,,RAINFOREST_RESIN,SEASHELLS,9997,4
433900,,,KELP,SEASHELLS,2043,1
433900,,,SQUID_INK,SEASHELLS,1900,1
434400,,SUBMISSION,SQUID_INK,SEASHELLS,1902,2
434800,SUBMISSION,,RAINFOREST_RESIN,SEASHELLS,9997,2
434900,,SUBMISSION,KELP,SEASHELLS,2045,1
434900,,SUBMISSION,RAINFOREST_RESIN,SEASHELLS,10002,2
435000,,SUBMISSION,RAINFOREST_RESIN,SEASHELLS,9998,1
435100,,,SQUID_INK,SEASHELLS,1900,1
435100,,,KELP,SEASHELLS,2042,1
435100,,,KELP,SEASHELLS,2044,1
435200,,,RAINFOREST_RESIN,SEASHELLS,9998,1
435400,,,KELP,SEASHELLS,2044,2
435500,,SUBMISSION,RAINFOREST_RESIN,SEASHELLS,10002,7
435500,,SUBMISSION,KELP,SEASHELLS,2045,1
435700,SUBMISSION,,RAINFOREST_RESIN,SEASHELLS,9997,2
436700,,SUBMISSION,RAINFOREST_RESIN,SEASHELLS,9998,1
436700,SUBMISSION,,RAINFOREST_RESIN,SEASHELLS,9993,6
436800,,SUBMISSION,RAINFOREST_RESIN,SEASHELLS,9997,3
437000,,,SQUID_INK,SEASHELLS,1900,2
437200,,,KELP,SEASHELLS,2042,1
437200,,,SQUID_INK,SEASHELLS,1901,1
437500,,SUBMISSION,RAINFOREST_RESIN,SEASHELLS,10007,8
437700,,SUBMISSION,KELP,SEASHELLS,2044,1
437800,,,SQUID_INK,SEASHELLS,1895,1
437800,,,KELP,SEASHELLS,2042,1
438300,,,SQUID_INK,SEASHELLS,1891,1
438300,,,KELP,SEASHELLS,2042,1
438600,,SUBMISSION,KELP,SEASHELLS,2044,1
439000,,,KELP,SEASHELLS,2042,1
439000,,,SQUID_INK,SEASHELLS,1892,1
439200,,,KELP,SEASHELLS,2042,1
439200,,,SQUID_INK,SEASHELLS,1892,1
439300,,,RAINFOREST_RESIN,SEASHELLS,10002,2
439300,,SUBMISSION,RAINFOREST_RESIN,SEASHELLS,10002,5
439500,,,RAINFOREST_RESIN,SEASHELLS,10003,4
439500,SUBMISSION,,RAINFOREST_RESIN,SEASHELLS,9995,1
439800,,,SQUID_INK,SEASHELLS,1895,1
439800,,,KELP,SEASHELLS,2042,1
440100,,,SQUID_INK,SEASHELLS,1896,1
440100,,,KELP,SEASHELLS,2043,1
440200,,,SQUID_INK,SEASHELLS,1895,1
440200,,,KELP,SEASHELLS,2041,1
440800,,,SQUID_INK,SEASHELLS,1901,5
440800,,,KELP,SEASHELLS,2042,1
441100,,,KELP,SEASHELLS,2043,4
441500,,,SQUID_INK,SEASHELLS,1902,7
441500,,SUBMISSION,RAINFOREST_RESIN,SEASHELLS,10002,1
441500,,SUBMISSION,KELP,SEASHELLS,2044,7
441500,,,SQUID_INK,SEASHELLS,1899,1
441500,,,KELP,SEASHELLS,2042,1
441500,,SUBMISSION,KELP,SEASHELLS,2044,8
441500,,,RAINFOREST_RESIN,SEASHELLS,10002,3
441700,,,RAINFOREST_RESIN,SEASHELLS,10008,7
441800,,,SQUID_INK,SEASHELLS,1901,1
441800,,,KELP,SEASHELLS,2042,1
441900,,,RAINFOREST_RESIN,SEASHELLS,9998,1
441900,,,KELP,SEASHELLS,2042,1
441900,,,SQUID_INK,SEASHELLS,1902,1
441900,,,RAINFOREST_RESIN,SEASHELLS,9998,2
442000,,,SQUID_INK,SEASHELLS,1901,1
442000,,,KELP,SEASHELLS,2042,1
442100,SUBMISSION,,RAINFOREST_RESIN,SEASHELLS,10002,1
442100,,SUBMISSION,KELP,SEASHELLS,2044,1
442200,,,SQUID_INK,SEASHELLS,1901,6
442200,,,SQUID_INK,SEASHELLS,1901,8
442200,,,KELP,SEASHELLS,2042,8
442200,,,KELP,SEASHELLS,2042,6
443000,,,SQUID_INK,SEASHELLS,1901,1
443300,,SUBMISSION,KELP,SEASHELLS,2044,1
443400,,SUBMISSION,KELP,SEASHELLS,2044,1
443700,,SUBMISSION,KELP,SEASHELLS,2045,1
443900,,,SQUID_INK,SEASHELLS,1902,1
443900,,,KELP,SEASHELLS,2045,1
444400,,,SQUID_INK,SEASHELLS,1900,1
445100,SUBMISSION,,RAINFOREST_RESIN,SEASHELLS,10000,1
445300,,SUBMISSION,KELP,SEASHELLS,2044,1
445400,,SUBMISSION,KELP,SEASHELLS,2044,1
445700,,,SQUID_INK,SEASHELLS,1898,1
445700,,,KELP,SEASHELLS,2043,1
445700,,SUBMISSION,RAINFOREST_RESIN,SEASHELLS,9997,3
445800,,,SQUID_INK,SEASHELLS,1898,12
445800,,,KELP,SEASHELLS,2043,12
445800,,,RAINFOREST_RESIN,SEASHELLS,10008,4
446900,SUBMISSION,,RAINFOREST_RESIN,SEASHELLS,10002,1
447000,,,SQUID_INK,SEASHELLS,1888,11
447000,,,KELP,SEASHELLS,2046,11
447400,,,KELP,SEASHELLS,2043,1
447500,,,KELP,SEASHELLS,2046,12
447500,,,SQUID_INK,SEASHELLS,1886,4
447500,,,KELP,SEASHELLS,2043,4
447500,,,SQUID_INK,SEASHELLS,1889,12
447600,,,KELP,SEASHELLS,2045,1
447600,,,SQUID_INK,SEASHELLS,1890,1
447800,,,KELP,SEASHELLS,2046,11
447800,,,SQUID_INK,SEASHELLS,1890,11
448200,,SUBMISSION,RAINFOREST_RESIN,SEASHELLS,9998,1
448200,,,RAINFOREST_RESIN,SEASHELLS,9999,1
448300,,,SQUID_INK,SEASHELLS,1889,1
448300,,,KELP,SEASHELLS,2043,1
448400,,,SQUID_INK,SEASHELLS,1887,2
448400,,,SQUID_INK,SEASHELLS,1890,2
448400,,,KELP,SEASHELLS,2044,2
448500,,,SQUID_INK,SEASHELLS,1890,1
448500,,,KELP,SEASHELLS,2043,8
448500,,,SQUID_INK,SEASHELLS,1890,8
448500,,,KELP,SEASHELLS,2043,1
448500,SUBMISSION,,RAINFOREST_RESIN,SEASHELLS,10002,1
448800,,,RAINFOREST_RESIN,SEASHELLS,9997,4
448800,,,RAINFOREST_RESIN,SEASHELLS,10002,3
448800,,,RAINFOREST_RESIN,SEASHELLS,10001,1
448800,,SUBMISSION,RAINFOREST_RESIN,SEASHELLS,9996,1
449000,,,RAINFOREST_RESIN,SEASHELLS,9999,1
449200,,,SQUID_INK,SEASHELLS,1894,1
449200,,,KELP,SEASHELLS,2043,1
449300,,,KELP,SEASHELLS,2044,5
449300,,,SQUID_INK,SEASHELLS,1894,5
449800,,,KELP,SEASHELLS,2044,1
449800,,,SQUID_INK,SEASHELLS,1894,1
450000,SUBMISSION,,RAINFOREST_RESIN,SEASHELLS,9997,2
450600,,,SQUID_INK,SEASHELLS,1894,1
450600,,,SQUID_INK,SEASHELLS,1894,7
450600,,,KELP,SEASHELLS,2043,1
450900,,SUBMISSION,RAINFOREST_RESIN,SEASHELLS,9997,2
451100,,,RAINFOREST_RESIN,SEASHELLS,9999,1
452300,,,SQUID_INK,SEASHELLS,1890,2
452700,,,SQUID_INK,SEASHELLS,1890,3
452700,,,KELP,SEASHELLS,2043,3
452900,,,RAINFOREST_RESIN,SEASHELLS,9998,4
453300,,,SQUID_INK,SEASHELLS,1889,6
453300,,,KELP,SEASHELLS,2046,2
453300,,,RAINFOREST_RESIN,SEASHELLS,9999,1
453300,,,SQUID_INK,SEASHELLS,1892,2
453300,,,KELP,SEASHELLS,2043,6
453600,,,RAINFOREST_RESIN,SEASHELLS,9997,8
453700,,,KELP,SEASHELLS,2043,2
453700,SUBMISSION,,SQUID_INK,SEASHELLS,1888,2
453800,,,KELP,SEASHELLS,2043,1
453800,,,SQUID_INK,SEASHELLS,1885,1
454100,,,KELP,SEASHELLS,2043,1
454100,,,SQUID_INK,SEASHELLS,1870,1
454300,,,KELP,SEASHELLS,2045,1
454300,,,SQUID_INK,SEASHELLS,1871,1
454400,SUBMISSION,,RAINFOREST_RESIN,SEASHELLS,10002,1
454600,,,SQUID_INK,SEASHELLS,1865,1
454700,,,KELP,SEASHELLS,2045,1
454900,,,SQUID_INK,SEASHELLS,1862,1
454900,,,KELP,SEASHELLS,2044,1
455100,,,KELP,SEASHELLS,2042,1
455100,,,SQUID_INK,SEASHELLS,1868,1
455300,,,SQUID_INK,SEASHELLS,1876,1
455300,,,KELP,SEASHELLS,2044,1
455400,,,KELP,SEASHELLS,2042,5
455600,SUBMISSION,,RAINFOREST_RESIN,SEASHELLS,10002,1
455900,SUBMISSION,,RAINFOREST_RESIN,SEASHELLS,10002,1
456000,,,KELP,SEASHELLS,2043,8
456000,,,SQUID_INK,SEASHELLS,1874,8
456100,,,KELP,SEASHELLS,2042,2
456100,,,SQUID_INK,SEASHELLS,1870,2
456600,,,RAINFOREST_RESIN,SEASHELLS,9999,1
456600,,SUBMISSION,RAINFOREST_RESIN,SEASHELLS,9998,3
456700,,,KELP,SEASHELLS,2042,1
456700,,,SQUID_INK,SEASHELLS,1867,1
456800,,,RAINFOREST_RESIN,SEASHELLS,10008,1
457000,,,SQUID_INK,SEASHELLS,1872,14
457000,,,KELP,SEASHELLS,2045,14
457200,,,KELP,SEASHELLS,2042,1
457200,,,SQUID_INK,SEASHELLS,1868,1
458000,,,KELP,SEASHELLS,2043,1
458400,,,KELP,SEASHELLS,2041,8
458400,,,KELP,SEASHELLS,2043,1
458400,,,SQUID_INK,SEASHELLS,1873,8
458400,,,SQUID_INK,SEASHELLS,1873,2
458400,,,SQUID_INK,SEASHELLS,1875,1
458400,SUBMISSION,,KELP,SEASHELLS,2042,2
458500,,,KELP,SEASHELLS,2041,1
458500,,SUBMISSION,SQUID_INK,SEASHELLS,1875,2
458500,,,SQUID_INK,SEASHELLS,1874,1
458800,,,SQUID_INK,SEASHELLS,1873,1
458800,,,KELP,SEASHELLS,2041,1
459100,,,SQUID_INK,SEASHELLS,1869,1
459100,,,KELP,SEASHELLS,2040,1
459200,,,KELP,SEASHELLS,2042,1
459200,,,SQUID_INK,SEASHELLS,1869,1
459600,,,SQUID_INK,SEASHELLS,1866,1
459600,SUBMISSION,,SQUID_INK,SEASHELLS,1867,1
459600,,,KELP,SEASHELLS,2040,1
459700,,,RAINFOREST_RESIN,SEASHELLS,10003,4
459900,,,KELP,SEASHELLS,2040,1
459900,,,KELP,SEASHELLS,2041,1
459900,SUBMISSION,,SQUID_INK,SEASHELLS,1866,1
459900,,,SQUID_INK,SEASHELLS,1865,1
460100,,,SQUID_INK,SEASHELLS,1858,1
460100,,,KELP,SEASHELLS,2040,1
460300,,,SQUID_INK,SEASHELLS,1858,2
460300,,,KELP,SEASHELLS,2043,2
460500,,,KELP,SEASHELLS,2040,1
460500,SUBMISSION,,SQUID_INK,SEASHELLS,1855,1
460600,SUBMISSION,,RAINFOREST_RESIN,SEASHELLS,9997,1
460800,,,KELP,SEASHELLS,2041,5
460900,,,SQUID_INK,SEASHELLS,1853,10
460900,,,KELP,SEASHELLS,2043,10
461100,,,SQUID_INK,SEASHELLS,1853,1
461100,,SUBMISSION,KELP,SEASHELLS,2042,1
461200,SUBMISSION,,SQUID_INK,SEASHELLS,1846,1
461200,SUBMISSION,,KELP,SEASHELLS,2041,1
461500,,SUBMISSION,KELP,SEASHELLS,2042,1
462100,,SUBMISSION,RAINFOREST_RESIN,SEASHELLS,9998,1
462600,,SUBMISSION,KELP,SEASHELLS,2042,1
462800,,,SQUID_INK,SEASHELLS,1846,1
462800,,,KELP,SEASHELLS,2043,1
463500,,,SQUID_INK,SEASHELLS,1837,1
463500,,,KELP,SEASHELLS,2040,1
463700,,,SQUID_INK,SEASHELLS,1836,1
463700,,,KELP,SEASHELLS,2040,1
463900,SUBMISSION,,RAINFOREST_RESIN,SEASHELLS,9997,1
464100,,,KELP,SEASHELLS,2041,1
464100,,,SQUID_INK,SEASHELLS,1839,1
464500,,,KELP,SEASHELLS,2042,1
464500,,,SQUID_INK,SEASHELLS,1838,1
464600,,SUBMISSION,RAINFOREST_RESIN,SEASHELLS,10002,1
464900,,,KELP,SEASHELLS,2040,4
465000,SUBMISSION,,RAINFOREST_RESIN,SEASHELLS,10001,8
465400,,,SQUID_INK,SEASHELLS,1838,1
465400,,,KELP,SEASHELLS,2042,1
465500,,,SQUID_INK,SEASHELLS,1836,1
465500,,,SQUID_INK,SEASHELLS,1837,1
465500,,,KELP,SEASHELLS,2040,1
465600,,,SQUID_INK,SEASHELLS,1839,1
465600,,,KELP,SEASHELLS,2042,1
465700,,SUBMISSION,SQUID_INK,SEASHELLS,1841,1
465700,,,KELP,SEASHELLS,2042,1
466000,,,KELP,SEASHELLS,2040,2
466000,,,KELP,SEASHELLS,2041,2
466000,,SUBMISSION,SQUID_INK,SEASHELLS,1842,3
466000,,,SQUID_INK,SEASHELLS,1842,2
466000,,,SQUID_INK,SEASHELLS,1843,2
466500,,,KELP,SEASHELLS,2043,2
466500,,,SQUID_INK,SEASHELLS,1847,2
466500,,SUBMISSION,RAINFOREST_RESIN,SEASHELLS,10002,4
466600,,,RAINFOREST_RESIN,SEASHELLS,9998,1
467200,,,SQUID_INK,SEASHELLS,1844,2
467200,,,KELP,SEASHELLS,2042,2
467300,,,SQUID_INK,SEASHELLS,1842,1
467300,,,KELP,SEASHELLS,2041,1
467500,SUBMISSION,,RAINFOREST_RESIN,SEASHELLS,9997,4
467500,,,KELP,SEASHELLS,2040,3
467500,,,SQUID_INK,SEASHELLS,1838,3
467800,,SUBMISSION,RAINFOREST_RESIN,SEASHELLS,10005,4
468000,,,SQUID_INK,SEASHELLS,1837,1
468000,,,RAINFOREST_RESIN,SEASHELLS,10003,6
468000,,,KELP,SEASHELLS,2040,1
468300,,,KELP,SEASHELLS,2040,3
468700,,,KELP,SEASHELLS,2039,1
468700,,,SQUID_INK,SEASHELLS,1832,1
468800,,,KELP,SEASHELLS,2040,1
468800,,,SQUID_INK,SEASHELLS,1834,1
468900,,,KELP,SEASHELLS,2042,1
468900,,,SQUID_INK,SEASHELLS,1835,1
469300,SUBMISSION,,RAINFOREST_RESIN,SEASHELLS,9997,2
469600,SUBMISSION,,SQUID_INK,SEASHELLS,1828,1
469600,,,KELP,SEASHELLS,2040,1
469800,SUBMISSION,,RAINFOREST_RESIN,SEASHELLS,9995,7
470100,,,KELP,SEASHELLS,2040,1
470100,,,SQUID_INK,SEASHELLS,1831,1
470200,SUBMISSION,,RAINFOREST_RESIN,SEASHELLS,10002,1
470600,,SUBMISSION,SQUID_INK,SEASHELLS,1838,1
470800,,,KELP,SEASHELLS,2040,1
470800,,,SQUID_INK,SEASHELLS,1833,1
471000,SUBMISSION,,RAINFOREST_RESIN,SEASHELLS,10002,1
471200,SUBMISSION,,RAINFOREST_RESIN,SEASHELLS,9997,4
471500,SUBMISSION,,KELP,SEASHELLS,2041,2
471500,,,SQUID_INK,SEASHELLS,1829,2
471600,SUBMISSION,,RAINFOREST_RESIN,SEASHELLS,9993,8
471600,,SUBMISSION,RAINFOREST_RESIN,SEASHELLS,9998,1
471800,,,SQUID_INK,SEASHELLS,1831,1
471800,,,KELP,SEASHELLS,2040,1
471900,,,SQUID_INK,SEASHELLS,1829,1
471900,,,KELP,SEASHELLS,2040,1
472000,,,KELP,SEASHELLS,2042,1
472000,,,SQUID_INK,SEASHELLS,1833,1
472200,SUBMISSION,,RAINFOREST_RESIN,SEASHELLS,10000,1
472300,SUBMISSION,,RAINFOREST_RESIN,SEASHELLS,9997,4
472300,,,SQUID_INK,SEASHELLS,1833,2
472300,SUBMISSION,,KELP,SEASHELLS,2040,2
472400,,,SQUID_INK,SEASHELLS,1835,6
472400,,,KELP,SEASHELLS,2042,6
472800,,SUBMISSION,KELP,SEASHELLS,2041,4
472900,,,KELP,SEASHELLS,2042,1
472900,,SUBMISSION,RAINFOREST_RESIN,SEASHELLS,10002,1
472900,,,SQUID_INK,SEASHELLS,1834,1
473100,,SUBMISSION,RAINFOREST_RESIN,SEASHELLS,9998,1
473200,,,KELP,SEASHELLS,2039,1
473200,,,SQUID_INK,SEASHELLS,1827,1
473300,,,SQUID_INK,SEASHELLS,1832,1
473400,,SUBMISSION,RAINFOREST_RESIN,SEASHELLS,10002,2
473600,,SUBMISSION,RAINFOREST_RESIN,SEASHELLS,9997,5
473600,,,RAINFOREST_RESIN,SEASHELLS,9992,2
473700,,SUBMISSION,RAINFOREST_RESIN,SEASHELLS,9998,1
474000,,,RAINFOREST_RESIN,SEASHELLS,10003,6
474100,,SUBMISSION,RAINFOREST_RESIN,SEASHELLS,9997,5
474500,,,SQUID_INK,SEASHELLS,1833,1
474500,,,KELP,SEASHELLS,2039,1
474700,,,SQUID_INK,SEASHELLS,1832,1
474700,,,SQUID_INK,SEASHELLS,1833,6
474700,,,KELP,SEASHELLS,2040,6
474700,,,KELP,SEASHELLS,2039,1
474800,SUBMISSION,,RAINFOREST_RESIN,SEASHELLS,10002,1
475200,,,KELP,SEASHELLS,2041,1
475200,,,SQUID_INK,SEASHELLS,1836,1
475200,SUBMISSION,,RAINFOREST_RESIN,SEASHELLS,10002,1
475300,,,RAINFOREST_RESIN,SEASHELLS,10002,2
475500,,SUBMISSION,RAINFOREST_RESIN,SEASHELLS,10007,2
475700,,,SQUID_INK,SEASHELLS,1834,1
475700,,,KELP,SEASHELLS,2039,1
476000,,,SQUID_INK,SEASHELLS,1838,1
476000,,,KELP,SEASHELLS,2039,1
476200,SUBMISSION,,RAINFOREST_RESIN,SEASHELLS,10002,1
476500,,SUBMISSION,RAINFOREST_RESIN,SEASHELLS,10002,1
476700,,,KELP,SEASHELLS,2042,10
476700,,,SQUID_INK,SEASHELLS,1843,10
476800,,SUBMISSION,RAINFOREST_RESIN,SEASHELLS,10002,4
476800,,,KELP,SEASHELLS,2039,4
476900,,,KELP,SEASHELLS,2041,1
476900,,,SQUID_INK,SEASHELLS,1842,1
477000,,,KELP,SEASHELLS,2042,6
477000,,,SQUID_INK,SEASHELLS,1841,6
477100,,,KELP,SEASHELLS,2041,3
477400,,,KELP,SEASHELLS,2039,1
477400,,,SQUID_INK,SEASHELLS,1838,1
477900,,,SQUID_INK,SEASHELLS,1845,1
477900,,,KELP,SEASHELLS,2042,1
478000,,,SQUID_INK,SEASHELLS,1845,1
478000,,,KELP,SEASHELLS,2039,1
478300,,,KELP,SEASHELLS,2040,9
478300,,,RAINFOREST_RESIN,SEASHELLS,9999,1
478300,,,SQUID_INK,SEASHELLS,1844,9
478500,SUBMISSION,,RAINFOREST_RESIN,SEASHELLS,9997,7
478600,,,SQUID_INK,SEASHELLS,1847,1
478600,,,SQUID_INK,SEASHELLS,1846,3
478600,,,KELP,SEASHELLS,2042,1
478700,,,SQUID_INK,SEASHELLS,1846,3
479100,,,KELP,SEASHELLS,2043,1
479100,,,SQUID_INK,SEASHELLS,1844,1
479400,,,KELP,SEASHELLS,2042,1
479400,,,SQUID_INK,SEASHELLS,1845,1
479500,,SUBMISSION,RAINFOREST_RESIN,SEASHELLS,10002,4
479600,,,KELP,SEASHELLS,2042,1
479600,,,SQUID_INK,SEASHELLS,1845,1
480500,,,SQUID_INK,SEASHELLS,1842,1
480500,,,KELP,SEASHELLS,2040,1
480700,,,RAINFOREST_RESIN,SEASHELLS,10003,6
480800,,,KELP,SEASHELLS,2039,1
480800,,,SQUID_INK,SEASHELLS,1845,1
481000,,,SQUID_INK,SEASHELLS,1845,5
481000,,,KELP,SEASHELLS,2040,3
481000,,,KELP,SEASHELLS,2040,2
481300,,,KELP,SEASHELLS,2040,1
481300,,,SQUID_INK,SEASHELLS,1842,1
481700,,,SQUID_INK,SEASHELLS,1846,2
481700,,,KELP,SEASHELLS,2043,2
481800,,,SQUID_INK,SEASHELLS,1845,2
481800,,,KELP,SEASHELLS,2041,2
482000,SUBMISSION,,RAINFOREST_RESIN,SEASHELLS,9997,5
482200,,,SQUID_INK,SEASHELLS,1848,1
482200,,,KELP,SEASHELLS,2042,1
482400,,,SQUID_INK,SEASHELLS,1843,2
482400,,,KELP,SEASHELLS,2040,2
482500,,,SQUID_INK,SEASHELLS,1843,1
482500,,,KELP,SEASHELLS,2040,1
482800,,,SQUID_INK,SEASHELLS,1842,4
482800,,SUBMISSION,RAINFOREST_RESIN,SEASHELLS,10000,1
482900,,SUBMISSION,RAINFOREST_RESIN,SEASHELLS,9997,3
483100,,,SQUID_INK,SEASHELLS,1842,1
483100,,,KELP,SEASHELLS,2041,1
483200,SUBMISSION,,RAINFOREST_RESIN,SEASHELLS,9997,9
483200,,,SQUID_INK,SEASHELLS,1843,1
483200,,,KELP,SEASHELLS,2041,1
483400,,,SQUID_INK,SEASHELLS,1838,1
483500,,,KELP,SEASHELLS,2041,13
483500,,,SQUID_INK,SEASHELLS,1841,13
483600,,,KELP,SEASHELLS,2041,13
483600,,,SQUID_INK,SEASHELLS,1840,13
483900,,SUBMISSION,RAINFOREST_RESIN,SEASHELLS,10002,6
484000,,SUBMISSION,RAINFOREST_RESIN,SEASHELLS,9998,1
484100,,SUBMISSION,RAINFOREST_RESIN,SEASHELLS,10000,6
484200,SUBMISSION,,RAINFOREST_RESIN,SEASHELLS,9997,4
484400,SUBMISSION,,RAINFOREST_RESIN,SEASHELLS,10002,1
484700,,,SQUID_INK,SEASHELLS,1848,1
484700,,,KELP,SEASHELLS,2041,8
484700,,,SQUID_INK,SEASHELLS,1845,8
484700,,,KELP,SEASHELLS,2044,1
484700,,,KELP,SEASHELLS,2041,2
484700,,,SQUID_INK,SEASHELLS,1845,2
485000,,SUBMISSION,RAINFOREST_RESIN,SEASHELLS,10002,9
485100,,,SQUID_INK,SEASHELLS,1845,5
485100,,,SQUID_INK,SEASHELLS,1845,1
485100,,,KELP,SEASHELLS,2041,5
485100,,,KELP,SEASHELLS,2040,1
485300,,,SQUID_INK,SEASHELLS,1844,4
485500,,,RAINFOREST_RESIN,SEASHELLS,10002,1
485500,,,SQUID_INK,SEASHELLS,1846,1
485500,,SUBMISSION,RAINFOREST_RESIN,SEASHELLS,10007,6
485500,,,KELP,SEASHELLS,2040,1
485700,,,SQUID_INK,SEASHELLS,1847,6
485700,,SUBMISSION,RAINFOREST_RESIN,SEASHELLS,10002,3
485700,,,RAINFOREST_RESIN,SEASHELLS,10002,2
485800,,,RAINFOREST_RESIN,SEASHELLS,9998,4
486100,,,KELP,SEASHELLS,2042,1
486100,,,SQUID_INK,SEASHELLS,1847,1
486300,,,RAINFOREST_RESIN,SEASHELLS,9998,5
486600,,,SQUID_INK,SEASHELLS,1839,2
486600,,,KELP,SEASHELLS,2041,3
486600,,,KELP,SEASHELLS,2040,2
486600,,,KELP,SEASHELLS,2040,14
486600,,,SQUID_INK,SEASHELLS,1839,14
486700,,,RAINFOREST_RESIN,SEASHELLS,10008,2
486800,,,RAINFOREST_RESIN,SEASHELLS,10008,7
486900,SUBMISSION,,RAINFOREST_RESIN,SEASHELLS,9997,2
487300,SUBMISSION,,RAINFOREST_RESIN,SEASHELLS,9997,2
487400,SUBMISSION,,RAINFOREST_RESIN,SEASHELLS,9997,8
487600,SUBMISSION,,RAINFOREST_RESIN,SEASHELLS,9995,1
487800,,,KELP,SEASHELLS,2041,1
487800,,SUBMISSION,RAINFOREST_RESIN,SEASHELLS,9998,1
487800,,,SQUID_INK,SEASHELLS,1844,1
488100,,,SQUID_INK,SEASHELLS,1847,2
488100,,,KELP,SEASHELLS,2044,2
488400,,,SQUID_INK,SEASHELLS,1847,2
488400,,,KELP,SEASHELLS,2044,2
488500,,SUBMISSION,RAINFOREST_RESIN,SEASHELLS,10002,1
488600,,SUBMISSION,RAINFOREST_RESIN,SEASHELLS,9998,1
488600,,,KELP,SEASHELLS,2041,1
488600,,,SQUID_INK,SEASHELLS,1845,1
488700,,SUBMISSION,RAINFOREST_RESIN,SEASHELLS,9997,10
488800,,,KELP,SEASHELLS,2041,1
488800,,,SQUID_INK,SEASHELLS,1846,1
489100,,,KELP,SEASHELLS,2043,2
489100,,,SQUID_INK,SEASHELLS,1847,1
489100,,,KELP,SEASHELLS,2043,1
489100,,,SQUID_INK,SEASHELLS,1847,7
489100,,,KELP,SEASHELLS,2043,7
489200,SUBMISSION,,RAINFOREST_RESIN,SEASHELLS,9997,4
489300,,,SQUID_INK,SEASHELLS,1846,4
489300,,,KELP,SEASHELLS,2041,4
489500,,,SQUID_INK,SEASHELLS,1847,5
489500,,,KELP,SEASHELLS,2041,5
489600,,,KELP,SEASHELLS,2041,1
489600,,,SQUID_INK,SEASHELLS,1848,1
489900,,,RAINFOREST_RESIN,SEASHELLS,9997,6
490100,,SUBMISSION,RAINFOREST_RESIN,SEASHELLS,9998,4
490200,SUBMISSION,,RAINFOREST_RESIN,SEASHELLS,9997,2
490400,,SUBMISSION,RAINFOREST_RESIN,SEASHELLS,9998,2
490700,SUBMISSION,,RAINFOREST_RESIN,SEASHELLS,9997,5
490700,,,RAINFOREST_RESIN,SEASHELLS,10008,8
490800,,,SQUID_INK,SEASHELLS,1851,1
490800,,,KELP,SEASHELLS,2043,1
490900,,SUBMISSION,RAINFOREST_RESIN,SEASHELLS,9997,5
491100,SUBMISSION,,RAINFOREST_RESIN,SEASHELLS,10002,1
491100,,,KELP,SEASHELLS,2045,2
491100,,,SQUID_INK,SEASHELLS,1851,2
491400,,,KELP,SEASHELLS,2044,1
491400,,,SQUID_INK,SEASHELLS,1851,1
491400,,,KELP,SEASHELLS,2044,10
491500,,,KELP,SEASHELLS,2045,13
491500,,,KELP,SEASHELLS,2042,1
491500,,,SQUID_INK,SEASHELLS,1852,13
491500,,,SQUID_INK,SEASHELLS,1849,1
492000,SUBMISSION,,RAINFOREST_RESIN,SEASHELLS,10002,1
492400,,SUBMISSION,RAINFOREST_RESIN,SEASHELLS,9998,3
492500,,,KELP,SEASHELLS,2042,1
492500,,,SQUID_INK,SEASHELLS,1848,1
492900,,,RAINFOREST_RESIN,SEASHELLS,10002,1
493000,,,SQUID_INK,SEASHELLS,1848,2
493000,,,KELP,SEASHELLS,2042,2
493100,,,KELP,SEASHELLS,2042,4
493100,,,RAINFOREST_RESIN,SEASHELLS,9999,1
493400,,,SQUID_INK,SEASHELLS,1846,1
493400,,,KELP,SEASHELLS,2042,1
493500,,,KELP,SEASHELLS,2044,1
493600,SUBMISSION,,RAINFOREST_RESIN,SEASHELLS,9997,1
493900,SUBMISSION,,RAINFOREST_RESIN,SEASHELLS,10002,1
494200,SUBMISSION,,RAINFOREST_RESIN,SEASHELLS,9997,1
494500,,SUBMISSION,RAINFOREST_RESIN,SEASHELLS,10002,3
494800,,,RAINFOREST_RESIN,SEASHELLS,10000,1
495100,,,SQUID_INK,SEASHELLS,1848,1
495100,,,RAINFOREST_RESIN,SEASHELLS,10008,1
495100,,,KELP,SEASHELLS,2044,1
495200,SUBMISSION,,RAINFOREST_RESIN,SEASHELLS,9997,2
495300,SUBMISSION,,RAINFOREST_RESIN,SEASHELLS,9997,5
495700,,,SQUID_INK,SEASHELLS,1849,4
495700,,,KELP,SEASHELLS,2044,4
496000,SUBMISSION,,RAINFOREST_RESIN,SEASHELLS,9997,1
496600,,,SQUID_INK,SEASHELLS,1852,1
496600,,,KELP,SEASHELLS,2045,1
496900,,SUBMISSION,RAINFOREST_RESIN,SEASHELLS,9997,8
497000,SUBMISSION,,RAINFOREST_RESIN,SEASHELLS,10002,1
497200,,,SQUID_INK,SEASHELLS,1845,1
497200,,,KELP,SEASHELLS,2044,1
497300,SUBMISSION,,RAINFOREST_RESIN,SEASHELLS,9997,1
497400,,,KELP,SEASHELLS,2044,8
497700,SUBMISSION,,RAINFOREST_RESIN,SEASHELLS,9993,5
497900,,SUBMISSION,RAINFOREST_RESIN,SEASHELLS,10002,1
498500,,SUBMISSION,RAINFOREST_RESIN,SEASHELLS,10002,6
498900,,,KELP,SEASHELLS,2043,5
498900,,,SQUID_INK,SEASHELLS,1850,5
499100,,,RAINFOREST_RESIN,SEASHELLS,9998,1
499100,,,RAINFOREST_RESIN,SEASHELLS,9998,4
499500,,,SQUID_INK,SEASHELLS,1851,1
499500,,,SQUID_INK,SEASHELLS,1851,10
499500,,,RAINFOREST_RESIN,SEASHELLS,9999,1
499500,,,KELP,SEASHELLS,2046,11
499600,,,KELP,SEASHELLS,2046,2
499600,,,SQUID_INK,SEASHELLS,1846,2
499600,,,KELP,SEASHELLS,2043,5
500300,,,KELP,SEASHELLS,2044,4
500500,,,RAINFOREST_RESIN,SEASHELLS,9997,10
500600,,,KELP,SEASHELLS,2044,1
500600,,,SQUID_INK,SEASHELLS,1848,4
500600,,,KELP,SEASHELLS,2044,4
500600,,,SQUID_INK,SEASHELLS,1848,1
500700,,,KELP,SEASHELLS,2042,1
500700,,,SQUID_INK,SEASHELLS,1847,1
500800,,,KELP,SEASHELLS,2045,1
500800,,,SQUID_INK,SEASHELLS,1853,1
500900,,,RAINFOREST_RESIN,SEASHELLS,10008,1
501000,,,KELP,SEASHELLS,2044,1
501000,,,SQUID_INK,SEASHELLS,1853,1
501200,,,SQUID_INK,SEASHELLS,1852,1
501200,,,SQUID_INK,SEASHELLS,1855,13
501200,,,KELP,SEASHELLS,2045,13
501200,,,KELP,SEASHELLS,2042,1
501200,,,RAINFOREST_RESIN,SEASHELLS,9999,1
501400,SUBMISSION,,RAINFOREST_RESIN,SEASHELLS,9997,2
501500,,,KELP,SEASHELLS,2045,2
501500,,,SQUID_INK,SEASHELLS,1858,2
501500,,,KELP,SEASHELLS,2044,1
501500,,,SQUID_INK,SEASHELLS,1857,1
501700,,,SQUID_INK,SEASHELLS,1855,1
501700,,,KELP,SEASHELLS,2042,1
501900,,SUBMISSION,RAINFOREST_RESIN,SEASHELLS,9998,2
502100,,,SQUID_INK,SEASHELLS,1857,1
502100,,,KELP,SEASHELLS,2045,1
502300,,,KELP,SEASHELLS,2045,12
502300,,,KELP,SEASHELLS,2042,1
502300,,,SQUID_INK,SEASHELLS,1857,1
502300,,,SQUID_INK,SEASHELLS,1860,12
502400,,,KELP,SEASHELLS,2044,1
502400,,,SQUID_INK,SEASHELLS,1861,1
502500,,,SQUID_INK,SEASHELLS,1861,1
502500,,,KELP,SEASHELLS,2042,1
502800,,,KELP,SEASHELLS,2042,1
502800,,,SQUID_INK,SEASHELLS,1863,1
503100,,,SQUID_INK,SEASHELLS,1869,11
503100,,,KELP,SEASHELLS,2046,11
503200,,,KELP,SEASHELLS,2044,1
503200,,,SQUID_INK,SEASHELLS,1864,1
503300,,,RAINFOREST_RESIN,SEASHELLS,9999,1
503600,,,RAINFOREST_RESIN,SEASHELLS,9998,3
503800,,,KELP,SEASHELLS,2042,1
503800,,,SQUID_INK,SEASHELLS,1858,1
503900,,,KELP,SEASHELLS,2042,1
503900,,,SQUID_INK,SEASHELLS,1858,1
504200,SUBMISSION,,RAINFOREST_RESIN,SEASHELLS,9997,6
504300,,,KELP,SEASHELLS,2044,5
504300,,,SQUID_INK,SEASHELLS,1859,5
504500,,SUBMISSION,RAINFOREST_RESIN,SEASHELLS,10005,1
504700,,,KELP,SEASHELLS,2044,7
504700,,,SQUID_INK,SEASHELLS,1861,7
505200,,,KELP,SEASHELLS,2043,1
505200,,,SQUID_INK,SEASHELLS,1861,4
505200,,,SQUID_INK,SEASHELLS,1861,1
505500,SUBMISSION,,RAINFOREST_RESIN,SEASHELLS,10002,1
505500,,,SQUID_INK,SEASHELLS,1862,1
505500,,,KELP,SEASHELLS,2042,1
505700,,SUBMISSION,RAINFOREST_RESIN,SEASHELLS,9998,6
506100,,,RAINFOREST_RESIN,SEASHELLS,10008,1
506100,SUBMISSION,,KELP,SEASHELLS,2042,2
506100,,,SQUID_INK,SEASHELLS,1859,2
506200,,,SQUID_INK,SEASHELLS,1860,1
506200,,,KELP,SEASHELLS,2042,1
506500,,,SQUID_INK,SEASHELLS,1860,6
506500,,,KELP,SEASHELLS,2042,6
506700,,,KELP,SEASHELLS,2041,1
506700,,,SQUID_INK,SEASHELLS,1856,1
507500,,,SQUID_INK,SEASHELLS,1865,1
507600,,,KELP,SEASHELLS,2042,2
507600,,,SQUID_INK,SEASHELLS,1861,2
508200,,,KELP,SEASHELLS,2042,2
508200,,,SQUID_INK,SEASHELLS,1863,2
508500,SUBMISSION,,RAINFOREST_RESIN,SEASHELLS,9997,1
508700,,SUBMISSION,KELP,SEASHELLS,2044,1
508900,,,KELP,SEASHELLS,2042,1
508900,,,SQUID_INK,SEASHELLS,1843,1
509100,,,KELP,SEASHELLS,2042,1
509100,,SUBMISSION,KELP,SEASHELLS,2044,1
509100,,,KELP,SEASHELLS,2042,6
509100,SUBMISSION,,SQUID_INK,SEASHELLS,1841,6
509100,,,SQUID_INK,SEASHELLS,1841,1
509400,SUBMISSION,,RAINFOREST_RESIN,SEASHELLS,10002,1
509400,,,SQUID_INK,SEASHELLS,1838,1
509400,,,KELP,SEASHELLS,2041,1
509500,,,KELP,SEASHELLS,2041,1
509600,,,KELP,SEASHELLS,2042,4
509600,,,KELP,SEASHELLS,2041,4
509600,,,SQUID_INK,SEASHELLS,1837,4
509600,,,SQUID_INK,SEASHELLS,1838,4
510000,,,RAINFOREST_RESIN,SEASHELLS,9998,5
510000,,SUBMISSION,RAINFOREST_RESIN,SEASHELLS,9997,3
510400,,,KELP,SEASHELLS,2043,1
510600,,,RAINFOREST_RESIN,SEASHELLS,10008,7
510600,,,KELP,SEASHELLS,2044,1
510600,,,SQUID_INK,SEASHELLS,1837,1
510800,,,RAINFOREST_RESIN,SEASHELLS,9999,1
511000,,,SQUID_INK,SEASHELLS,1830,1
511000,SUBMISSION,,KELP,SEASHELLS,2041,10
511000,SUBMISSION,,SQUID_INK,SEASHELLS,1829,10
511000,,,KELP,SEASHELLS,2042,1
511400,,,KELP,SEASHELLS,2043,11
511400,,,SQUID_INK,SEASHELLS,1832,11
511500,,,SQUID_INK,SEASHELLS,1823,1
511500,,,KELP,SEASHELLS,2040,1
512100,,,KELP,SEASHELLS,2041,1
512100,,,SQUID_INK,SEASHELLS,1829,1
512300,,,SQUID_INK,SEASHELLS,1831,2
512300,,,KELP,SEASHELLS,2044,2
512600,,,SQUID_INK,SEASHELLS,1826,10
512700,,,RAINFOREST_RESIN,SEASHELLS,9999,1
513100,,,KELP,SEASHELLS,2040,1
513100,SUBMISSION,,RAINFOREST_RESIN,SEASHELLS,9993,1
513100,,,SQUID_INK,SEASHELLS,1834,1
513300,,SUBMISSION,SQUID_INK,SEASHELLS,1836,16
513300,,,RAINFOREST_RESIN,SEASHELLS,10002,1
513300,,,RAINFOREST_RESIN,SEASHELLS,10002,2
513300,,SUBMISSION,RAINFOREST_RESIN,SEASHELLS,10002,1
513700,SUBMISSION,,RAINFOREST_RESIN,SEASHELLS,10002,1
513800,,SUBMISSION,KELP,SEASHELLS,2043,1
513800,,SUBMISSION,RAINFOREST_RESIN,SEASHELLS,10000,1
513900,,,SQUID_INK,SEASHELLS,1839,2
513900,,,KELP,SEASHELLS,2044,10
513900,,,SQUID_INK,SEASHELLS,1842,10
513900,,,KELP,SEASHELLS,2041,2
514000,SUBMISSION,,RAINFOREST_RESIN,SEASHELLS,10002,6
514400,,SUBMISSION,KELP,SEASHELLS,2043,1
514500,,SUBMISSION,KELP,SEASHELLS,2043,1
514700,,,KELP,SEASHELLS,2040,15
514700,,,SQUID_INK,SEASHELLS,1848,15
514700,,,SQUID_INK,SEASHELLS,1852,13
514700,,,KELP,SEASHELLS,2044,13
514900,,,SQUID_INK,SEASHELLS,1845,1
514900,,,KELP,SEASHELLS,2042,1
515400,,,KELP,SEASHELLS,2040,1
515400,,,SQUID_INK,SEASHELLS,1834,1
515500,SUBMISSION,,SQUID_INK,SEASHELLS,1833,5
515500,,,KELP,SEASHELLS,2041,5
515800,,,SQUID_INK,SEASHELLS,1833,5
515800,,,KELP,SEASHELLS,2041,5
515900,SUBMISSION,,RAINFOREST_RESIN,SEASHELLS,10002,1
516200,,SUBMISSION,RAINFOREST_RESIN,SEASHELLS,10002,2
516300,,,SQUID_INK,SEASHELLS,1844,1
516300,,,KELP,SEASHELLS,2043,1
516400,,SUBMISSION,RAINFOREST_RESIN,SEASHELLS,9997,5
516400,,,SQUID_INK,SEASHELLS,1841,5
516400,,,KELP,SEASHELLS,2041,5
516800,,,SQUID_INK,SEASHELLS,1846,1
516800,,,SQUID_INK,SEASHELLS,1846,3
516800,,,KELP,SEASHELLS,2042,1
516800,,SUBMISSION,KELP,SEASHELLS,2042,3
516900,SUBMISSION,,RAINFOREST_RESIN,SEASHELLS,10003,4
516900,,,RAINFOREST_RESIN,SEASHELLS,10003,6
517000,,,SQUID_INK,SEASHELLS,1841,5
517000,,,KELP,SEASHELLS,2041,5
517600,,SUBMISSION,KELP,SEASHELLS,2043,1
517700,,SUBMISSION,KELP,SEASHELLS,2042,3
517800,,,KELP,SEASHELLS,2041,12
517800,,,SQUID_INK,SEASHELLS,1837,12
517900,SUBMISSION,,RAINFOREST_RESIN,SEASHELLS,9997,6
518000,,,SQUID_INK,SEASHELLS,1837,2
518000,,,KELP,SEASHELLS,2044,2
518000,,,SQUID_INK,SEASHELLS,1836,1
518000,,,KELP,SEASHELLS,2043,1
518100,,,KELP,SEASHELLS,2043,1
518100,,,SQUID_INK,SEASHELLS,1833,1
518400,,SUBMISSION,RAINFOREST_RESIN,SEASHELLS,10007,5
518400,SUBMISSION,,RAINFOREST_RESIN,SEASHELLS,10002,1
518400,,,SQUID_INK,SEASHELLS,1832,1
518400,,,KELP,SEASHELLS,2041,1
518500,,,SQUID_INK,SEASHELLS,1829,1
518500,,,KELP,SEASHELLS,2041,1
518600,,,KELP,SEASHELLS,2041,1
518600,,,SQUID_INK,SEASHELLS,1828,1
518800,,,SQUID_INK,SEASHELLS,1832,1
518800,,,KELP,SEASHELLS,2043,1
519300,,,SQUID_INK,SEASHELLS,1828,13
519300,SUBMISSION,,KELP,SEASHELLS,2042,13
519600,,,KELP,SEASHELLS,2041,8
519600,,,SQUID_INK,SEASHELLS,1828,7
519600,,,SQUID_INK,SEASHELLS,1828,1
519800,,,KELP,SEASHELLS,2041,5
519800,,,SQUID_INK,SEASHELLS,1831,2
519900,,,KELP,SEASHELLS,2041,13
519900,,,SQUID_INK,SEASHELLS,1831,13
520000,SUBMISSION,,RAINFOREST_RESIN,SEASHELLS,9997,6
520200,,SUBMISSION,KELP,SEASHELLS,2043,4
520400,SUBMISSION,,RAINFOREST_RESIN,SEASHELLS,9997,2
520600,,SUBMISSION,SQUID_INK,SEASHELLS,1837,1
520600,,SUBMISSION,KELP,SEASHELLS,2043,1
520600,SUBMISSION,,RAINFOREST_RESIN,SEASHELLS,9997,5
520800,,SUBMISSION,SQUID_INK,SEASHELLS,1839,1
520800,,,KELP,SEASHELLS,2044,1
520900,,SUBMISSION,RAINFOREST_RESIN,SEASHELLS,9996,4
520900,,SUBMISSION,RAINFOREST_RESIN,SEASHELLS,9996,15
521000,SUBMISSION,,RAINFOREST_RESIN,SEASHELLS,9997,8
521300,,,KELP,SEASHELLS,2041,1
521600,,SUBMISSION,SQUID_INK,SEASHELLS,1841,3
521700,,SUBMISSION,RAINFOREST_RESIN,SEASHELLS,10002,3
522100,,,KELP,SEASHELLS,2043,2
522200,SUBMISSION,,RAINFOREST_RESIN,SEASHELLS,9997,2
522300,,SUBMISSION,RAINFOREST_RESIN,SEASHELLS,10000,2
522600,,SUBMISSION,RAINFOREST_RESIN,SEASHELLS,10007,5
522600,,SUBMISSION,KELP,SEASHELLS,2043,1
522800,SUBMISSION,,RAINFOREST_RESIN,SEASHELLS,10002,1
523500,,,KELP,SEASHELLS,2041,1
523500,,,SQUID_INK,SEASHELLS,1845,1
524100,SUBMISSION,,RAINFOREST_RESIN,SEASHELLS,9997,8
524500,,,SQUID_INK,SEASHELLS,1866,2
524500,,,KELP,SEASHELLS,2044,2
524800,,SUBMISSION,KELP,SEASHELLS,2043,1
524800,,,SQUID_INK,SEASHELLS,1862,1
524900,SUBMISSION,,RAINFOREST_RESIN,SEASHELLS,9997,2
525000,,,KELP,SEASHELLS,2044,2
525000,,,SQUID_INK,SEASHELLS,1867,2
525100,,,SQUID_INK,SEASHELLS,1864,1
525100,,SUBMISSION,RAINFOREST_RESIN,SEASHELLS,9998,1
525100,,SUBMISSION,KELP,SEASHELLS,2043,1
525600,,SUBMISSION,KELP,SEASHELLS,2043,5
525700,,SUBMISSION,RAINFOREST_RESIN,SEASHELLS,10002,3
525700,,,SQUID_INK,SEASHELLS,1864,1
525700,,,KELP,SEASHELLS,2042,1
525900,SUBMISSION,,RAINFOREST_RESIN,SEASHELLS,9997,5
526100,,,SQUID_INK,SEASHELLS,1864,1
526600,,,KELP,SEASHELLS,2041,7
526600,,,SQUID_INK,SEASHELLS,1869,7
527000,SUBMISSION,,RAINFOREST_RESIN,SEASHELLS,9997,2
527000,,,KELP,SEASHELLS,2041,1
527000,,,SQUID_INK,SEASHELLS,1866,1
527400,,,SQUID_INK,SEASHELLS,1871,1
527400,,,KELP,SEASHELLS,2044,1
527500,,SUBMISSION,RAINFOREST_RESIN,SEASHELLS,10002,6
528200,,,SQUID_INK,SEASHELLS,1867,1
528200,,,KELP,SEASHELLS,2044,1
528300,,SUBMISSION,RAINFOREST_RESIN,SEASHELLS,9998,1
528300,,,KELP,SEASHELLS,2041,2
528300,,,SQUID_INK,SEASHELLS,1866,2
528400,,,KELP,SEASHELLS,2042,1
528400,,,SQUID_INK,SEASHELLS,1873,1
528500,,,SQUID_INK,SEASHELLS,1882,1
528500,,,KELP,SEASHELLS,2043,1
528800,,,SQUID_INK,SEASHELLS,1869,2
529100,,,KELP,SEASHELLS,2042,1
529100,,,SQUID_INK,SEASHELLS,1872,1
529200,,,SQUID_INK,SEASHELLS,1872,9
529200,,,KELP,SEASHELLS,2042,11
529200,,,SQUID_INK,SEASHELLS,1872,2
529300,,,SQUID_INK,SEASHELLS,1872,1
529300,,,KELP,SEASHELLS,2044,1
529400,,SUBMISSION,RAINFOREST_RESIN,SEASHELLS,9998,1
529700,,SUBMISSION,RAINFOREST_RESIN,SEASHELLS,10002,2
530300,SUBMISSION,,RAINFOREST_RESIN,SEASHELLS,9997,1
530400,,,KELP,SEASHELLS,2042,1
530400,,,KELP,SEASHELLS,2042,8
530700,,,KELP,SEASHELLS,2042,14
530700,,,SQUID_INK,SEASHELLS,1867,14
530800,SUBMISSION,,RAINFOREST_RESIN,SEASHELLS,9997,6
531000,,,RAINFOREST_RESIN,SEASHELLS,9998,5
531200,,,KELP,SEASHELLS,2043,5
531200,,,SQUID_INK,SEASHELLS,1877,5
531400,,,KELP,SEASHELLS,2045,1
531400,,,SQUID_INK,SEASHELLS,1878,1
531900,,,SQUID_INK,SEASHELLS,1882,1
531900,,,KELP,SEASHELLS,2045,1
532000,,,SQUID_INK,SEASHELLS,1880,1
532000,,,KELP,SEASHELLS,2043,1
532000,,,SQUID_INK,SEASHELLS,1880,2
532500,,,KELP,SEASHELLS,2045,1
532500,,SUBMISSION,RAINFOREST_RESIN,SEASHELLS,10002,6
532500,,,SQUID_INK,SEASHELLS,1890,1
532600,,,SQUID_INK,SEASHELLS,1889,1
532600,,,KELP,SEASHELLS,2046,1
532900,SUBMISSION,,RAINFOREST_RESIN,SEASHELLS,9997,2
533300,,SUBMISSION,RAINFOREST_RESIN,SEASHELLS,10002,4
533400,,,RAINFOREST_RESIN,SEASHELLS,9998,5
533400,,,SQUID_INK,SEASHELLS,1888,1
533400,,,KELP,SEASHELLS,2043,1
533400,,SUBMISSION,RAINFOREST_RESIN,SEASHELLS,9997,3
533700,,,SQUID_INK,SEASHELLS,1890,6
533700,,,RAINFOREST_RESIN,SEASHELLS,10008,1
533700,,,KELP,SEASHELLS,2047,6
533800,,,SQUID_INK,SEASHELLS,1890,1
533800,,,KELP,SEASHELLS,2043,1
534100,,,SQUID_INK,SEASHELLS,1887,1
534100,,,KELP,SEASHELLS,2045,1
534900,,,KELP,SEASHELLS,2047,7
534900,,,SQUID_INK,SEASHELLS,1883,7
535000,,,SQUID_INK,SEASHELLS,1883,1
535000,,,KELP,SEASHELLS,2045,1
535000,,,RAINFOREST_RESIN,SEASHELLS,10001,1
535300,,,KELP,SEASHELLS,2047,14
535300,,,KELP,SEASHELLS,2044,2
535300,,,SQUID_INK,SEASHELLS,1878,2
535300,,,SQUID_INK,SEASHELLS,1881,14
535500,,,RAINFOREST_RESIN,SEASHELLS,9998,5
535600,,,KELP,SEASHELLS,2045,1
535600,,,KELP,SEASHELLS,2046,1
535600,,,SQUID_INK,SEASHELLS,1878,1
535900,SUBMISSION,,RAINFOREST_RESIN,SEASHELLS,10002,2
536200,,,SQUID_INK,SEASHELLS,1879,1
536200,,,KELP,SEASHELLS,2046,1
536800,,,KELP,SEASHELLS,2045,2
536800,,,SQUID_INK,SEASHELLS,1885,2
537100,,,KELP,SEASHELLS,2045,5
537100,,,SQUID_INK,SEASHELLS,1887,5
537300,,,SQUID_INK,SEASHELLS,1888,11
537300,,,SQUID_INK,SEASHELLS,1888,4
537300,,,KELP,SEASHELLS,2045,4
537500,,,KELP,SEASHELLS,2047,2
537500,,,SQUID_INK,SEASHELLS,1894,2
537600,,,SQUID_INK,SEASHELLS,1893,1
537600,,,KELP,SEASHELLS,2048,1
537600,,SUBMISSION,RAINFOREST_RESIN,SEASHELLS,10002,2
537600,,,RAINFOREST_RESIN,SEASHELLS,10002,2
537900,,,KELP,SEASHELLS,2044,1
538100,,,SQUID_INK,SEASHELLS,1892,1
538100,,,KELP,SEASHELLS,2044,1
538300,,,KELP,SEASHELLS,2046,1
538400,,,KELP,SEASHELLS,2046,1
538400,,,SQUID_INK,SEASHELLS,1895,1
538500,,,KELP,SEASHELLS,2046,1
538500,,,KELP,SEASHELLS,2044,7
538500,,,SQUID_INK,SEASHELLS,1894,1
538500,,,SQUID_INK,SEASHELLS,1892,7
538500,,,SQUID_INK,SEASHELLS,1894,3
538500,,,KELP,SEASHELLS,2046,3
538700,,,KELP,SEASHELLS,2044,1
538700,,,SQUID_INK,SEASHELLS,1889,1
538800,,,SQUID_INK,SEASHELLS,1890,1
538800,,,KELP,SEASHELLS,2044,1
539000,SUBMISSION,,RAINFOREST_RESIN,SEASHELLS,9997,7
539200,,SUBMISSION,RAINFOREST_RESIN,SEASHELLS,10002,7
539300,,,SQUID_INK,SEASHELLS,1888,2
539300,,,KELP,SEASHELLS,2047,2
539300,,,SQUID_INK,SEASHELLS,1885,1
539300,,,KELP,SEASHELLS,2043,1
539400,,,SQUID_INK,SEASHELLS,1886,2
539400,SUBMISSION,,KELP,SEASHELLS,2045,2
539600,,,RAINFOREST_RESIN,SEASHELLS,10008,8
539700,,,SQUID_INK,SEASHELLS,1886,1
539700,,,KELP,SEASHELLS,2043,1
539700,,SUBMISSION,KELP,SEASHELLS,2046,1
540000,,,RAINFOREST_RESIN,SEASHELLS,10008,4
540100,,,RAINFOREST_RESIN,SEASHELLS,10003,1
540500,,,SQUID_INK,SEASHELLS,1882,1
540500,SUBMISSION,,SQUID_INK,SEASHELLS,1880,8
540500,,,KELP,SEASHELLS,2043,8
540500,,,KELP,SEASHELLS,2044,1
540500,,,SQUID_INK,SEASHELLS,1879,4
540500,SUBMISSION,,RAINFOREST_RESIN,SEASHELLS,9997,4
540500,,,KELP,SEASHELLS,2044,3
540700,,,SQUID_INK,SEASHELLS,1885,2
540800,,,RAINFOREST_RESIN,SEASHELLS,10008,1
540800,,SUBMISSION,RAINFOREST_RESIN,SEASHELLS,10002,4
540800,,,RAINFOREST_RESIN,SEASHELLS,10002,4
541600,,SUBMISSION,KELP,SEASHELLS,2045,1
541900,,,RAINFOREST_RESIN,SEASHELLS,10008,4
541900,,,SQUID_INK,SEASHELLS,1883,1
541900,,,KELP,SEASHELLS,2046,1
542100,,,SQUID_INK,SEASHELLS,1886,1
542100,,,SQUID_INK,SEASHELLS,1883,1
542100,,,KELP,SEASHELLS,2047,1
542100,,,KELP,SEASHELLS,2043,1
542200,,,RAINFOREST_RESIN,SEASHELLS,10008,2
542300,,,RAINFOREST_RESIN,SEASHELLS,10008,1
542500,,SUBMISSION,SQUID_INK,SEASHELLS,1888,8
543100,,,KELP,SEASHELLS,2044,6
543100,,,KELP,SEASHELLS,2044,2
543100,,,SQUID_INK,SEASHELLS,1885,8
543300,,,SQUID_INK,SEASHELLS,1888,8
543300,,,KELP,SEASHELLS,2044,1
543300,,,SQUID_INK,SEASHELLS,1888,1
543300,,,KELP,SEASHELLS,2044,8
543400,,,KELP,SEASHELLS,2047,15
543400,,,SQUID_INK,SEASHELLS,1892,15
543600,,,SQUID_INK,SEASHELLS,1892,1
543600,,,KELP,SEASHELLS,2044,1
543600,,,RAINFOREST_RESIN,SEASHELLS,9999,1
543700,SUBMISSION,,RAINFOREST_RESIN,SEASHELLS,10002,1
543800,,,RAINFOREST_RESIN,SEASHELLS,9998,4
543800,,SUBMISSION,RAINFOREST_RESIN,SEASHELLS,9997,2
544400,,,KELP,SEASHELLS,2044,2
544400,,,SQUID_INK,SEASHELLS,1894,2
544600,,,RAINFOREST_RESIN,SEASHELLS,10008,2
545200,,,KELP,SEASHELLS,2047,2
545200,,,RAINFOREST_RESIN,SEASHELLS,9999,1
545200,,,SQUID_INK,SEASHELLS,1905,2
545400,,,RAINFOREST_RESIN,SEASHELLS,10001,1
545400,,,RAINFOREST_RESIN,SEASHELLS,9997,6
545500,,,RAINFOREST_RESIN,SEASHELLS,9999,1
545600,,,RAINFOREST_RESIN,SEASHELLS,9999,1
545600,,,SQUID_INK,SEASHELLS,1917,2
545600,,,KELP,SEASHELLS,2046,2
545800,,,RAINFOREST_RESIN,SEASHELLS,9997,6
546100,,,SQUID_INK,SEASHELLS,1907,1
546100,,,KELP,SEASHELLS,2046,1
546100,,,RAINFOREST_RESIN,SEASHELLS,9999,1
546200,,,SQUID_INK,SEASHELLS,1905,7
546200,,,KELP,SEASHELLS,2044,2
546500,,,RAINFOREST_RESIN,SEASHELLS,10008,4
546600,,,SQUID_INK,SEASHELLS,1903,10
546600,,,KELP,SEASHELLS,2044,9
546600,,,KELP,SEASHELLS,2044,1
547100,,,KELP,SEASHELLS,2046,1
547100,,,SQUID_INK,SEASHELLS,1906,1
547200,,,KELP,SEASHELLS,2046,1
547200,,,SQUID_INK,SEASHELLS,1907,1
547300,,,SQUID_INK,SEASHELLS,1908,1
547300,SUBMISSION,,RAINFOREST_RESIN,SEASHELLS,9997,2
547300,,,KELP,SEASHELLS,2045,1
547400,,,KELP,SEASHELLS,2044,5
547400,,,SQUID_INK,SEASHELLS,1909,5
547800,SUBMISSION,,RAINFOREST_RESIN,SEASHELLS,9997,6
548200,,,SQUID_INK,SEASHELLS,1917,5
548200,,,KELP,SEASHELLS,2045,5
548500,,,KELP,SEASHELLS,2046,1
548500,,SUBMISSION,RAINFOREST_RESIN,SEASHELLS,9997,2
548500,,,SQUID_INK,SEASHELLS,1918,1
548800,,,SQUID_INK,SEASHELLS,1915,13
548800,,,KELP,SEASHELLS,2043,13
549300,,,KELP,SEASHELLS,2043,4
549400,,,KELP,SEASHELLS,2043,1
549400,,,SQUID_INK,SEASHELLS,1920,1
549400,,SUBMISSION,RAINFOREST_RESIN,SEASHELLS,10002,6
549400,,,SQUID_INK,SEASHELLS,1921,3
549400,,,KELP,SEASHELLS,2046,1
549400,,,KELP,SEASHELLS,2043,4
549400,,,SQUID_INK,SEASHELLS,1921,1
549600,,,SQUID_INK,SEASHELLS,1918,1
549600,,,KELP,SEASHELLS,2045,1
549700,,,KELP,SEASHELLS,2046,5
549700,,,SQUID_INK,SEASHELLS,1916,5
549800,,,SQUID_INK,SEASHELLS,1911,2
549800,,,KELP,SEASHELLS,2047,2
549900,,,RAINFOREST_RESIN,SEASHELLS,10008,5
550000,,,RAINFOREST_RESIN,SEASHELLS,9999,1
550000,SUBMISSION,,RAINFOREST_RESIN,SEASHELLS,9993,6
550300,,,SQUID_INK,SEASHELLS,1901,1
550300,,,KELP,SEASHELLS,2044,1
550500,,,KELP,SEASHELLS,2044,1
550500,,,SQUID_INK,SEASHELLS,1906,1
550700,,,SQUID_INK,SEASHELLS,1906,1
550700,,,KELP,SEASHELLS,2043,1
551200,,,KELP,SEASHELLS,2045,1
551400,,SUBMISSION,RAINFOREST_RESIN,SEASHELLS,10002,6
551400,,,KELP,SEASHELLS,2046,12
551400,,,SQUID_INK,SEASHELLS,1899,12
551700,,,SQUID_INK,SEASHELLS,1902,1
551700,,,KELP,SEASHELLS,2045,1
552200,,,KELP,SEASHELLS,2045,1
552300,SUBMISSION,,RAINFOREST_RESIN,SEASHELLS,9997,4
552500,,,SQUID_INK,SEASHELLS,1916,2
552500,,,KELP,SEASHELLS,2045,2
552600,,,SQUID_INK,SEASHELLS,1912,4
552600,,,KELP,SEASHELLS,2043,4
552600,SUBMISSION,,RAINFOREST_RESIN,SEASHELLS,9995,8
552900,,,SQUID_INK,SEASHELLS,1916,1
553000,,SUBMISSION,RAINFOREST_RESIN,SEASHELLS,10002,4
553000,,,SQUID_INK,SEASHELLS,1914,1
553000,,,KELP,SEASHELLS,2046,1
553100,,,SQUID_INK,SEASHELLS,1912,1
553100,,,KELP,SEASHELLS,2042,14
553300,,,KELP,SEASHELLS,2042,1
553300,,,SQUID_INK,SEASHELLS,1915,1
553700,,SUBMISSION,RAINFOREST_RESIN,SEASHELLS,9997,8
553800,,,SQUID_INK,SEASHELLS,1913,1
553800,,,KELP,SEASHELLS,2045,1
554200,,,KELP,SEASHELLS,2042,1
554200,,,SQUID_INK,SEASHELLS,1913,1
554400,,,RAINFOREST_RESIN,SEASHELLS,9998,3
554600,SUBMISSION,,RAINFOREST_RESIN,SEASHELLS,10002,1
554800,,SUBMISSION,RAINFOREST_RESIN,SEASHELLS,9998,1
554900,,,KELP,SEASHELLS,2044,1
555100,,,RAINFOREST_RESIN,SEASHELLS,9999,1
555200,SUBMISSION,,RAINFOREST_RESIN,SEASHELLS,9995,2
555200,,,KELP,SEASHELLS,2045,1
555200,,,SQUID_INK,SEASHELLS,1913,1
555300,,,SQUID_INK,SEASHELLS,1917,1
555300,,,KELP,SEASHELLS,2045,1
555700,,,KELP,SEASHELLS,2042,1
555900,,,KELP,SEASHELLS,2044,4
555900,,,SQUID_INK,SEASHELLS,1916,4
556100,SUBMISSION,,RAINFOREST_RESIN,SEASHELLS,9997,2
556200,,,SQUID_INK,SEASHELLS,1910,1
556200,,,KELP,SEASHELLS,2044,1
556300,,,SQUID_INK,SEASHELLS,1908,2
556400,,,SQUID_INK,SEASHELLS,1909,6
556400,,,SQUID_INK,SEASHELLS,1909,3
556400,,,KELP,SEASHELLS,2043,6
556500,,,SQUID_INK,SEASHELLS,1907,2
556500,,,KELP,SEASHELLS,2042,2
556700,,,SQUID_INK,SEASHELLS,1911,1
556700,,,KELP,SEASHELLS,2042,1
557000,,SUBMISSION,RAINFOREST_RESIN,SEASHELLS,10002,1
557400,,SUBMISSION,RAINFOREST_RESIN,SEASHELLS,10007,2
557500,,,KELP,SEASHELLS,2042,8
557500,,,SQUID_INK,SEASHELLS,1917,8
557500,,,KELP,SEASHELLS,2042,1
557500,,,SQUID_INK,SEASHELLS,1917,1
557700,,,RAINFOREST_RESIN,SEASHELLS,10002,6
557700,,SUBMISSION,RAINFOREST_RESIN,SEASHELLS,10002,1
557800,,,KELP,SEASHELLS,2044,1
557800,,,SQUID_INK,SEASHELLS,1917,1
557900,SUBMISSION,,RAINFOREST_RESIN,SEASHELLS,10002,1
557900,,,SQUID_INK,SEASHELLS,1920,1
558200,,,SQUID_INK,SEASHELLS,1921,1
558200,,,KELP,SEASHELLS,2044,1
558300,,SUBMISSION,RAINFOREST_RESIN,SEASHELLS,10002,1
558300,,,SQUID_INK,SEASHELLS,1917,1
558300,,,KELP,SEASHELLS,2042,1
558400,SUBMISSION,,RAINFOREST_RESIN,SEASHELLS,9995,1
558400,,,KELP,SEASHELLS,2043,1
558400,,,SQUID_INK,SEASHELLS,1919,1
558500,,,KELP,SEASHELLS,2043,5
558500,,,SQUID_INK,SEASHELLS,1919,5
558500,,,KELP,SEASHELLS,2043,1
558500,,,SQUID_INK,SEASHELLS,1918,1
558800,,,SQUID_INK,SEASHELLS,1918,4
558800,,,KELP,SEASHELLS,2043,4
558900,,,KELP,SEASHELLS,2043,1
558900,,,SQUID_INK,SEASHELLS,1916,1
559400,,,KELP,SEASHELLS,2043,1
559400,,,SQUID_INK,SEASHELLS,1919,1
559600,,,SQUID_INK,SEASHELLS,1917,1
559600,,,KELP,SEASHELLS,2043,1
559800,SUBMISSION,,RAINFOREST_RESIN,SEASHELLS,9997,2
560100,,,KELP,SEASHELLS,2046,1
560100,,,SQUID_INK,SEASHELLS,1923,1
560900,SUBMISSION,,RAINFOREST_RESIN,SEASHELLS,9997,5
561000,,,SQUID_INK,SEASHELLS,1917,1
561000,,,KELP,SEASHELLS,2043,1
561100,,SUBMISSION,RAINFOREST_RESIN,SEASHELLS,10000,4
561100,,,KELP,SEASHELLS,2043,1
561100,,,SQUID_INK,SEASHELLS,1918,1
561700,,,KELP,SEASHELLS,2045,1
561700,,,SQUID_INK,SEASHELLS,1923,1
561800,,SUBMISSION,RAINFOREST_RESIN,SEASHELLS,10002,5
562400,,,RAINFOREST_RESIN,SEASHELLS,10008,1
562500,SUBMISSION,,RAINFOREST_RESIN,SEASHELLS,9997,4
562600,,SUBMISSION,RAINFOREST_RESIN,SEASHELLS,9998,4
562600,,,SQUID_INK,SEASHELLS,1926,8
562600,,,KELP,SEASHELLS,2046,8
562800,,,KELP,SEASHELLS,2046,11
562800,,,SQUID_INK,SEASHELLS,1924,11
563400,,,KELP,SEASHELLS,2042,14
563400,,,SQUID_INK,SEASHELLS,1919,14
563400,,,SQUID_INK,SEASHELLS,1920,10
563400,,,KELP,SEASHELLS,2043,10
563400,,,RAINFOREST_RESIN,SEASHELLS,9998,5
564100,,,RAINFOREST_RESIN,SEASHELLS,10008,2
564300,,,KELP,SEASHELLS,2043,11
564300,,,SQUID_INK,SEASHELLS,1915,4
564300,,,KELP,SEASHELLS,2043,4
564300,,,SQUID_INK,SEASHELLS,1915,11
564600,,,KELP,SEASHELLS,2045,1
564600,,,RAINFOREST_RESIN,SEASHELLS,10008,5
564600,,,SQUID_INK,SEASHELLS,1917,1
565000,,,KELP,SEASHELLS,2043,2
565000,,,SQUID_INK,SEASHELLS,1915,2
565100,,,KELP,SEASHELLS,2044,1
565100,,,SQUID_INK,SEASHELLS,1914,1
565200,,,SQUID_INK,SEASHELLS,1914,1
565500,,,SQUID_INK,SEASHELLS,1910,1
565500,,,KELP,SEASHELLS,2045,1
565600,,,KELP,SEASHELLS,2043,14
565600,SUBMISSION,,SQUID_INK,SEASHELLS,1909,14
565900,,,SQUID_INK,SEASHELLS,1907,10
565900,,,KELP,SEASHELLS,2044,10
566000,,,KELP,SEASHELLS,2045,1
566000,,,SQUID_INK,SEASHELLS,1904,1
566000,SUBMISSION,,SQUID_INK,SEASHELLS,1904,1
566100,,,KELP,SEASHELLS,2045,1
566300,,,RAINFOREST_RESIN,SEASHELLS,10008,2
566400,,,KELP,SEASHELLS,2046,5
566400,,,SQUID_INK,SEASHELLS,1897,5
566500,,,KELP,SEASHELLS,2046,1
566500,,,SQUID_INK,SEASHELLS,1898,1
566800,,,SQUID_INK,SEASHELLS,1898,1
566800,,,KELP,SEASHELLS,2043,1
567300,,,SQUID_INK,SEASHELLS,1901,1
567300,,,KELP,SEASHELLS,2046,1
567500,,,KELP,SEASHELLS,2043,1
567500,,,SQUID_INK,SEASHELLS,1897,1
568300,,,KELP,SEASHELLS,2043,1
568300,,,RAINFOREST_RESIN,SEASHELLS,9999,1
568300,,,SQUID_INK,SEASHELLS,1892,1
568400,,,KELP,SEASHELLS,2045,1
568400,,,SQUID_INK,SEASHELLS,1895,1
568600,,,KELP,SEASHELLS,2046,15
568600,,,SQUID_INK,SEASHELLS,1897,13
568600,,,SQUID_INK,SEASHELLS,1897,2
568800,SUBMISSION,,RAINFOREST_RESIN,SEASHELLS,10002,1
568900,,,SQUID_INK,SEASHELLS,1894,5
569100,,,KELP,SEASHELLS,2043,1
569100,,,SQUID_INK,SEASHELLS,1887,1
569400,,SUBMISSION,RAINFOREST_RESIN,SEASHELLS,10002,1
569800,SUBMISSION,,RAINFOREST_RESIN,SEASHELLS,9995,2
570200,,SUBMISSION,RAINFOREST_RESIN,SEASHELLS,10006,2
570300,,,SQUID_INK,SEASHELLS,1874,1
570300,,,KELP,SEASHELLS,2045,1
570600,,,KELP,SEASHELLS,2045,6
571600,,,KELP,SEASHELLS,2046,1
571700,,,KELP,SEASHELLS,2044,3
571700,,,SQUID_INK,SEASHELLS,1863,3
571700,,,KELP,SEASHELLS,2044,1
571700,,,SQUID_INK,SEASHELLS,1862,1
571800,,,SQUID_INK,SEASHELLS,1866,1
571800,,,KELP,SEASHELLS,2046,1
571900,,,SQUID_INK,SEASHELLS,1864,2
571900,,,KELP,SEASHELLS,2043,2
572500,,,SQUID_INK,SEASHELLS,1874,11
572500,,,KELP,SEASHELLS,2047,11
572800,SUBMISSION,,RAINFOREST_RESIN,SEASHELLS,9997,6
572800,,SUBMISSION,SQUID_INK,SEASHELLS,1882,2
572800,,,KELP,SEASHELLS,2045,2
573000,,SUBMISSION,SQUID_INK,SEASHELLS,1884,13
573400,,SUBMISSION,RAINFOREST_RESIN,SEASHELLS,10002,6
573700,,,KELP,SEASHELLS,2045,1
573700,,,SQUID_INK,SEASHELLS,1885,1
573900,SUBMISSION,,RAINFOREST_RESIN,SEASHELLS,9997,7
573900,SUBMISSION,,RAINFOREST_RESIN,SEASHELLS,9997,2
574000,,,SQUID_INK,SEASHELLS,1887,1
574000,,,KELP,SEASHELLS,2044,1
574200,,,KELP,SEASHELLS,2047,2
574200,,,SQUID_INK,SEASHELLS,1889,2
574600,,,SQUID_INK,SEASHELLS,1887,5
574600,,,KELP,SEASHELLS,2045,5
574800,,,KELP,SEASHELLS,2044,1
574800,,,SQUID_INK,SEASHELLS,1885,1
575200,,SUBMISSION,RAINFOREST_RESIN,SEASHELLS,10002,8
575600,,,KELP,SEASHELLS,2046,1
575700,,,KELP,SEASHELLS,2045,3
575700,SUBMISSION,,RAINFOREST_RESIN,SEASHELLS,10002,1
575800,,,SQUID_INK,SEASHELLS,1883,1
575800,,,KELP,SEASHELLS,2046,1
575800,SUBMISSION,,SQUID_INK,SEASHELLS,1883,1
575900,,,SQUID_INK,SEASHELLS,1883,1
575900,,,KELP,SEASHELLS,2046,1
576000,SUBMISSION,,RAINFOREST_RESIN,SEASHELLS,10000,6
576200,,,SQUID_INK,SEASHELLS,1883,1
576200,,,KELP,SEASHELLS,2044,1
576300,,,RAINFOREST_RESIN,SEASHELLS,10002,1
576400,,SUBMISSION,RAINFOREST_RESIN,SEASHELLS,9997,8
576700,,,RAINFOREST_RESIN,SEASHELLS,9998,3
576900,,,RAINFOREST_RESIN,SEASHELLS,10002,1
577600,,,SQUID_INK,SEASHELLS,1892,4
577800,,,RAINFOREST_RESIN,SEASHELLS,9999,1
577900,,,SQUID_INK,SEASHELLS,1893,1
577900,,,KELP,SEASHELLS,2045,1
578200,,,RAINFOREST_RESIN,SEASHELLS,10002,1
578200,,,KELP,SEASHELLS,2045,15
578200,,,SQUID_INK,SEASHELLS,1892,15
578300,,,SQUID_INK,SEASHELLS,1895,1
578300,,,KELP,SEASHELLS,2047,1
578500,,,SQUID_INK,SEASHELLS,1892,4
578500,,,KELP,SEASHELLS,2045,4
578500,SUBMISSION,,RAINFOREST_RESIN,SEASHELLS,9997,7
578500,,,KELP,SEASHELLS,2045,1
578500,,,SQUID_INK,SEASHELLS,1892,1
578800,,,KELP,SEASHELLS,2047,1
578800,,,SQUID_INK,SEASHELLS,1890,1
579000,,,KELP,SEASHELLS,2044,1
579000,,SUBMISSION,RAINFOREST_RESIN,SEASHELLS,10002,5
579000,,,SQUID_INK,SEASHELLS,1888,2
579000,,,KELP,SEASHELLS,2046,2
579000,,,SQUID_INK,SEASHELLS,1886,1
579200,,,KELP,SEASHELLS,2047,2
579200,,,SQUID_INK,SEASHELLS,1887,2
579300,SUBMISSION,,RAINFOREST_RESIN,SEASHELLS,10002,1
579300,,,SQUID_INK,SEASHELLS,1888,1
579300,,,KELP,SEASHELLS,2047,1
579400,,SUBMISSION,RAINFOREST_RESIN,SEASHELLS,9998,3
579500,,,KELP,SEASHELLS,2045,2
579600,,,KELP,SEASHELLS,2046,1
579600,,,SQUID_INK,SEASHELLS,1888,1
579600,,,SQUID_INK,SEASHELLS,1888,2
579700,,,RAINFOREST_RESIN,SEASHELLS,9999,1
580000,,,SQUID_INK,SEASHELLS,1891,1
580000,,,KELP,SEASHELLS,2044,1
580100,,,KELP,SEASHELLS,2047,9
580100,,,KELP,SEASHELLS,2047,2
580100,,,SQUID_INK,SEASHELLS,1895,11
580300,,SUBMISSION,SQUID_INK,SEASHELLS,1896,1
580400,,,RAINFOREST_RESIN,SEASHELLS,9999,1
580900,,,RAINFOREST_RESIN,SEASHELLS,10002,1
581000,,,KELP,SEASHELLS,2045,6
581000,,,KELP,SEASHELLS,2045,5
581000,,,SQUID_INK,SEASHELLS,1896,2
581000,,,SQUID_INK,SEASHELLS,1896,6
581000,,,SQUID_INK,SEASHELLS,1896,3
582400,SUBMISSION,,RAINFOREST_RESIN,SEASHELLS,9997,4
582500,,,KELP,SEASHELLS,2048,2
582500,,,SQUID_INK,SEASHELLS,1900,2
582500,,,SQUID_INK,SEASHELLS,1900,10
582500,,,KELP,SEASHELLS,2048,10
582600,,,KELP,SEASHELLS,2048,2
582600,,,SQUID_INK,SEASHELLS,1902,2
582600,,,KELP,SEASHELLS,2044,1
582600,,,SQUID_INK,SEASHELLS,1899,1
582700,,,SQUID_INK,SEASHELLS,1899,1
582700,,,KELP,SEASHELLS,2044,1
583000,,,KELP,SEASHELLS,2045,1
583000,,,SQUID_INK,SEASHELLS,1900,1
583200,,,SQUID_INK,SEASHELLS,1902,2
583200,,,KELP,SEASHELLS,2046,2
583700,,,SQUID_INK,SEASHELLS,1897,9
583700,,,KELP,SEASHELLS,2048,9
584100,,,KELP,SEASHELLS,2047,1
584100,,,SQUID_INK,SEASHELLS,1895,1
584200,,,KELP,SEASHELLS,2049,2
584200,,,SQUID_INK,SEASHELLS,1897,2
584500,,,KELP,SEASHELLS,2045,1
584500,,,SQUID_INK,SEASHELLS,1898,1
584700,,,KELP,SEASHELLS,2045,7
584700,,,SQUID_INK,SEASHELLS,1897,7
584800,,SUBMISSION,RAINFOREST_RESIN,SEASHELLS,10002,3
584900,SUBMISSION,,RAINFOREST_RESIN,SEASHELLS,9997,1
585000,,,SQUID_INK,SEASHELLS,1901,1
585000,,,KELP,SEASHELLS,2047,1
585200,,,SQUID_INK,SEASHELLS,1905,1
585200,,,KELP,SEASHELLS,2048,1
585500,,SUBMISSION,RAINFOREST_RESIN,SEASHELLS,10002,2
585900,,,SQUID_INK,SEASHELLS,1903,2
585900,,,SQUID_INK,SEASHELLS,1903,7
585900,SUBMISSION,,KELP,SEASHELLS,2046,10
585900,,,SQUID_INK,SEASHELLS,1903,1
586000,SUBMISSION,,KELP,SEASHELLS,2046,2
586000,,,SQUID_INK,SEASHELLS,1904,2
586100,,,KELP,SEASHELLS,2045,1
586100,,,SQUID_INK,SEASHELLS,1904,1
586300,,,KELP,SEASHELLS,2045,1
586400,SUBMISSION,,RAINFOREST_RESIN,SEASHELLS,9995,5
586400,,,SQUID_INK,SEASHELLS,1904,1
586400,,,KELP,SEASHELLS,2045,1
586700,,SUBMISSION,RAINFOREST_RESIN,SEASHELLS,10007,1
587100,,,KELP,SEASHELLS,2046,1
587100,,,SQUID_INK,SEASHELLS,1902,1
587400,,SUBMISSION,KELP,SEASHELLS,2048,1
587500,,,KELP,SEASHELLS,2046,2
587500,SUBMISSION,,RAINFOREST_RESIN,SEASHELLS,9997,5
587800,,,SQUID_INK,SEASHELLS,1904,2
587800,,,KELP,SEASHELLS,2049,2
587900,,,SQUID_INK,SEASHELLS,1901,1
587900,,,KELP,SEASHELLS,2046,1
588000,,,KELP,SEASHELLS,2046,1
588000,,,SQUID_INK,SEASHELLS,1900,1
588000,SUBMISSION,,RAINFOREST_RESIN,SEASHELLS,9997,6
588300,,,SQUID_INK,SEASHELLS,1902,1
588300,,,KELP,SEASHELLS,2045,1
588400,,SUBMISSION,RAINFOREST_RESIN,SEASHELLS,10002,8
588600,,SUBMISSION,RAINFOREST_RESIN,SEASHELLS,9997,7
588700,,,KELP,SEASHELLS,2045,1
588700,,,SQUID_INK,SEASHELLS,1898,1
588800,,,SQUID_INK,SEASHELLS,1901,1
588800,,,KELP,SEASHELLS,2047,1
589100,,,KELP,SEASHELLS,2048,1
589100,,,SQUID_INK,SEASHELLS,1901,1
590100,,SUBMISSION,KELP,SEASHELLS,2047,1
590700,,,SQUID_INK,SEASHELLS,1898,1
590700,,,KELP,SEASHELLS,2044,1
590800,SUBMISSION,,RAINFOREST_RESIN,SEASHELLS,10002,1
590900,,,KELP,SEASHELLS,2047,2
590900,,,SQUID_INK,SEASHELLS,1901,2
591000,,SUBMISSION,RAINFOREST_RESIN,SEASHELLS,10007,1
591200,,SUBMISSION,KELP,SEASHELLS,2046,3
591700,,SUBMISSION,KELP,SEASHELLS,2047,1
591700,,,RAINFOREST_RESIN,SEASHELLS,10008,1
591700,,,RAINFOREST_RESIN,SEASHELLS,10008,4
592000,,,RAINFOREST_RESIN,SEASHELLS,9999,1
592100,,,SQUID_INK,SEASHELLS,1897,1
592100,,,KELP,SEASHELLS,2045,1
592300,,SUBMISSION,KELP,SEASHELLS,2047,1
592600,,,KELP,SEASHELLS,2047,5
592600,,,SQUID_INK,SEASHELLS,1899,5
592900,,,KELP,SEASHELLS,2048,8
592900,,,SQUID_INK,SEASHELLS,1897,8
593100,SUBMISSION,,RAINFOREST_RESIN,SEASHELLS,10002,1
593300,SUBMISSION,,SQUID_INK,SEASHELLS,1894,1
593300,,,KELP,SEASHELLS,2045,1
593300,,SUBMISSION,KELP,SEASHELLS,2047,1
593400,,,SQUID_INK,SEASHELLS,1892,2
593400,,SUBMISSION,RAINFOREST_RESIN,SEASHELLS,9996,1
593500,,,SQUID_INK,SEASHELLS,1894,5
593600,,,SQUID_INK,SEASHELLS,1893,8
593600,,,KELP,SEASHELLS,2045,2
593600,,,KELP,SEASHELLS,2045,6
593700,SUBMISSION,,RAINFOREST_RESIN,SEASHELLS,10001,7
593700,,,RAINFOREST_RESIN,SEASHELLS,10001,0
593700,,,RAINFOREST_RESIN,SEASHELLS,10001,1
593700,SUBMISSION,,RAINFOREST_RESIN,SEASHELLS,10001,1
593800,SUBMISSION,,RAINFOREST_RESIN,SEASHELLS,10002,1
593900,,,KELP,SEASHELLS,2045,1
593900,,,SQUID_INK,SEASHELLS,1895,1
594500,,,KELP,SEASHELLS,2044,1
594500,,,SQUID_INK,SEASHELLS,1894,1
594600,,,SQUID_INK,SEASHELLS,1894,1
594600,,,KELP,SEASHELLS,2045,1
594800,,SUBMISSION,KELP,SEASHELLS,2047,1
595000,,,KELP,SEASHELLS,2047,3
595000,,,SQUID_INK,SEASHELLS,1895,3
595000,,SUBMISSION,KELP,SEASHELLS,2047,3
595400,SUBMISSION,,RAINFOREST_RESIN,SEASHELLS,10002,1
595600,,SUBMISSION,SQUID_INK,SEASHELLS,1898,1
595800,,,SQUID_INK,SEASHELLS,1903,4
595800,,,KELP,SEASHELLS,2048,4
596100,,,KELP,SEASHELLS,2048,6
596100,SUBMISSION,,KELP,SEASHELLS,2046,2
596100,,,SQUID_INK,SEASHELLS,1898,2
596100,,,SQUID_INK,SEASHELLS,1901,6
596300,,SUBMISSION,RAINFOREST_RESIN,SEASHELLS,10002,6
596400,,SUBMISSION,KELP,SEASHELLS,2047,1
596400,,SUBMISSION,RAINFOREST_RESIN,SEASHELLS,9997,4
596400,,,RAINFOREST_RESIN,SEASHELLS,9998,4
596600,,,SQUID_INK,SEASHELLS,1904,1
596600,,,KELP,SEASHELLS,2048,1
596600,,SUBMISSION,KELP,SEASHELLS,2047,1
596700,,,SQUID_INK,SEASHELLS,1904,1
596700,,,SQUID_INK,SEASHELLS,1902,2
596700,,,KELP,SEASHELLS,2044,2
596700,,,KELP,SEASHELLS,2046,1
596900,,,SQUID_INK,SEASHELLS,1900,1
597300,,,RAINFOREST_RESIN,SEASHELLS,10008,1
597400,,,KELP,SEASHELLS,2047,1
597400,,,SQUID_INK,SEASHELLS,1900,2
597400,,,RAINFOREST_RESIN,SEASHELLS,10008,5
597900,,,RAINFOREST_RESIN,SEASHELLS,9999,1
597900,,,KELP,SEASHELLS,2046,1
597900,,,SQUID_INK,SEASHELLS,1897,1
598000,,,RAINFOREST_RESIN,SEASHELLS,10008,6
598100,,,SQUID_INK,SEASHELLS,1895,1
598300,,,RAINFOREST_RESIN,SEASHELLS,10003,2
598400,SUBMISSION,,RAINFOREST_RESIN,SEASHELLS,9997,4
598600,,,KELP,SEASHELLS,2044,4
598600,,,SQUID_INK,SEASHELLS,1894,4
598700,,,SQUID_INK,SEASHELLS,1895,3
598800,SUBMISSION,,RAINFOREST_RESIN,SEASHELLS,9997,2
600100,,,KELP,SEASHELLS,2044,1
600100,,,SQUID_INK,SEASHELLS,1893,1
600800,,,KELP,SEASHELLS,2044,1
600800,,,SQUID_INK,SEASHELLS,1896,1
601100,,,SQUID_INK,SEASHELLS,1898,1
601100,,,KELP,SEASHELLS,2047,1
601100,,,SQUID_INK,SEASHELLS,1899,2
601100,,,KELP,SEASHELLS,2048,2
601200,,,SQUID_INK,SEASHELLS,1896,1
601200,SUBMISSION,,KELP,SEASHELLS,2045,1
601500,,SUBMISSION,RAINFOREST_RESIN,SEASHELLS,10002,2
601600,,,SQUID_INK,SEASHELLS,1895,1
601600,,,KELP,SEASHELLS,2045,1
601800,,,KELP,SEASHELLS,2045,1
601900,,SUBMISSION,KELP,SEASHELLS,2046,1
602400,,,KELP,SEASHELLS,2045,1
602400,,,SQUID_INK,SEASHELLS,1896,2
602400,,,SQUID_INK,SEASHELLS,1893,1
602400,,,KELP,SEASHELLS,2048,2
602500,,,SQUID_INK,SEASHELLS,1896,2
602500,,,KELP,SEASHELLS,2048,2
602800,,,SQUID_INK,SEASHELLS,1895,1
602800,,,KELP,SEASHELLS,2047,1
602900,,,SQUID_INK,SEASHELLS,1894,7
602900,,,KELP,SEASHELLS,2046,7
602900,,,KELP,SEASHELLS,2048,1
602900,,,SQUID_INK,SEASHELLS,1896,1
603300,,,SQUID_INK,SEASHELLS,1896,1
603300,,,KELP,SEASHELLS,2045,1
603500,,SUBMISSION,RAINFOREST_RESIN,SEASHELLS,9997,4
603900,,,KELP,SEASHELLS,2047,2
603900,,,SQUID_INK,SEASHELLS,1899,8
603900,SUBMISSION,,KELP,SEASHELLS,2045,8
603900,,,SQUID_INK,SEASHELLS,1902,2
604000,SUBMISSION,,RAINFOREST_RESIN,SEASHELLS,9997,6
604300,,,KELP,SEASHELLS,2045,2
604300,,,SQUID_INK,SEASHELLS,1901,1
604300,,,KELP,SEASHELLS,2044,1
604600,,,SQUID_INK,SEASHELLS,1903,10
604600,,SUBMISSION,KELP,SEASHELLS,2046,8
604900,,,KELP,SEASHELLS,2044,1
604900,,,SQUID_INK,SEASHELLS,1899,1
605400,,,SQUID_INK,SEASHELLS,1896,1
605400,,,KELP,SEASHELLS,2044,1
605900,,,SQUID_INK,SEASHELLS,1900,1
605900,,,KELP,SEASHELLS,2046,1
605900,SUBMISSION,,RAINFOREST_RESIN,SEASHELLS,9997,1
606600,,SUBMISSION,RAINFOREST_RESIN,SEASHELLS,10002,1
606700,,,SQUID_INK,SEASHELLS,1904,9
606700,,,KELP,SEASHELLS,2044,9
606800,SUBMISSION,,KELP,SEASHELLS,2045,11
606800,,,SQUID_INK,SEASHELLS,1903,11
606900,,,SQUID_INK,SEASHELLS,1903,2
606900,,,SQUID_INK,SEASHELLS,1903,1
606900,,,KELP,SEASHELLS,2044,1
606900,,,KELP,SEASHELLS,2044,2
607300,SUBMISSION,,RAINFOREST_RESIN,SEASHELLS,10002,1
607300,,,SQUID_INK,SEASHELLS,1901,1
607300,,,KELP,SEASHELLS,2044,1
607400,SUBMISSION,,RAINFOREST_RESIN,SEASHELLS,9997,2
607800,SUBMISSION,,RAINFOREST_RESIN,SEASHELLS,10002,1
607900,SUBMISSION,,RAINFOREST_RESIN,SEASHELLS,9997,10
608000,,,KELP,SEASHELLS,2044,1
608000,,,SQUID_INK,SEASHELLS,1902,1
608100,,,SQUID_INK,SEASHELLS,1904,2
608400,,,SQUID_INK,SEASHELLS,1905,9
608400,,,KELP,SEASHELLS,2047,9
608600,,,SQUID_INK,SEASHELLS,1905,14
608600,,,KELP,SEASHELLS,2047,14
608700,,SUBMISSION,KELP,SEASHELLS,2046,7
609000,SUBMISSION,,RAINFOREST_RESIN,SEASHELLS,10000,6
609100,,,SQUID_INK,SEASHELLS,1906,1
609100,,,KELP,SEASHELLS,2044,1
609300,,,SQUID_INK,SEASHELLS,1905,1
609300,,,KELP,SEASHELLS,2044,1
609300,,,KELP,SEASHELLS,2044,8
609300,,,SQUID_INK,SEASHELLS,1905,8
609300,SUBMISSION,,RAINFOREST_RESIN,SEASHELLS,9997,6
609800,,,KELP,SEASHELLS,2044,1
609800,,,SQUID_INK,SEASHELLS,1910,1
610000,,,SQUID_INK,SEASHELLS,1912,1
610000,,SUBMISSION,RAINFOREST_RESIN,SEASHELLS,10002,6
610000,,,KELP,SEASHELLS,2044,1
610200,,SUBMISSION,RAINFOREST_RESIN,SEASHELLS,10002,7
610400,,,RAINFOREST_RESIN,SEASHELLS,9999,1
610500,,SUBMISSION,KELP,SEASHELLS,2046,1
610600,,SUBMISSION,RAINFOREST_RESIN,SEASHELLS,10005,2
610600,,,KELP,SEASHELLS,2047,2
610600,,,SQUID_INK,SEASHELLS,1920,2
610600,SUBMISSION,,RAINFOREST_RESIN,SEASHELLS,10000,6
610700,,SUBMISSION,KELP,SEASHELLS,2046,1
610700,,,SQUID_INK,SEASHELLS,1919,1
610800,,SUBMISSION,KELP,SEASHELLS,2046,1
610800,,,SQUID_INK,SEASHELLS,1922,4
611100,,,KELP,SEASHELLS,2044,1
611100,,SUBMISSION,RAINFOREST_RESIN,SEASHELLS,9998,1
611100,,,SQUID_INK,SEASHELLS,1918,2
611100,,,KELP,SEASHELLS,2044,4
611100,,,KELP,SEASHELLS,2047,2
611500,SUBMISSION,,RAINFOREST_RESIN,SEASHELLS,9997,1
611500,SUBMISSION,,RAINFOREST_RESIN,SEASHELLS,9997,7
611500,,,KELP,SEASHELLS,2046,1
611500,,,SQUID_INK,SEASHELLS,1922,1
611700,,,SQUID_INK,SEASHELLS,1921,1
611700,,,KELP,SEASHELLS,2044,1
612200,,,SQUID_INK,SEASHELLS,1917,1
612200,,,KELP,SEASHELLS,2044,1
612300,,,SQUID_INK,SEASHELLS,1921,14
612300,,,KELP,SEASHELLS,2047,14
612900,SUBMISSION,,SQUID_INK,SEASHELLS,1914,9
612900,,,KELP,SEASHELLS,2044,4
612900,,,KELP,SEASHELLS,2044,5
613100,SUBMISSION,,RAINFOREST_RESIN,SEASHELLS,9997,5
613200,,,SQUID_INK,SEASHELLS,1914,1
613200,,,KELP,SEASHELLS,2046,1
613300,,,SQUID_INK,SEASHELLS,1914,1
613300,,,KELP,SEASHELLS,2046,1
613400,,,SQUID_INK,SEASHELLS,1910,5
613400,,,KELP,SEASHELLS,2044,3
613400,,,KELP,SEASHELLS,2044,2
613500,,,SQUID_INK,SEASHELLS,1910,1
613500,,,KELP,SEASHELLS,2044,1
613700,,,SQUID_INK,SEASHELLS,1912,1
613700,,,KELP,SEASHELLS,2044,1
614000,,,KELP,SEASHELLS,2043,1
614000,,,SQUID_INK,SEASHELLS,1911,1
614100,,,KELP,SEASHELLS,2044,2
614100,,,SQUID_INK,SEASHELLS,1911,2
614200,,,SQUID_INK,SEASHELLS,1912,1
614300,,,SQUID_INK,SEASHELLS,1913,1
614300,,,KELP,SEASHELLS,2045,1
614400,,,KELP,SEASHELLS,2043,1
614400,,,SQUID_INK,SEASHELLS,1910,1
614600,,,KELP,SEASHELLS,2045,7
614600,,,SQUID_INK,SEASHELLS,1912,7
614600,,,SQUID_INK,SEASHELLS,1913,1
614600,,,KELP,SEASHELLS,2046,1
614900,,SUBMISSION,RAINFOREST_RESIN,SEASHELLS,10002,5
615000,,,SQUID_INK,SEASHELLS,1913,8
615000,,,KELP,SEASHELLS,2043,8
615200,,,SQUID_INK,SEASHELLS,1915,1
615200,,,KELP,SEASHELLS,2045,1
615200,,,RAINFOREST_RESIN,SEASHELLS,9998,4
615200,,SUBMISSION,RAINFOREST_RESIN,SEASHELLS,9997,4
615300,,,SQUID_INK,SEASHELLS,1913,1
615300,,,KELP,SEASHELLS,2044,2
615500,,,SQUID_INK,SEASHELLS,1910,1
615500,,,KELP,SEASHELLS,2044,1
615800,,,KELP,SEASHELLS,2043,1
615800,,,SQUID_INK,SEASHELLS,1910,1
616200,SUBMISSION,,RAINFOREST_RESIN,SEASHELLS,9997,2
616400,,,KELP,SEASHELLS,2046,2
616400,,,SQUID_INK,SEASHELLS,1906,2
616500,,SUBMISSION,RAINFOREST_RESIN,SEASHELLS,10002,1
616900,,,SQUID_INK,SEASHELLS,1906,3
616900,,,KELP,SEASHELLS,2045,1
616900,,,SQUID_INK,SEASHELLS,1906,1
616900,,,KELP,SEASHELLS,2045,3
617600,,,SQUID_INK,SEASHELLS,1910,1
617600,,,KELP,SEASHELLS,2046,1
617600,,SUBMISSION,RAINFOREST_RESIN,SEASHELLS,9997,3
617600,,SUBMISSION,RAINFOREST_RESIN,SEASHELLS,9997,6
617600,,SUBMISSION,RAINFOREST_RESIN,SEASHELLS,9997,5
617700,SUBMISSION,,RAINFOREST_RESIN,SEASHELLS,9995,6
617800,SUBMISSION,,RAINFOREST_RESIN,SEASHELLS,9997,5
617900,SUBMISSION,,RAINFOREST_RESIN,SEASHELLS,9997,2
617900,,,KELP,SEASHELLS,2046,1
617900,,,SQUID_INK,SEASHELLS,1911,1
618300,,,KELP,SEASHELLS,2046,1
618400,,,KELP,SEASHELLS,2044,3
618400,,,SQUID_INK,SEASHELLS,1909,3
618500,,,KELP,SEASHELLS,2044,7
618500,,,SQUID_INK,SEASHELLS,1908,7
618600,,SUBMISSION,RAINFOREST_RESIN,SEASHELLS,10007,1
618800,,,KELP,SEASHELLS,2046,1
618800,,,SQUID_INK,SEASHELLS,1909,1
618900,,SUBMISSION,RAINFOREST_RESIN,SEASHELLS,10005,2
618900,SUBMISSION,,RAINFOREST_RESIN,SEASHELLS,10000,5
619200,,SUBMISSION,RAINFOREST_RESIN,SEASHELLS,10002,2
619400,SUBMISSION,,SQUID_INK,SEASHELLS,1901,10
619400,,,KELP,SEASHELLS,2044,2
619400,SUBMISSION,,SQUID_INK,SEASHELLS,1901,2
619400,,,KELP,SEASHELLS,2044,10
619400,,,SQUID_INK,SEASHELLS,1900,1
619400,,,KELP,SEASHELLS,2044,1
619500,,,SQUID_INK,SEASHELLS,1902,4
619500,,,SQUID_INK,SEASHELLS,1902,1
619500,,,KELP,SEASHELLS,2046,4
619600,,,SQUID_INK,SEASHELLS,1904,1
619600,,,KELP,SEASHELLS,2048,1
619700,SUBMISSION,,RAINFOREST_RESIN,SEASHELLS,10002,1
619800,,,KELP,SEASHELLS,2045,1
619800,,,SQUID_INK,SEASHELLS,1898,1
619900,,,SQUID_INK,SEASHELLS,1899,2
619900,,SUBMISSION,RAINFOREST_RESIN,SEASHELLS,9998,1
620000,,,SQUID_INK,SEASHELLS,1898,1
620000,,,KELP,SEASHELLS,2055,1
620100,SUBMISSION,,RAINFOREST_RESIN,SEASHELLS,9997,1
620400,SUBMISSION,,RAINFOREST_RESIN,SEASHELLS,9997,4
620600,,,KELP,SEASHELLS,2052,1
620600,,,SQUID_INK,SEASHELLS,1894,1
620900,,SUBMISSION,RAINFOREST_RESIN,SEASHELLS,10002,4
620900,,,RAINFOREST_RESIN,SEASHELLS,10002,0
620900,SUBMISSION,,RAINFOREST_RESIN,SEASHELLS,10002,7
621200,,,KELP,SEASHELLS,2052,4
621200,,,SQUID_INK,SEASHELLS,1896,4
621300,,,KELP,SEASHELLS,2051,1
621300,,,SQUID_INK,SEASHELLS,1896,3
621300,,,KELP,SEASHELLS,2051,3
621300,,,SQUID_INK,SEASHELLS,1896,1
621400,,,SQUID_INK,SEASHELLS,1897,8
621400,,,KELP,SEASHELLS,2051,8
621700,,SUBMISSION,RAINFOREST_RESIN,SEASHELLS,10002,5
622000,SUBMISSION,,RAINFOREST_RESIN,SEASHELLS,9997,2
622000,,SUBMISSION,SQUID_INK,SEASHELLS,1902,5
622500,,SUBMISSION,RAINFOREST_RESIN,SEASHELLS,10002,2
622600,,,KELP,SEASHELLS,2055,2
622600,,,SQUID_INK,SEASHELLS,1903,2
622700,,,SQUID_INK,SEASHELLS,1901,1
622700,,,KELP,SEASHELLS,2051,1
623000,,SUBMISSION,RAINFOREST_RESIN,SEASHELLS,10002,7
623200,SUBMISSION,,RAINFOREST_RESIN,SEASHELLS,10001,1
623600,SUBMISSION,,RAINFOREST_RESIN,SEASHELLS,10002,1
624000,,SUBMISSION,RAINFOREST_RESIN,SEASHELLS,10002,2
624100,SUBMISSION,,RAINFOREST_RESIN,SEASHELLS,9997,4
624100,,SUBMISSION,RAINFOREST_RESIN,SEASHELLS,10002,2
624200,,,SQUID_INK,SEASHELLS,1908,1
624200,,,KELP,SEASHELLS,2051,1
624400,,SUBMISSION,RAINFOREST_RESIN,SEASHELLS,9996,6
624400,,SUBMISSION,RAINFOREST_RESIN,SEASHELLS,9996,1
624600,,SUBMISSION,RAINFOREST_RESIN,SEASHELLS,9996,17
624600,,,RAINFOREST_RESIN,SEASHELLS,9992,4
624800,,,KELP,SEASHELLS,2053,3
624800,,SUBMISSION,SQUID_INK,SEASHELLS,1914,3
625200,,,SQUID_INK,SEASHELLS,1914,2
625200,,,KELP,SEASHELLS,2054,1
625300,,,RAINFOREST_RESIN,SEASHELLS,10008,2
625400,,,SQUID_INK,SEASHELLS,1912,5
625500,,,SQUID_INK,SEASHELLS,1914,9
625500,SUBMISSION,,RAINFOREST_RESIN,SEASHELLS,9997,5
625500,,,KELP,SEASHELLS,2054,9
625600,,,KELP,SEASHELLS,2053,1
625600,,,SQUID_INK,SEASHELLS,1911,1
625600,,SUBMISSION,RAINFOREST_RESIN,SEASHELLS,10002,5
625800,,,SQUID_INK,SEASHELLS,1909,1
625800,,,KELP,SEASHELLS,2053,1
626000,,,SQUID_INK,SEASHELLS,1907,1
626000,,,SQUID_INK,SEASHELLS,1910,9
626000,,,KELP,SEASHELLS,2051,1
626000,,,KELP,SEASHELLS,2054,9
626100,,,SQUID_INK,SEASHELLS,1907,1
626100,,,KELP,SEASHELLS,2051,1
626800,,,SQUID_INK,SEASHELLS,1902,1
626800,,,KELP,SEASHELLS,2051,1
627000,,,KELP,SEASHELLS,2051,1
627000,,,SQUID_INK,SEASHELLS,1902,1
627200,,,RAINFOREST_RESIN,SEASHELLS,9998,5
627300,SUBMISSION,,RAINFOREST_RESIN,SEASHELLS,9993,2
627400,,,SQUID_INK,SEASHELLS,1901,4
628000,,,KELP,SEASHELLS,2053,1
628000,,,SQUID_INK,SEASHELLS,1901,1
628800,,SUBMISSION,RAINFOREST_RESIN,SEASHELLS,10002,2
628800,,,RAINFOREST_RESIN,SEASHELLS,10008,2
628800,,,KELP,SEASHELLS,2051,2
628800,,,SQUID_INK,SEASHELLS,1901,2
628900,SUBMISSION,,RAINFOREST_RESIN,SEASHELLS,10002,1
629000,,,KELP,SEASHELLS,2051,1
629000,,SUBMISSION,RAINFOREST_RESIN,SEASHELLS,10007,1
629000,,,SQUID_INK,SEASHELLS,1904,1
629100,SUBMISSION,,RAINFOREST_RESIN,SEASHELLS,9997,8
629100,,SUBMISSION,SQUID_INK,SEASHELLS,1906,1
629200,,,KELP,SEASHELLS,2051,1
629200,,,SQUID_INK,SEASHELLS,1905,1
629300,,,KELP,SEASHELLS,2051,1
629300,,,SQUID_INK,SEASHELLS,1903,1
629400,,SUBMISSION,RAINFOREST_RESIN,SEASHELLS,9998,1
629900,,SUBMISSION,SQUID_INK,SEASHELLS,1906,12
630200,,,SQUID_INK,SEASHELLS,1908,7
630200,,,KELP,SEASHELLS,2054,7
630400,,,KELP,SEASHELLS,2051,4
630400,,,SQUID_INK,SEASHELLS,1904,4
630600,,,SQUID_INK,SEASHELLS,1905,7
630800,,,KELP,SEASHELLS,2051,5
630800,,,SQUID_INK,SEASHELLS,1900,5
631000,SUBMISSION,,RAINFOREST_RESIN,SEASHELLS,9993,2
631300,,,SQUID_INK,SEASHELLS,1903,4
631300,,,KELP,SEASHELLS,2051,4
631600,,,KELP,SEASHELLS,2050,1
631600,,,SQUID_INK,SEASHELLS,1904,1
631800,,,KELP,SEASHELLS,2051,2
631800,,,SQUID_INK,SEASHELLS,1904,2
631900,,,KELP,SEASHELLS,2051,1
631900,,,SQUID_INK,SEASHELLS,1904,1
632200,,,KELP,SEASHELLS,2053,1
632200,,,SQUID_INK,SEASHELLS,1905,1
632400,,,SQUID_INK,SEASHELLS,1906,1
632400,,,KELP,SEASHELLS,2052,1
633000,,,KELP,SEASHELLS,2051,6
633300,,,KELP,SEASHELLS,2050,1
633300,,,SQUID_INK,SEASHELLS,1908,1
633500,,,SQUID_INK,SEASHELLS,1912,1
633500,,,KELP,SEASHELLS,2053,1
633600,,,KELP,SEASHELLS,2051,13
633600,,,RAINFOREST_RESIN,SEASHELLS,9998,4
633600,,,SQUID_INK,SEASHELLS,1911,13
633600,,SUBMISSION,RAINFOREST_RESIN,SEASHELLS,9997,7
633600,,SUBMISSION,RAINFOREST_RESIN,SEASHELLS,9997,2
633700,,,KELP,SEASHELLS,2051,2
633700,,,SQUID_INK,SEASHELLS,1911,2
634100,,,SQUID_INK,SEASHELLS,1909,1
634400,,,KELP,SEASHELLS,2053,1
634400,,,SQUID_INK,SEASHELLS,1910,1
634500,,,KELP,SEASHELLS,2050,15
634500,,,KELP,SEASHELLS,2051,2
634500,,,SQUID_INK,SEASHELLS,1907,15
634800,,,SQUID_INK,SEASHELLS,1909,2
634800,,,KELP,SEASHELLS,2053,2
635000,,,KELP,SEASHELLS,2050,8
635000,,,SQUID_INK,SEASHELLS,1906,8
635700,,,KELP,SEASHELLS,2050,1
635700,,,SQUID_INK,SEASHELLS,1904,1
636000,,,KELP,SEASHELLS,2050,1
636000,,,SQUID_INK,SEASHELLS,1904,1
636000,SUBMISSION,,RAINFOREST_RESIN,SEASHELLS,9997,5
636200,,,KELP,SEASHELLS,2052,1
636200,,,SQUID_INK,SEASHELLS,1902,1
636300,,,RAINFOREST_RESIN,SEASHELLS,9999,1
636300,,SUBMISSION,RAINFOREST_RESIN,SEASHELLS,9998,5
636600,,,SQUID_INK,SEASHELLS,1896,4
636600,,,KELP,SEASHELLS,2051,4
636700,,,KELP,SEASHELLS,2053,10
636700,SUBMISSION,,RAINFOREST_RESIN,SEASHELLS,9997,6
636700,,,KELP,SEASHELLS,2053,1
636900,,SUBMISSION,RAINFOREST_RESIN,SEASHELLS,10002,6
636900,,,RAINFOREST_RESIN,SEASHELLS,10002,2
637000,SUBMISSION,,SQUID_INK,SEASHELLS,1894,8
637000,,,SQUID_INK,SEASHELLS,1893,1
637000,,,KELP,SEASHELLS,2051,1
637000,,,KELP,SEASHELLS,2051,8
637300,SUBMISSION,,RAINFOREST_RESIN,SEASHELLS,9997,7
637400,,,SQUID_INK,SEASHELLS,1894,1
637400,,,KELP,SEASHELLS,2053,1
637500,,,SQUID_INK,SEASHELLS,1894,1
637500,,,KELP,SEASHELLS,2054,1
637500,,,SQUID_INK,SEASHELLS,1897,1
637500,,,KELP,SEASHELLS,2051,1
637700,,,RAINFOREST_RESIN,SEASHELLS,9999,1
637800,,SUBMISSION,RAINFOREST_RESIN,SEASHELLS,10002,7
638300,SUBMISSION,,RAINFOREST_RESIN,SEASHELLS,10002,1
638600,,,RAINFOREST_RESIN,SEASHELLS,10002,6
638600,,SUBMISSION,RAINFOREST_RESIN,SEASHELLS,10002,1
638600,,,SQUID_INK,SEASHELLS,1897,1
638600,,,KELP,SEASHELLS,2051,1
638700,,SUBMISSION,SQUID_INK,SEASHELLS,1900,8
639100,,,SQUID_INK,SEASHELLS,1901,1
639100,,,KELP,SEASHELLS,2051,1
640000,,,KELP,SEASHELLS,2053,1
640000,,,SQUID_INK,SEASHELLS,1903,1
640400,,,RAINFOREST_RESIN,SEASHELLS,10003,1
640600,SUBMISSION,,RAINFOREST_RESIN,SEASHELLS,10002,1
640800,,,SQUID_INK,SEASHELLS,1901,1
640800,,,KELP,SEASHELLS,2053,1
640900,SUBMISSION,,RAINFOREST_RESIN,SEASHELLS,10000,1
641000,,,SQUID_INK,SEASHELLS,1900,1
641000,,,KELP,SEASHELLS,2051,1
641100,,,KELP,SEASHELLS,2053,4
641100,,,SQUID_INK,SEASHELLS,1904,4
641200,,SUBMISSION,RAINFOREST_RESIN,SEASHELLS,9997,2
641200,,,RAINFOREST_RESIN,SEASHELLS,9998,5
641300,,,KELP,SEASHELLS,2053,1
641400,,,SQUID_INK,SEASHELLS,1902,1
641400,,,KELP,SEASHELLS,2051,1
641900,,,SQUID_INK,SEASHELLS,1901,1
641900,,,KELP,SEASHELLS,2053,4
641900,,,SQUID_INK,SEASHELLS,1902,4
641900,,,KELP,SEASHELLS,2052,1
641900,,,RAINFOREST_RESIN,SEASHELLS,10008,4
642100,,,KELP,SEASHELLS,2052,1
642100,,,SQUID_INK,SEASHELLS,1902,1
642600,,,SQUID_INK,SEASHELLS,1905,1
642600,,,KELP,SEASHELLS,2054,1
643100,,,KELP,SEASHELLS,2053,10
643100,,,SQUID_INK,SEASHELLS,1908,10
643200,,,SQUID_INK,SEASHELLS,1909,1
643200,,,KELP,SEASHELLS,2055,1
643500,,,SQUID_INK,SEASHELLS,1906,1
643500,,,KELP,SEASHELLS,2053,1
643700,SUBMISSION,,RAINFOREST_RESIN,SEASHELLS,9997,6
643900,,,RAINFOREST_RESIN,SEASHELLS,10003,1
644000,,,KELP,SEASHELLS,2056,8
644000,,,SQUID_INK,SEASHELLS,1907,8
644200,,SUBMISSION,RAINFOREST_RESIN,SEASHELLS,10005,2
644400,,SUBMISSION,RAINFOREST_RESIN,SEASHELLS,9998,4
644900,,,RAINFOREST_RESIN,SEASHELLS,10008,9
645000,,,RAINFOREST_RESIN,SEASHELLS,10008,8
645100,,,RAINFOREST_RESIN,SEASHELLS,9999,1
645200,SUBMISSION,,SQUID_INK,SEASHELLS,1893,12
645200,,,KELP,SEASHELLS,2053,12
646100,,,KELP,SEASHELLS,2056,2
646100,,,SQUID_INK,SEASHELLS,1884,2
646300,SUBMISSION,,RAINFOREST_RESIN,SEASHELLS,9997,8
646700,,,KELP,SEASHELLS,2053,1
646700,,,SQUID_INK,SEASHELLS,1876,1
646800,,,KELP,SEASHELLS,2053,1
646800,,,SQUID_INK,SEASHELLS,1876,1
647100,SUBMISSION,,RAINFOREST_RESIN,SEASHELLS,10000,2
647400,,,RAINFOREST_RESIN,SEASHELLS,9992,2
647400,,SUBMISSION,RAINFOREST_RESIN,SEASHELLS,9997,10
647500,,,SQUID_INK,SEASHELLS,1881,1
648100,,,RAINFOREST_RESIN,SEASHELLS,10008,4
648200,SUBMISSION,,RAINFOREST_RESIN,SEASHELLS,9997,2
648200,SUBMISSION,,RAINFOREST_RESIN,SEASHELLS,9997,7
648300,,,SQUID_INK,SEASHELLS,1889,1
648300,,,KELP,SEASHELLS,2056,1
648300,SUBMISSION,,RAINFOREST_RESIN,SEASHELLS,9993,2
648400,,SUBMISSION,SQUID_INK,SEASHELLS,1888,1
648400,,,KELP,SEASHELLS,2055,1
648400,,SUBMISSION,SQUID_INK,SEASHELLS,1888,2
648400,,,KELP,SEASHELLS,2056,2
648400,SUBMISSION,,RAINFOREST_RESIN,SEASHELLS,9997,7
648400,,,KELP,SEASHELLS,2055,3
648600,SUBMISSION,,RAINFOREST_RESIN,SEASHELLS,9997,5
648800,,,KELP,SEASHELLS,2053,1
648800,,,KELP,SEASHELLS,2055,1
648800,SUBMISSION,,RAINFOREST_RESIN,SEASHELLS,9997,2
648800,,,SQUID_INK,SEASHELLS,1889,1
648800,,,SQUID_INK,SEASHELLS,1887,1
649300,,,SQUID_INK,SEASHELLS,1891,1
649800,SUBMISSION,,RAINFOREST_RESIN,SEASHELLS,9997,2
649900,,,KELP,SEASHELLS,2054,7
649900,,,SQUID_INK,SEASHELLS,1887,7
650000,,,KELP,SEASHELLS,2057,15
650000,,,SQUID_INK,SEASHELLS,1889,15
650100,,,SQUID_INK,SEASHELLS,1888,4
650200,SUBMISSION,,RAINFOREST_RESIN,SEASHELLS,10002,1
650800,,,KELP,SEASHELLS,2057,2
650800,,,SQUID_INK,SEASHELLS,1883,2
651000,,,SQUID_INK,SEASHELLS,1879,11
651000,,,KELP,SEASHELLS,2057,11
651100,SUBMISSION,,SQUID_INK,SEASHELLS,1878,6
651100,,,KELP,SEASHELLS,2054,4
651100,,,KELP,SEASHELLS,2054,2
651500,,SUBMISSION,RAINFOREST_RESIN,SEASHELLS,10002,8
651800,,,KELP,SEASHELLS,2055,2
651800,,,SQUID_INK,SEASHELLS,1874,2
651900,,,SQUID_INK,SEASHELLS,1874,1
651900,,,KELP,SEASHELLS,2055,1
651900,,SUBMISSION,RAINFOREST_RESIN,SEASHELLS,10002,2
652400,,,SQUID_INK,SEASHELLS,1869,4
652400,,,KELP,SEASHELLS,2054,4
653000,,,SQUID_INK,SEASHELLS,1872,1
653000,,,KELP,SEASHELLS,2055,1
653200,,,SQUID_INK,SEASHELLS,1873,1
653200,,,KELP,SEASHELLS,2055,1
653500,,,KELP,SEASHELLS,2053,11
653500,SUBMISSION,,SQUID_INK,SEASHELLS,1859,11
653600,,,SQUID_INK,SEASHELLS,1858,1
653600,,,KELP,SEASHELLS,2053,1
653700,,,SQUID_INK,SEASHELLS,1861,11
653700,,,KELP,SEASHELLS,2056,11
654200,,SUBMISSION,RAINFOREST_RESIN,SEASHELLS,9998,1
654600,,,SQUID_INK,SEASHELLS,1846,5
654800,,,KELP,SEASHELLS,2057,1
654800,,,SQUID_INK,SEASHELLS,1849,1
654900,,SUBMISSION,RAINFOREST_RESIN,SEASHELLS,10002,5
655000,,,KELP,SEASHELLS,2054,1
655000,,,SQUID_INK,SEASHELLS,1848,1
655300,SUBMISSION,,RAINFOREST_RESIN,SEASHELLS,9997,7
655400,,SUBMISSION,RAINFOREST_RESIN,SEASHELLS,9998,1
655400,,,KELP,SEASHELLS,2056,1
655400,,,SQUID_INK,SEASHELLS,1843,1
655500,SUBMISSION,,KELP,SEASHELLS,2054,1
655500,,,SQUID_INK,SEASHELLS,1844,1
655600,,SUBMISSION,RAINFOREST_RESIN,SEASHELLS,9997,3
655800,,,KELP,SEASHELLS,2053,1
655800,,,SQUID_INK,SEASHELLS,1843,1
656600,,,SQUID_INK,SEASHELLS,1842,1
656600,,SUBMISSION,KELP,SEASHELLS,2055,1
656700,,,KELP,SEASHELLS,2053,1
656700,,,KELP,SEASHELLS,2053,4
656700,,,SQUID_INK,SEASHELLS,1842,4
656700,,,SQUID_INK,SEASHELLS,1842,1
656800,,,SQUID_INK,SEASHELLS,1845,1
656800,,,KELP,SEASHELLS,2056,1
656900,,,KELP,SEASHELLS,2053,2
656900,,,SQUID_INK,SEASHELLS,1844,2
656900,SUBMISSION,,RAINFOREST_RESIN,SEASHELLS,10002,1
657000,,,KELP,SEASHELLS,2055,3
657000,,SUBMISSION,RAINFOREST_RESIN,SEASHELLS,10002,1
657400,,,KELP,SEASHELLS,2053,1
657400,SUBMISSION,,RAINFOREST_RESIN,SEASHELLS,10002,1
657400,,,SQUID_INK,SEASHELLS,1845,1
657500,SUBMISSION,,RAINFOREST_RESIN,SEASHELLS,9997,1
657800,,SUBMISSION,RAINFOREST_RESIN,SEASHELLS,9997,4
658200,,,SQUID_INK,SEASHELLS,1842,1
658200,,,KELP,SEASHELLS,2053,1
658700,,,SQUID_INK,SEASHELLS,1839,1
658700,SUBMISSION,,RAINFOREST_RESIN,SEASHELLS,9997,6
658700,SUBMISSION,,KELP,SEASHELLS,2053,0
658700,,,SQUID_INK,SEASHELLS,1839,0
658700,,,KELP,SEASHELLS,2053,1
658700,,,SQUID_INK,SEASHELLS,1839,4
658700,,SUBMISSION,RAINFOREST_RESIN,SEASHELLS,10002,2
658700,,,KELP,SEASHELLS,2053,4
659200,,,KELP,SEASHELLS,2053,1
659200,,,SQUID_INK,SEASHELLS,1837,1
659400,,,SQUID_INK,SEASHELLS,1831,1
659400,,,KELP,SEASHELLS,2053,1
659700,,,KELP,SEASHELLS,2055,1
659700,,,SQUID_INK,SEASHELLS,1830,1
660200,,,KELP,SEASHELLS,2053,2
660200,,,SQUID_INK,SEASHELLS,1825,2
660200,,,RAINFOREST_RESIN,SEASHELLS,9992,2
660200,,SUBMISSION,RAINFOREST_RESIN,SEASHELLS,9997,3
660300,,,KELP,SEASHELLS,2053,4
660300,,,SQUID_INK,SEASHELLS,1827,4
660500,SUBMISSION,,RAINFOREST_RESIN,SEASHELLS,9997,6
660700,SUBMISSION,,RAINFOREST_RESIN,SEASHELLS,10002,1
660800,,SUBMISSION,RAINFOREST_RESIN,SEASHELLS,10002,1
660900,,,SQUID_INK,SEASHELLS,1828,2
660900,,,KELP,SEASHELLS,2054,2
661300,,SUBMISSION,RAINFOREST_RESIN,SEASHELLS,9997,5
661500,,,KELP,SEASHELLS,2054,8
661500,,,SQUID_INK,SEASHELLS,1837,8
662100,,,SQUID_INK,SEASHELLS,1838,1
662100,,,KELP,SEASHELLS,2054,1
662100,SUBMISSION,,RAINFOREST_RESIN,SEASHELLS,9997,6
662200,,,SQUID_INK,SEASHELLS,1839,2
662200,,,KELP,SEASHELLS,2054,2
662600,,,SQUID_INK,SEASHELLS,1837,1
662600,,,KELP,SEASHELLS,2052,1
662800,SUBMISSION,,RAINFOREST_RESIN,SEASHELLS,9997,5
663000,,,KELP,SEASHELLS,2053,1
663000,,,SQUID_INK,SEASHELLS,1841,1
663200,,,SQUID_INK,SEASHELLS,1838,11
663200,,,KELP,SEASHELLS,2053,11
663700,,SUBMISSION,RAINFOREST_RESIN,SEASHELLS,9997,3
664000,,,SQUID_INK,SEASHELLS,1838,1
664000,,,KELP,SEASHELLS,2056,1
664200,,,SQUID_INK,SEASHELLS,1835,1
664200,,,KELP,SEASHELLS,2053,1
664400,,,SQUID_INK,SEASHELLS,1838,1
664400,,,KELP,SEASHELLS,2053,1
664500,,,KELP,SEASHELLS,2054,4
664500,,,SQUID_INK,SEASHELLS,1838,5
664500,,,SQUID_INK,SEASHELLS,1838,4
664500,,,KELP,SEASHELLS,2054,5
664500,,SUBMISSION,RAINFOREST_RESIN,SEASHELLS,10002,8
664700,,,SQUID_INK,SEASHELLS,1838,6
664700,,,KELP,SEASHELLS,2055,6
665100,,,SQUID_INK,SEASHELLS,1841,1
665100,,SUBMISSION,RAINFOREST_RESIN,SEASHELLS,9998,1
665100,,,KELP,SEASHELLS,2053,1
665400,SUBMISSION,,RAINFOREST_RESIN,SEASHELLS,9997,2
666000,,,SQUID_INK,SEASHELLS,1846,1
666000,,,KELP,SEASHELLS,2053,1
666200,,,SQUID_INK,SEASHELLS,1848,3
666200,,SUBMISSION,RAINFOREST_RESIN,SEASHELLS,9997,16
666200,,,KELP,SEASHELLS,2054,3
666300,SUBMISSION,,RAINFOREST_RESIN,SEASHELLS,9993,2
666300,,,KELP,SEASHELLS,2057,12
666300,,SUBMISSION,SQUID_INK,SEASHELLS,1851,12
666400,,,SQUID_INK,SEASHELLS,1848,5
666500,SUBMISSION,,RAINFOREST_RESIN,SEASHELLS,10002,1
666500,,,KELP,SEASHELLS,2053,1
666500,,,SQUID_INK,SEASHELLS,1849,1
666700,,,SQUID_INK,SEASHELLS,1851,1
666700,,,KELP,SEASHELLS,2053,1
667100,,,SQUID_INK,SEASHELLS,1849,1
667100,,,KELP,SEASHELLS,2055,1
667200,,,KELP,SEASHELLS,2053,1
667200,,,SQUID_INK,SEASHELLS,1847,1
667300,,,KELP,SEASHELLS,2053,5
667400,,,KELP,SEASHELLS,2053,5
668200,,,KELP,SEASHELLS,2054,2
668200,,,SQUID_INK,SEASHELLS,1853,2
668300,,SUBMISSION,RAINFOREST_RESIN,SEASHELLS,9998,3
668300,,SUBMISSION,SQUID_INK,SEASHELLS,1854,5
668400,,,SQUID_INK,SEASHELLS,1853,1
668400,,,KELP,SEASHELLS,2053,1
668700,,,SQUID_INK,SEASHELLS,1851,2
668700,,,KELP,SEASHELLS,2053,2
668900,,,KELP,SEASHELLS,2054,2
668900,,,SQUID_INK,SEASHELLS,1849,2
669100,,,SQUID_INK,SEASHELLS,1848,2
669100,,,KELP,SEASHELLS,2053,2
669100,,,SQUID_INK,SEASHELLS,1848,1
669100,,,KELP,SEASHELLS,2053,1
669200,,,KELP,SEASHELLS,2056,2
669200,,,SQUID_INK,SEASHELLS,1851,2
669500,,,KELP,SEASHELLS,2056,2
669500,,,KELP,SEASHELLS,2053,1
669500,,,SQUID_INK,SEASHELLS,1849,1
669600,,,KELP,SEASHELLS,2053,1
669600,,,SQUID_INK,SEASHELLS,1849,1
669700,,,RAINFOREST_RESIN,SEASHELLS,10008,1
669800,,,RAINFOREST_RESIN,SEASHELLS,10008,2
669800,,,SQUID_INK,SEASHELLS,1848,1
669900,,,SQUID_INK,SEASHELLS,1848,4
669900,,,SQUID_INK,SEASHELLS,1848,1
670100,,,RAINFOREST_RESIN,SEASHELLS,10008,8
670200,,,RAINFOREST_RESIN,SEASHELLS,9997,9
670400,SUBMISSION,,RAINFOREST_RESIN,SEASHELLS,9997,2
670400,SUBMISSION,,RAINFOREST_RESIN,SEASHELLS,9997,4
670900,,SUBMISSION,SQUID_INK,SEASHELLS,1854,1
670900,,,SQUID_INK,SEASHELLS,1852,5
670900,,,KELP,SEASHELLS,2054,1
671100,,,RAINFOREST_RESIN,SEASHELLS,10002,4
671100,SUBMISSION,,RAINFOREST_RESIN,SEASHELLS,10002,4
671300,SUBMISSION,,RAINFOREST_RESIN,SEASHELLS,10001,2
671300,,,KELP,SEASHELLS,2055,2
671300,,,SQUID_INK,SEASHELLS,1852,2
671500,,SUBMISSION,SQUID_INK,SEASHELLS,1854,4
671600,,SUBMISSION,SQUID_INK,SEASHELLS,1853,4
671700,,,KELP,SEASHELLS,2056,15
671700,,,SQUID_INK,SEASHELLS,1854,15
671700,SUBMISSION,,RAINFOREST_RESIN,SEASHELLS,9997,8
671800,,SUBMISSION,RAINFOREST_RESIN,SEASHELLS,10000,6
671900,SUBMISSION,,RAINFOREST_RESIN,SEASHELLS,9997,2
672300,,SUBMISSION,RAINFOREST_RESIN,SEASHELLS,9998,1
672500,,,KELP,SEASHELLS,2052,1
672500,,,SQUID_INK,SEASHELLS,1854,13
672500,,,KELP,SEASHELLS,2056,13
672500,SUBMISSION,,RAINFOREST_RESIN,SEASHELLS,9997,1
672500,,,SQUID_INK,SEASHELLS,1851,1
673100,,,SQUID_INK,SEASHELLS,1854,1
673100,,,KELP,SEASHELLS,2053,1
673600,,,SQUID_INK,SEASHELLS,1858,6
673900,,SUBMISSION,RAINFOREST_RESIN,SEASHELLS,10002,1
674000,,,KELP,SEASHELLS,2056,2
674000,,,SQUID_INK,SEASHELLS,1860,2
674400,,,SQUID_INK,SEASHELLS,1858,1
674400,,,KELP,SEASHELLS,2055,1
674600,SUBMISSION,,RAINFOREST_RESIN,SEASHELLS,9995,4
674700,,,KELP,SEASHELLS,2053,1
674700,,,SQUID_INK,SEASHELLS,1859,5
674700,,,SQUID_INK,SEASHELLS,1857,1
674700,,,KELP,SEASHELLS,2055,5
674700,,SUBMISSION,RAINFOREST_RESIN,SEASHELLS,10002,4
675000,,,KELP,SEASHELLS,2053,4
675300,,,SQUID_INK,SEASHELLS,1858,8
675300,,,KELP,SEASHELLS,2053,8
676500,,,KELP,SEASHELLS,2054,1
676500,,,SQUID_INK,SEASHELLS,1864,1
676700,,,SQUID_INK,SEASHELLS,1863,1
676700,,,KELP,SEASHELLS,2052,1
677000,,,KELP,SEASHELLS,2053,4
677000,,,SQUID_INK,SEASHELLS,1862,4
677600,,SUBMISSION,RAINFOREST_RESIN,SEASHELLS,10002,7
677800,,,SQUID_INK,SEASHELLS,1863,1
677800,,,KELP,SEASHELLS,2052,1
678400,,SUBMISSION,RAINFOREST_RESIN,SEASHELLS,9998,1
678600,,,SQUID_INK,SEASHELLS,1862,2
678600,,,KELP,SEASHELLS,2053,2
679500,SUBMISSION,,RAINFOREST_RESIN,SEASHELLS,9997,7
679800,,,KELP,SEASHELLS,2055,1
679800,,,SQUID_INK,SEASHELLS,1862,1
680100,SUBMISSION,,RAINFOREST_RESIN,SEASHELLS,10002,1
680100,,,KELP,SEASHELLS,2052,9
680100,,,SQUID_INK,SEASHELLS,1860,9
680600,SUBMISSION,,SQUID_INK,SEASHELLS,1860,8
680600,SUBMISSION,,KELP,SEASHELLS,2053,8
680700,,SUBMISSION,RAINFOREST_RESIN,SEASHELLS,10002,6
680800,SUBMISSION,,KELP,SEASHELLS,2052,4
680800,,,SQUID_INK,SEASHELLS,1859,4
681200,,,KELP,SEASHELLS,2052,5
681200,,,SQUID_INK,SEASHELLS,1860,5
681600,SUBMISSION,,RAINFOREST_RESIN,SEASHELLS,9997,6
681600,SUBMISSION,,KELP,SEASHELLS,2052,2
681600,,,SQUID_INK,SEASHELLS,1860,2
682400,,,KELP,SEASHELLS,2052,1
682400,,SUBMISSION,SQUID_INK,SEASHELLS,1862,8
682400,,,SQUID_INK,SEASHELLS,1861,1
682700,SUBMISSION,,RAINFOREST_RESIN,SEASHELLS,9997,9
682700,,SUBMISSION,KELP,SEASHELLS,2054,1
682700,,,SQUID_INK,SEASHELLS,1864,3
682700,,,SQUID_INK,SEASHELLS,1864,1
683200,,SUBMISSION,RAINFOREST_RESIN,SEASHELLS,10002,8
683300,SUBMISSION,,RAINFOREST_RESIN,SEASHELLS,10002,1
683400,,,KELP,SEASHELLS,2054,2
683400,,,SQUID_INK,SEASHELLS,1863,2
683600,,SUBMISSION,KELP,SEASHELLS,2055,1
683700,,SUBMISSION,RAINFOREST_RESIN,SEASHELLS,10002,5
683800,,SUBMISSION,KELP,SEASHELLS,2054,12
683800,,,SQUID_INK,SEASHELLS,1863,12
683900,,,SQUID_INK,SEASHELLS,1858,1
683900,,,KELP,SEASHELLS,2053,1
684500,,,SQUID_INK,SEASHELLS,1858,2
684500,,,KELP,SEASHELLS,2053,2
684600,,,KELP,SEASHELLS,2053,2
684600,,SUBMISSION,RAINFOREST_RESIN,SEASHELLS,10002,1
685100,,SUBMISSION,RAINFOREST_RESIN,SEASHELLS,9998,11
685200,,,KELP,SEASHELLS,2053,1
685200,,,SQUID_INK,SEASHELLS,1860,1
685600,,,KELP,SEASHELLS,2056,2
685600,,,SQUID_INK,SEASHELLS,1864,2
685900,,,KELP,SEASHELLS,2056,15
685900,,,SQUID_INK,SEASHELLS,1866,15
686000,,,KELP,SEASHELLS,2053,1
686000,,,SQUID_INK,SEASHELLS,1864,1
686800,,,RAINFOREST_RESIN,SEASHELLS,9999,1
686900,,,KELP,SEASHELLS,2052,1
686900,,,SQUID_INK,SEASHELLS,1868,1
687300,,,KELP,SEASHELLS,2053,3
687300,,,SQUID_INK,SEASHELLS,1869,3
687400,SUBMISSION,,RAINFOREST_RESIN,SEASHELLS,9997,6
688100,,,KELP,SEASHELLS,2052,3
688100,,,SQUID_INK,SEASHELLS,1868,3
688200,,,KELP,SEASHELLS,2052,1
688600,,,SQUID_INK,SEASHELLS,1864,4
688600,,,KELP,SEASHELLS,2052,4
688800,,SUBMISSION,RAINFOREST_RESIN,SEASHELLS,9997,6
688900,,,KELP,SEASHELLS,2053,1
688900,,,SQUID_INK,SEASHELLS,1868,1
689100,,,RAINFOREST_RESIN,SEASHELLS,10008,4
689300,,,RAINFOREST_RESIN,SEASHELLS,10008,7
689400,,,SQUID_INK,SEASHELLS,1869,2
689400,,,KELP,SEASHELLS,2052,2
689500,,,RAINFOREST_RESIN,SEASHELLS,10008,1
689500,SUBMISSION,,RAINFOREST_RESIN,SEASHELLS,9997,5
689700,,,SQUID_INK,SEASHELLS,1869,1
689800,,,KELP,SEASHELLS,2052,4
690000,,SUBMISSION,RAINFOREST_RESIN,SEASHELLS,9998,5
690000,,,KELP,SEASHELLS,2052,1
690000,,,SQUID_INK,SEASHELLS,1868,1
690200,,,KELP,SEASHELLS,2054,1
690200,,,SQUID_INK,SEASHELLS,1869,1
690200,,,RAINFOREST_RESIN,SEASHELLS,10002,1
690300,SUBMISSION,,RAINFOREST_RESIN,SEASHELLS,9997,7
690500,SUBMISSION,,RAINFOREST_RESIN,SEASHELLS,9997,2
690800,,,SQUID_INK,SEASHELLS,1868,3
690900,,,KELP,SEASHELLS,2055,1
690900,,,SQUID_INK,SEASHELLS,1867,1
691000,,,KELP,SEASHELLS,2055,10
691000,,,SQUID_INK,SEASHELLS,1867,10
691100,,,KELP,SEASHELLS,2054,1
691100,,,SQUID_INK,SEASHELLS,1867,1
691600,,,SQUID_INK,SEASHELLS,1864,1
691600,,,KELP,SEASHELLS,2054,1
691700,,,SQUID_INK,SEASHELLS,1862,1
691700,,,KELP,SEASHELLS,2052,1
691800,,,SQUID_INK,SEASHELLS,1861,1
691800,SUBMISSION,,RAINFOREST_RESIN,SEASHELLS,10002,1
691800,,,KELP,SEASHELLS,2052,1
692100,,,SQUID_INK,SEASHELLS,1862,1
692100,,,KELP,SEASHELLS,2051,1
692400,,,SQUID_INK,SEASHELLS,1864,1
692400,,,KELP,SEASHELLS,2053,1
692800,,,KELP,SEASHELLS,2054,2
692800,,,SQUID_INK,SEASHELLS,1864,2
693300,,,SQUID_INK,SEASHELLS,1865,2
693300,,,KELP,SEASHELLS,2054,2
693500,,,SQUID_INK,SEASHELLS,1867,1
693500,,,KELP,SEASHELLS,2053,1
693500,SUBMISSION,,RAINFOREST_RESIN,SEASHELLS,10002,1
693700,,SUBMISSION,RAINFOREST_RESIN,SEASHELLS,10002,2
694100,SUBMISSION,,RAINFOREST_RESIN,SEASHELLS,10002,1
694200,,,SQUID_INK,SEASHELLS,1866,5
694300,,SUBMISSION,RAINFOREST_RESIN,SEASHELLS,10002,6
694400,,,SQUID_INK,SEASHELLS,1869,3
694500,SUBMISSION,,RAINFOREST_RESIN,SEASHELLS,9997,2
695400,SUBMISSION,,RAINFOREST_RESIN,SEASHELLS,9997,7
695600,,,KELP,SEASHELLS,2051,1
695600,,,SQUID_INK,SEASHELLS,1865,1
696000,,,KELP,SEASHELLS,2054,1
696000,,,KELP,SEASHELLS,2051,7
696000,,,SQUID_INK,SEASHELLS,1867,1
696100,SUBMISSION,,RAINFOREST_RESIN,SEASHELLS,9997,1
696200,,,SQUID_INK,SEASHELLS,1867,1
696200,,,KELP,SEASHELLS,2053,1
696500,,,KELP,SEASHELLS,2051,1
696500,,,SQUID_INK,SEASHELLS,1865,1
696700,,,SQUID_INK,SEASHELLS,1867,1
696700,,,KELP,SEASHELLS,2053,1
697000,SUBMISSION,,RAINFOREST_RESIN,SEASHELLS,10002,1
697200,,,KELP,SEASHELLS,2051,8
697200,,,SQUID_INK,SEASHELLS,1859,8
697300,,,KELP,SEASHELLS,2051,2
697300,,,KELP,SEASHELLS,2054,13
697300,,,SQUID_INK,SEASHELLS,1858,4
697300,,,SQUID_INK,SEASHELLS,1861,13
697300,SUBMISSION,,SQUID_INK,SEASHELLS,1859,2
697300,,,KELP,SEASHELLS,2051,4
697500,,,SQUID_INK,SEASHELLS,1860,1
697700,,,SQUID_INK,SEASHELLS,1860,14
697700,SUBMISSION,,KELP,SEASHELLS,2052,14
697900,,,SQUID_INK,SEASHELLS,1862,1
697900,,,KELP,SEASHELLS,2054,1
698000,SUBMISSION,,KELP,SEASHELLS,2052,1
698000,,,SQUID_INK,SEASHELLS,1860,1
698100,,,SQUID_INK,SEASHELLS,1855,3
698100,,,KELP,SEASHELLS,2052,3
698100,SUBMISSION,,RAINFOREST_RESIN,SEASHELLS,9997,5
698200,,,SQUID_INK,SEASHELLS,1857,12
698200,,,KELP,SEASHELLS,2054,12
698300,,,KELP,SEASHELLS,2051,9
698300,,,SQUID_INK,SEASHELLS,1853,9
698600,,SUBMISSION,RAINFOREST_RESIN,SEASHELLS,9997,5
699100,,SUBMISSION,RAINFOREST_RESIN,SEASHELLS,10000,7
699100,,,SQUID_INK,SEASHELLS,1856,1
699100,,,KELP,SEASHELLS,2051,1
699300,,,KELP,SEASHELLS,2052,5
699300,,,SQUID_INK,SEASHELLS,1859,5
699400,,,KELP,SEASHELLS,2052,1
699400,,,SQUID_INK,SEASHELLS,1859,1
699700,,,KELP,SEASHELLS,2054,1
699700,,,SQUID_INK,SEASHELLS,1857,1
699700,SUBMISSION,,RAINFOREST_RESIN,SEASHELLS,10002,1
700000,,,SQUID_INK,SEASHELLS,1859,1
700000,,SUBMISSION,KELP,SEASHELLS,2054,1
700100,,,KELP,SEASHELLS,2052,1
700100,,,SQUID_INK,SEASHELLS,1857,1
700100,,SUBMISSION,RAINFOREST_RESIN,SEASHELLS,9997,9
700300,,SUBMISSION,SQUID_INK,SEASHELLS,1861,1
700300,,SUBMISSION,KELP,SEASHELLS,2055,1
700600,,SUBMISSION,SQUID_INK,SEASHELLS,1861,1
701000,,,SQUID_INK,SEASHELLS,1864,1
701000,,,KELP,SEASHELLS,2054,1
701200,,,KELP,SEASHELLS,2052,1
701200,,,RAINFOREST_RESIN,SEASHELLS,10008,1
701200,,,KELP,SEASHELLS,2052,5
701200,,,SQUID_INK,SEASHELLS,1861,1
701200,,,SQUID_INK,SEASHELLS,1861,5
701400,,,KELP,SEASHELLS,2052,1
702000,,,RAINFOREST_RESIN,SEASHELLS,10008,1
702100,,,SQUID_INK,SEASHELLS,1862,5
702300,,,SQUID_INK,SEASHELLS,1860,7
702300,,,KELP,SEASHELLS,2052,7
702500,,,SQUID_INK,SEASHELLS,1859,1
702500,,SUBMISSION,KELP,SEASHELLS,2054,1
703000,,,SQUID_INK,SEASHELLS,1861,1
703000,,SUBMISSION,KELP,SEASHELLS,2054,1
703200,SUBMISSION,,RAINFOREST_RESIN,SEASHELLS,9997,2
703400,SUBMISSION,,RAINFOREST_RESIN,SEASHELLS,9997,6
703600,,SUBMISSION,KELP,SEASHELLS,2054,1
703700,,,KELP,SEASHELLS,2055,2
703700,,,KELP,SEASHELLS,2052,4
703700,,,SQUID_INK,SEASHELLS,1861,2
704000,SUBMISSION,,RAINFOREST_RESIN,SEASHELLS,9993,4
704200,SUBMISSION,,RAINFOREST_RESIN,SEASHELLS,10002,1
704600,,,SQUID_INK,SEASHELLS,1863,1
704600,,,KELP,SEASHELLS,2052,1
704700,SUBMISSION,,RAINFOREST_RESIN,SEASHELLS,9995,5
704900,,SUBMISSION,RAINFOREST_RESIN,SEASHELLS,9998,1
705200,,SUBMISSION,KELP,SEASHELLS,2054,9
705200,,,SQUID_INK,SEASHELLS,1863,1
705200,,,KELP,SEASHELLS,2052,1
705400,SUBMISSION,,RAINFOREST_RESIN,SEASHELLS,9997,10
705800,,SUBMISSION,RAINFOREST_RESIN,SEASHELLS,9997,5
705800,,,KELP,SEASHELLS,2052,12
705800,,,SQUID_INK,SEASHELLS,1866,12
706100,,SUBMISSION,KELP,SEASHELLS,2054,1
706200,,,SQUID_INK,SEASHELLS,1868,1
706200,,,KELP,SEASHELLS,2052,1
706200,,,KELP,SEASHELLS,2052,13
706300,,SUBMISSION,RAINFOREST_RESIN,SEASHELLS,10002,1
706900,,SUBMISSION,RAINFOREST_RESIN,SEASHELLS,9998,1
707100,,,SQUID_INK,SEASHELLS,1872,2
707100,,,KELP,SEASHELLS,2054,2
707200,,,SQUID_INK,SEASHELLS,1874,2
707200,,SUBMISSION,RAINFOREST_RESIN,SEASHELLS,10005,7
707200,,,KELP,SEASHELLS,2055,2
707400,,,KELP,SEASHELLS,2054,4
707700,,,KELP,SEASHELLS,2054,1
707700,,,SQUID_INK,SEASHELLS,1873,1
708500,,,SQUID_INK,SEASHELLS,1866,13
708500,SUBMISSION,,RAINFOREST_RESIN,SEASHELLS,10002,1
708500,,,KELP,SEASHELLS,2053,13
709100,,SUBMISSION,RAINFOREST_RESIN,SEASHELLS,9998,1
709300,,,KELP,SEASHELLS,2053,1
709300,,,SQUID_INK,SEASHELLS,1867,1
709400,,,SQUID_INK,SEASHELLS,1868,1
709400,,,KELP,SEASHELLS,2053,1
709700,,,SQUID_INK,SEASHELLS,1871,5
710200,,,SQUID_INK,SEASHELLS,1868,2
710200,,,KELP,SEASHELLS,2056,2
710300,,,SQUID_INK,SEASHELLS,1866,1
710300,,,KELP,SEASHELLS,2055,1
710300,,,KELP,SEASHELLS,2054,1
710400,,SUBMISSION,RAINFOREST_RESIN,SEASHELLS,10000,2
710500,,,SQUID_INK,SEASHELLS,1862,2
710500,,,SQUID_INK,SEASHELLS,1860,1
710500,,,KELP,SEASHELLS,2053,1
710900,,,RAINFOREST_RESIN,SEASHELLS,9992,2
710900,,SUBMISSION,RAINFOREST_RESIN,SEASHELLS,9997,8
710900,,SUBMISSION,RAINFOREST_RESIN,SEASHELLS,9997,3
710900,,,RAINFOREST_RESIN,SEASHELLS,9998,3
711100,,,KELP,SEASHELLS,2053,1
711100,,,SQUID_INK,SEASHELLS,1862,1
711200,,,RAINFOREST_RESIN,SEASHELLS,10008,7
711300,,,RAINFOREST_RESIN,SEASHELLS,9999,1
711400,,,SQUID_INK,SEASHELLS,1862,2
711900,,,RAINFOREST_RESIN,SEASHELLS,10008,2
712200,,,RAINFOREST_RESIN,SEASHELLS,10008,6
712300,,,RAINFOREST_RESIN,SEASHELLS,9999,1
712700,,,SQUID_INK,SEASHELLS,1862,7
713100,,,RAINFOREST_RESIN,SEASHELLS,9999,1
713100,,,SQUID_INK,SEASHELLS,1860,1
713400,,,SQUID_INK,SEASHELLS,1861,11
713400,,,KELP,SEASHELLS,2057,11
714000,,,SQUID_INK,SEASHELLS,1865,1
714000,,,KELP,SEASHELLS,2057,1
714200,SUBMISSION,,RAINFOREST_RESIN,SEASHELLS,10002,1
714400,,,KELP,SEASHELLS,2057,1
714400,,,SQUID_INK,SEASHELLS,1863,1
714600,SUBMISSION,,RAINFOREST_RESIN,SEASHELLS,9997,1
714700,,,KELP,SEASHELLS,2055,1
714700,,,SQUID_INK,SEASHELLS,1861,1
714900,,SUBMISSION,RAINFOREST_RESIN,SEASHELLS,9998,2
714900,,,RAINFOREST_RESIN,SEASHELLS,9999,1
715000,,,RAINFOREST_RESIN,SEASHELLS,10008,2
715500,,,SQUID_INK,SEASHELLS,1865,1
715500,,,KELP,SEASHELLS,2056,1
715500,,,RAINFOREST_RESIN,SEASHELLS,10008,2
715800,,,SQUID_INK,SEASHELLS,1865,3
715800,,,KELP,SEASHELLS,2056,2
715800,,,SQUID_INK,SEASHELLS,1865,2
715900,,,SQUID_INK,SEASHELLS,1866,4
715900,,,RAINFOREST_RESIN,SEASHELLS,9999,1
716100,,,RAINFOREST_RESIN,SEASHELLS,9997,4
716100,,,KELP,SEASHELLS,2056,2
716100,,,SQUID_INK,SEASHELLS,1865,2
716100,,,RAINFOREST_RESIN,SEASHELLS,9997,6
716200,,,KELP,SEASHELLS,2056,1
716200,,,SQUID_INK,SEASHELLS,1864,1
716700,,,SQUID_INK,SEASHELLS,1866,4
716700,,,KELP,SEASHELLS,2059,4
716800,,,KELP,SEASHELLS,2056,1
716800,,,KELP,SEASHELLS,2059,1
716800,,,SQUID_INK,SEASHELLS,1864,1
716800,,,SQUID_INK,SEASHELLS,1867,1
716900,,,SQUID_INK,SEASHELLS,1864,1
716900,,,KELP,SEASHELLS,2056,1
717100,SUBMISSION,,RAINFOREST_RESIN,SEASHELLS,10002,1
717300,,,SQUID_INK,SEASHELLS,1865,3
717300,,,KELP,SEASHELLS,2056,1
717300,,,SQUID_INK,SEASHELLS,1864,1
717600,SUBMISSION,,RAINFOREST_RESIN,SEASHELLS,10002,1
717600,,,KELP,SEASHELLS,2058,1
717600,,,SQUID_INK,SEASHELLS,1867,1
718000,,,KELP,SEASHELLS,2056,2
718000,,,SQUID_INK,SEASHELLS,1868,1
718100,,,KELP,SEASHELLS,2056,1
718100,,,SQUID_INK,SEASHELLS,1868,1
718200,,SUBMISSION,RAINFOREST_RESIN,SEASHELLS,10002,1
718200,,,KELP,SEASHELLS,2056,1
718200,,,SQUID_INK,SEASHELLS,1868,1
718300,,,SQUID_INK,SEASHELLS,1866,13
718300,,,KELP,SEASHELLS,2056,13
718400,,,KELP,SEASHELLS,2059,15
718400,,,SQUID_INK,SEASHELLS,1869,15
718900,,,SQUID_INK,SEASHELLS,1864,6
718900,,,KELP,SEASHELLS,2057,2
719100,,,SQUID_INK,SEASHELLS,1866,1
719100,,,SQUID_INK,SEASHELLS,1864,6
719100,,,KELP,SEASHELLS,2057,6
719100,,,KELP,SEASHELLS,2059,1
719400,,SUBMISSION,RAINFOREST_RESIN,SEASHELLS,10005,1
719500,,,KELP,SEASHELLS,2057,1
719500,,,SQUID_INK,SEASHELLS,1868,1
719900,,,KELP,SEASHELLS,2056,4
719900,,,SQUID_INK,SEASHELLS,1868,6
719900,,,KELP,SEASHELLS,2056,6
719900,,,RAINFOREST_RESIN,SEASHELLS,9997,9
720000,,,SQUID_INK,SEASHELLS,1868,1
720000,,,KELP,SEASHELLS,2056,1
720000,,,RAINFOREST_RESIN,SEASHELLS,10008,2
720200,,,SQUID_INK,SEASHELLS,1867,1
720200,,,KELP,SEASHELLS,2056,1
720400,,,KELP,SEASHELLS,2057,1
720400,,,SQUID_INK,SEASHELLS,1868,1
720900,,,SQUID_INK,SEASHELLS,1873,1
720900,,,KELP,SEASHELLS,2060,1
721000,SUBMISSION,,KELP,SEASHELLS,2057,7
721000,,,SQUID_INK,SEASHELLS,1871,7
721200,,,SQUID_INK,SEASHELLS,1873,14
721200,,,KELP,SEASHELLS,2060,14
721600,,,KELP,SEASHELLS,2059,8
721600,,,SQUID_INK,SEASHELLS,1873,1
721600,,,SQUID_INK,SEASHELLS,1873,8
721600,,,KELP,SEASHELLS,2059,1
721700,,,KELP,SEASHELLS,2059,7
721700,SUBMISSION,,RAINFOREST_RESIN,SEASHELLS,9997,4
721700,,,SQUID_INK,SEASHELLS,1874,7
722000,,,KELP,SEASHELLS,2059,2
722000,,,SQUID_INK,SEASHELLS,1873,12
722300,,SUBMISSION,RAINFOREST_RESIN,SEASHELLS,9997,4
722800,,,SQUID_INK,SEASHELLS,1871,2
722800,,,KELP,SEASHELLS,2057,2
723300,SUBMISSION,,RAINFOREST_RESIN,SEASHELLS,9997,6
723900,,,SQUID_INK,SEASHELLS,1866,5
723900,,,KELP,SEASHELLS,2056,5
724500,,,SQUID_INK,SEASHELLS,1865,4
724700,,SUBMISSION,KELP,SEASHELLS,2058,7
724700,SUBMISSION,,RAINFOREST_RESIN,SEASHELLS,9997,6
724700,,,SQUID_INK,SEASHELLS,1868,10
724700,,,KELP,SEASHELLS,2058,3
724800,,,SQUID_INK,SEASHELLS,1869,2
724800,,,KELP,SEASHELLS,2059,2
725700,,,SQUID_INK,SEASHELLS,1863,2
725700,,,KELP,SEASHELLS,2056,2
725800,SUBMISSION,,SQUID_INK,SEASHELLS,1863,13
725800,,,KELP,SEASHELLS,2056,13
726100,,,SQUID_INK,SEASHELLS,1863,1
726100,,,KELP,SEASHELLS,2056,1
726200,SUBMISSION,,RAINFOREST_RESIN,SEASHELLS,9997,1
726200,,SUBMISSION,RAINFOREST_RESIN,SEASHELLS,10002,8
726200,,,KELP,SEASHELLS,2058,1
726500,,,KELP,SEASHELLS,2056,2
726500,,,SQUID_INK,SEASHELLS,1864,2
726700,,,KELP,SEASHELLS,2060,1
726700,,,SQUID_INK,SEASHELLS,1866,1
726800,,,SQUID_INK,SEASHELLS,1864,2
726900,,,KELP,SEASHELLS,2057,1
726900,,,SQUID_INK,SEASHELLS,1865,1
727300,,,KELP,SEASHELLS,2057,1
727300,,,SQUID_INK,SEASHELLS,1864,1
727400,,,KELP,SEASHELLS,2058,1
727400,,,KELP,SEASHELLS,2058,14
727400,,,SQUID_INK,SEASHELLS,1863,15
727500,,,SQUID_INK,SEASHELLS,1864,1
727500,,,KELP,SEASHELLS,2058,1
727500,SUBMISSION,,RAINFOREST_RESIN,SEASHELLS,10000,9
727600,,,SQUID_INK,SEASHELLS,1863,1
727600,,SUBMISSION,RAINFOREST_RESIN,SEASHELLS,10002,6
727600,,,KELP,SEASHELLS,2058,1
727800,SUBMISSION,,RAINFOREST_RESIN,SEASHELLS,9997,8
727900,,,SQUID_INK,SEASHELLS,1866,1
727900,,,KELP,SEASHELLS,2061,1
728300,SUBMISSION,,RAINFOREST_RESIN,SEASHELLS,9997,4
728300,,,KELP,SEASHELLS,2060,1
728300,,,SQUID_INK,SEASHELLS,1868,2
728400,,,KELP,SEASHELLS,2059,1
728400,,,SQUID_INK,SEASHELLS,1866,1
728700,,SUBMISSION,RAINFOREST_RESIN,SEASHELLS,10002,6
728800,,,KELP,SEASHELLS,2057,1
728800,,,SQUID_INK,SEASHELLS,1864,1
728900,,,KELP,SEASHELLS,2057,1
728900,,,SQUID_INK,SEASHELLS,1864,1
729200,,,SQUID_INK,SEASHELLS,1866,1
729500,SUBMISSION,,RAINFOREST_RESIN,SEASHELLS,9997,7
729900,,,SQUID_INK,SEASHELLS,1866,2
729900,SUBMISSION,,KELP,SEASHELLS,2058,11
730000,,,KELP,SEASHELLS,2057,4
730000,,,SQUID_INK,SEASHELLS,1866,4
730000,,SUBMISSION,RAINFOREST_RESIN,SEASHELLS,10000,8
730300,,,KELP,SEASHELLS,2057,8
730300,,,SQUID_INK,SEASHELLS,1864,8
730400,SUBMISSION,,KELP,SEASHELLS,2058,1
730400,,,SQUID_INK,SEASHELLS,1864,1
730700,,,KELP,SEASHELLS,2059,1
730900,,SUBMISSION,SQUID_INK,SEASHELLS,1867,1
730900,,SUBMISSION,KELP,SEASHELLS,2059,1
731100,,SUBMISSION,SQUID_INK,SEASHELLS,1867,12
731400,,,KELP,SEASHELLS,2057,1
731400,,,SQUID_INK,SEASHELLS,1867,1
731600,SUBMISSION,,RAINFOREST_RESIN,SEASHELLS,9997,5
731800,,SUBMISSION,RAINFOREST_RESIN,SEASHELLS,10002,2
731900,,,SQUID_INK,SEASHELLS,1864,2
731900,,,KELP,SEASHELLS,2058,2
732000,,,SQUID_INK,SEASHELLS,1865,1
732000,,,KELP,SEASHELLS,2059,1
732100,,,RAINFOREST_RESIN,SEASHELLS,9998,5
732100,,SUBMISSION,RAINFOREST_RESIN,SEASHELLS,9998,1
732400,,,SQUID_INK,SEASHELLS,1865,2
732400,,,KELP,SEASHELLS,2058,2
732600,,SUBMISSION,RAINFOREST_RESIN,SEASHELLS,9998,1
732700,,,SQUID_INK,SEASHELLS,1865,1
732700,,SUBMISSION,KELP,SEASHELLS,2059,1
732800,,SUBMISSION,KELP,SEASHELLS,2059,7
732800,,SUBMISSION,KELP,SEASHELLS,2059,1
732900,,,SQUID_INK,SEASHELLS,1861,1
732900,,,KELP,SEASHELLS,2057,1
733100,,SUBMISSION,RAINFOREST_RESIN,SEASHELLS,9997,1
733200,,,KELP,SEASHELLS,2058,6
733200,,,SQUID_INK,SEASHELLS,1859,6
733400,,,KELP,SEASHELLS,2057,1
733400,,,SQUID_INK,SEASHELLS,1859,1
733500,SUBMISSION,,SQUID_INK,SEASHELLS,1858,4
733500,,SUBMISSION,RAINFOREST_RESIN,SEASHELLS,10002,7
733500,SUBMISSION,,KELP,SEASHELLS,2058,4
733800,,SUBMISSION,KELP,SEASHELLS,2060,1
733800,,,SQUID_INK,SEASHELLS,1860,1
734700,,,SQUID_INK,SEASHELLS,1859,3
734700,,,KELP,SEASHELLS,2060,4
734700,,,SQUID_INK,SEASHELLS,1860,9
734700,,SUBMISSION,KELP,SEASHELLS,2060,5
735000,,,KELP,SEASHELLS,2061,2
735000,,,SQUID_INK,SEASHELLS,1858,2
735400,,,SQUID_INK,SEASHELLS,1854,2
735400,,,KELP,SEASHELLS,2058,2
735900,,,KELP,SEASHELLS,2060,1
736000,,,SQUID_INK,SEASHELLS,1853,2
736000,,,KELP,SEASHELLS,2061,2
736300,,,KELP,SEASHELLS,2058,11
736300,SUBMISSION,,SQUID_INK,SEASHELLS,1849,11
736400,,,KELP,SEASHELLS,2058,1
736400,,SUBMISSION,RAINFOREST_RESIN,SEASHELLS,10002,2
736600,SUBMISSION,,SQUID_INK,SEASHELLS,1848,1
736600,,,KELP,SEASHELLS,2059,1
737500,,,KELP,SEASHELLS,2058,1
737500,,,SQUID_INK,SEASHELLS,1846,1
737700,,,SQUID_INK,SEASHELLS,1847,10
737700,,,KELP,SEASHELLS,2058,10
738100,,SUBMISSION,SQUID_INK,SEASHELLS,1854,16
738100,,,KELP,SEASHELLS,2058,1
738400,,,SQUID_INK,SEASHELLS,1853,1
738400,,,KELP,SEASHELLS,2058,1
738500,,,SQUID_INK,SEASHELLS,1852,1
738500,,SUBMISSION,RAINFOREST_RESIN,SEASHELLS,10006,2
738500,,,KELP,SEASHELLS,2058,1
738600,,,SQUID_INK,SEASHELLS,1853,7
738600,,,KELP,SEASHELLS,2061,7
738700,,SUBMISSION,RAINFOREST_RESIN,SEASHELLS,10007,2
738800,SUBMISSION,,KELP,SEASHELLS,2059,5
738800,,,SQUID_INK,SEASHELLS,1851,5
738900,,,SQUID_INK,SEASHELLS,1851,1
738900,,SUBMISSION,KELP,SEASHELLS,2060,1
739000,,,SQUID_INK,SEASHELLS,1850,1
739000,,,KELP,SEASHELLS,2060,1
739100,SUBMISSION,,RAINFOREST_RESIN,SEASHELLS,10001,2
739300,,,KELP,SEASHELLS,2058,6
739500,,,SQUID_INK,SEASHELLS,1853,1
739500,,,KELP,SEASHELLS,2059,1
739900,SUBMISSION,,KELP,SEASHELLS,2058,7
739900,,,SQUID_INK,SEASHELLS,1852,7
740300,,SUBMISSION,RAINFOREST_RESIN,SEASHELLS,9998,2
740300,,,RAINFOREST_RESIN,SEASHELLS,9999,1
740300,,,KELP,SEASHELLS,2057,1
740300,SUBMISSION,,SQUID_INK,SEASHELLS,1848,1
740500,,,KELP,SEASHELLS,2057,11
740500,,,SQUID_INK,SEASHELLS,1848,11
740600,SUBMISSION,,RAINFOREST_RESIN,SEASHELLS,9995,2
740900,,,SQUID_INK,SEASHELLS,1854,3
740900,,,RAINFOREST_RESIN,SEASHELLS,10003,6
740900,,,KELP,SEASHELLS,2057,3
741000,,SUBMISSION,SQUID_INK,SEASHELLS,1855,1
741000,,,KELP,SEASHELLS,2060,2
741100,,,KELP,SEASHELLS,2059,1
741100,,,SQUID_INK,SEASHELLS,1856,1
741100,,SUBMISSION,KELP,SEASHELLS,2059,3
741200,,,SQUID_INK,SEASHELLS,1856,1
741200,,SUBMISSION,KELP,SEASHELLS,2059,1
741300,,,SQUID_INK,SEASHELLS,1856,1
741300,,,KELP,SEASHELLS,2057,1
741400,SUBMISSION,,RAINFOREST_RESIN,SEASHELLS,10002,1
741400,,SUBMISSION,RAINFOREST_RESIN,SEASHELLS,10007,2
741400,,,RAINFOREST_RESIN,SEASHELLS,10007,4
741700,,,SQUID_INK,SEASHELLS,1862,3
741700,,,KELP,SEASHELLS,2058,3
741800,,,KELP,SEASHELLS,2058,1
741800,,,KELP,SEASHELLS,2057,2
741800,,,SQUID_INK,SEASHELLS,1862,2
741800,,,SQUID_INK,SEASHELLS,1863,1
741900,,,KELP,SEASHELLS,2058,1
741900,,,SQUID_INK,SEASHELLS,1863,1
742200,SUBMISSION,,RAINFOREST_RESIN,SEASHELLS,10002,1
742400,,,SQUID_INK,SEASHELLS,1863,1
742400,,,KELP,SEASHELLS,2056,1
742800,,,SQUID_INK,SEASHELLS,1868,1
742800,,,KELP,SEASHELLS,2058,1
742900,,,KELP,SEASHELLS,2057,3
742900,,,SQUID_INK,SEASHELLS,1866,3
743100,,,KELP,SEASHELLS,2057,1
743100,,,SQUID_INK,SEASHELLS,1867,1
743200,SUBMISSION,,RAINFOREST_RESIN,SEASHELLS,9997,8
743400,,SUBMISSION,RAINFOREST_RESIN,SEASHELLS,9998,1
743400,,SUBMISSION,KELP,SEASHELLS,2058,7
743500,,,KELP,SEASHELLS,2057,14
743500,,,SQUID_INK,SEASHELLS,1865,14
743600,,,KELP,SEASHELLS,2059,1
743600,,,SQUID_INK,SEASHELLS,1867,1
743700,,,KELP,SEASHELLS,2059,6
743700,,,SQUID_INK,SEASHELLS,1868,6
744200,,,SQUID_INK,SEASHELLS,1868,1
744300,,,SQUID_INK,SEASHELLS,1866,2
744300,,,KELP,SEASHELLS,2057,2
744400,SUBMISSION,,RAINFOREST_RESIN,SEASHELLS,10000,2
744400,,,KELP,SEASHELLS,2058,3
744400,,,SQUID_INK,SEASHELLS,1865,3
744500,SUBMISSION,,RAINFOREST_RESIN,SEASHELLS,9997,6
744800,,,KELP,SEASHELLS,2058,5
744800,,,SQUID_INK,SEASHELLS,1865,5
744800,SUBMISSION,,RAINFOREST_RESIN,SEASHELLS,9997,4
745000,,,KELP,SEASHELLS,2061,2
745000,,,SQUID_INK,SEASHELLS,1868,2
745200,,,SQUID_INK,SEASHELLS,1867,1
745200,,,KELP,SEASHELLS,2060,1
745300,,,KELP,SEASHELLS,2060,6
745500,,SUBMISSION,RAINFOREST_RESIN,SEASHELLS,9997,6
745500,,SUBMISSION,RAINFOREST_RESIN,SEASHELLS,9997,15
745700,,,RAINFOREST_RESIN,SEASHELLS,10001,1
745800,,,KELP,SEASHELLS,2061,1
745800,,,SQUID_INK,SEASHELLS,1867,1
746100,,,KELP,SEASHELLS,2059,1
746100,,,SQUID_INK,SEASHELLS,1867,1
746500,,,RAINFOREST_RESIN,SEASHELLS,10008,1
746600,,,RAINFOREST_RESIN,SEASHELLS,9999,1
746700,SUBMISSION,,RAINFOREST_RESIN,SEASHELLS,10002,2
746700,,,RAINFOREST_RESIN,SEASHELLS,10002,4
746800,,,KELP,SEASHELLS,2060,1
747000,,SUBMISSION,RAINFOREST_RESIN,SEASHELLS,10002,2
747100,,,RAINFOREST_RESIN,SEASHELLS,9999,1
747200,,,SQUID_INK,SEASHELLS,1867,1
747200,,,KELP,SEASHELLS,2058,1
747700,SUBMISSION,,RAINFOREST_RESIN,SEASHELLS,10002,1
748200,,,SQUID_INK,SEASHELLS,1870,9
748200,,,KELP,SEASHELLS,2059,9
749200,,,RAINFOREST_RESIN,SEASHELLS,9992,2
749500,,,SQUID_INK,SEASHELLS,1868,2
749500,,,KELP,SEASHELLS,2058,2
750000,SUBMISSION,,RAINFOREST_RESIN,SEASHELLS,9997,10
750200,,,SQUID_INK,SEASHELLS,1865,2
750200,,,KELP,SEASHELLS,2058,2
750200,SUBMISSION,,RAINFOREST_RESIN,SEASHELLS,9997,6
750900,,SUBMISSION,RAINFOREST_RESIN,SEASHELLS,9997,3
751200,,SUBMISSION,RAINFOREST_RESIN,SEASHELLS,10002,5
751300,,,SQUID_INK,SEASHELLS,1864,1
751400,,,SQUID_INK,SEASHELLS,1866,2
751700,SUBMISSION,,RAINFOREST_RESIN,SEASHELLS,9997,6
751800,SUBMISSION,,RAINFOREST_RESIN,SEASHELLS,10000,9
752200,,,KELP,SEASHELLS,2060,10
752200,,,SQUID_INK,SEASHELLS,1868,10
752400,SUBMISSION,,RAINFOREST_RESIN,SEASHELLS,9993,1
752500,,,KELP,SEASHELLS,2059,1
752500,,,SQUID_INK,SEASHELLS,1869,1
752600,,,KELP,SEASHELLS,2060,12
752600,,,SQUID_INK,SEASHELLS,1871,12
752900,,,SQUID_INK,SEASHELLS,1865,1
752900,,SUBMISSION,RAINFOREST_RESIN,SEASHELLS,10002,7
752900,,,KELP,SEASHELLS,2057,1
752900,,SUBMISSION,RAINFOREST_RESIN,SEASHELLS,10002,2
753000,,,SQUID_INK,SEASHELLS,1865,2
753000,,,KELP,SEASHELLS,2057,2
753200,,,KELP,SEASHELLS,2057,2
753200,,,SQUID_INK,SEASHELLS,1865,2
753500,SUBMISSION,,RAINFOREST_RESIN,SEASHELLS,9997,1
753600,,,KELP,SEASHELLS,2058,1
753600,,,SQUID_INK,SEASHELLS,1867,1
753700,,,KELP,SEASHELLS,2058,9
753700,,,SQUID_INK,SEASHELLS,1868,9
754100,,,KELP,SEASHELLS,2061,2
754100,,,SQUID_INK,SEASHELLS,1870,2
754300,,,RAINFOREST_RESIN,SEASHELLS,9992,6
754300,,,KELP,SEASHELLS,2060,1
754300,,,SQUID_INK,SEASHELLS,1870,1
754300,,,RAINFOREST_RESIN,SEASHELLS,9998,1
754600,,,SQUID_INK,SEASHELLS,1870,2
754600,,,KELP,SEASHELLS,2057,2
754600,,,SQUID_INK,SEASHELLS,1870,4
754600,,,KELP,SEASHELLS,2058,4
755000,,SUBMISSION,RAINFOREST_RESIN,SEASHELLS,9998,1
755000,,,KELP,SEASHELLS,2060,2
755000,,,SQUID_INK,SEASHELLS,1873,2
755200,,,KELP,SEASHELLS,2060,8
755200,,,SQUID_INK,SEASHELLS,1872,8
755300,,,RAINFOREST_RESIN,SEASHELLS,9998,1
755300,,,SQUID_INK,SEASHELLS,1870,1
755300,,,KELP,SEASHELLS,2057,1
755900,,,SQUID_INK,SEASHELLS,1871,1
755900,,,KELP,SEASHELLS,2059,1
756000,,,KELP,SEASHELLS,2060,2
756000,,,SQUID_INK,SEASHELLS,1872,2
756400,,,SQUID_INK,SEASHELLS,1872,1
756400,,,KELP,SEASHELLS,2057,1
756500,SUBMISSION,,RAINFOREST_RESIN,SEASHELLS,10000,6
756700,,,KELP,SEASHELLS,2057,6
756700,,,SQUID_INK,SEASHELLS,1872,6
756900,,,SQUID_INK,SEASHELLS,1873,4
756900,,,KELP,SEASHELLS,2057,4
757300,,,KELP,SEASHELLS,2057,1
757300,,,SQUID_INK,SEASHELLS,1871,1
757400,,,RAINFOREST_RESIN,SEASHELLS,9998,4
757400,,,RAINFOREST_RESIN,SEASHELLS,9992,6
757400,,,SQUID_INK,SEASHELLS,1871,2
757500,,,SQUID_INK,SEASHELLS,1871,1
757500,,,KELP,SEASHELLS,2056,1
757900,,,SQUID_INK,SEASHELLS,1870,1
757900,SUBMISSION,,KELP,SEASHELLS,2057,1
758500,,SUBMISSION,RAINFOREST_RESIN,SEASHELLS,10002,4
758500,,,KELP,SEASHELLS,2057,1
758500,,,SQUID_INK,SEASHELLS,1869,1
758800,,,KELP,SEASHELLS,2059,1
758800,,,SQUID_INK,SEASHELLS,1870,1
758800,,,SQUID_INK,SEASHELLS,1869,5
758800,,,KELP,SEASHELLS,2059,5
759000,,SUBMISSION,KELP,SEASHELLS,2058,1
759000,,SUBMISSION,RAINFOREST_RESIN,SEASHELLS,10002,2
759100,,,KELP,SEASHELLS,2057,1
759100,,,SQUID_INK,SEASHELLS,1866,1
759200,,,SQUID_INK,SEASHELLS,1866,2
759200,,,KELP,SEASHELLS,2057,10
759600,,,KELP,SEASHELLS,2058,1
759600,,,SQUID_INK,SEASHELLS,1870,1
760100,,,SQUID_INK,SEASHELLS,1866,4
760200,,SUBMISSION,RAINFOREST_RESIN,SEASHELLS,9997,3
760200,,,SQUID_INK,SEASHELLS,1865,1
760200,,,KELP,SEASHELLS,2057,1
760600,,,SQUID_INK,SEASHELLS,1863,1
760600,,,KELP,SEASHELLS,2056,1
760700,,,SQUID_INK,SEASHELLS,1865,1
760700,,,KELP,SEASHELLS,2059,1
760900,SUBMISSION,,RAINFOREST_RESIN,SEASHELLS,10002,1
761100,,SUBMISSION,RAINFOREST_RESIN,SEASHELLS,10005,1
761400,,,KELP,SEASHELLS,2057,3
761500,,,KELP,SEASHELLS,2057,1
761500,,SUBMISSION,RAINFOREST_RESIN,SEASHELLS,10002,5
761900,,SUBMISSION,RAINFOREST_RESIN,SEASHELLS,9997,7
762100,,,KELP,SEASHELLS,2056,1
762100,,,SQUID_INK,SEASHELLS,1860,1
762200,,,SQUID_INK,SEASHELLS,1862,1
762200,,,KELP,SEASHELLS,2060,1
762800,,,SQUID_INK,SEASHELLS,1861,5
762900,,,RAINFOREST_RESIN,SEASHELLS,9997,10
763100,SUBMISSION,,RAINFOREST_RESIN,SEASHELLS,10002,1
763500,,,SQUID_INK,SEASHELLS,1863,1
763500,,,KELP,SEASHELLS,2057,1
763700,,SUBMISSION,RAINFOREST_RESIN,SEASHELLS,10002,1
763800,SUBMISSION,,RAINFOREST_RESIN,SEASHELLS,9997,10
763900,,,SQUID_INK,SEASHELLS,1865,6
763900,SUBMISSION,,KELP,SEASHELLS,2058,6
763900,SUBMISSION,,RAINFOREST_RESIN,SEASHELLS,10002,1
764300,,,KELP,SEASHELLS,2057,1
764600,,,RAINFOREST_RESIN,SEASHELLS,10002,4
764600,,,SQUID_INK,SEASHELLS,1868,2
764600,SUBMISSION,,RAINFOREST_RESIN,SEASHELLS,10002,4
765000,,,KELP,SEASHELLS,2057,2
765000,,SUBMISSION,KELP,SEASHELLS,2059,1
765000,,,SQUID_INK,SEASHELLS,1867,1
765100,,,SQUID_INK,SEASHELLS,1864,1
765100,,SUBMISSION,RAINFOREST_RESIN,SEASHELLS,10002,6
765300,,,KELP,SEASHELLS,2057,1
765300,,,SQUID_INK,SEASHELLS,1866,1
765500,,SUBMISSION,RAINFOREST_RESIN,SEASHELLS,9996,9
765900,,,RAINFOREST_RESIN,SEASHELLS,9999,1
765900,,,SQUID_INK,SEASHELLS,1866,1
765900,,SUBMISSION,KELP,SEASHELLS,2059,1
766200,,,RAINFOREST_RESIN,SEASHELLS,9999,1
766200,,,KELP,SEASHELLS,2059,6
766400,,,SQUID_INK,SEASHELLS,1866,1
766400,,SUBMISSION,KELP,SEASHELLS,2060,1
766600,,,KELP,SEASHELLS,2058,2
766600,,,RAINFOREST_RESIN,SEASHELLS,10008,8
766600,,,SQUID_INK,SEASHELLS,1867,1
766600,,SUBMISSION,KELP,SEASHELLS,2060,1
766700,,SUBMISSION,KELP,SEASHELLS,2060,1
766700,,,SQUID_INK,SEASHELLS,1868,1
766800,,,KELP,SEASHELLS,2060,3
766800,,,SQUID_INK,SEASHELLS,1867,1
766800,,SUBMISSION,KELP,SEASHELLS,2060,1
766800,,,KELP,SEASHELLS,2060,1
767100,SUBMISSION,,RAINFOREST_RESIN,SEASHELLS,9997,1
767200,,SUBMISSION,RAINFOREST_RESIN,SEASHELLS,9997,1
767200,,,RAINFOREST_RESIN,SEASHELLS,9998,3
767300,,,KELP,SEASHELLS,2058,1
767300,,,SQUID_INK,SEASHELLS,1863,1
767500,,,SQUID_INK,SEASHELLS,1866,2
767500,,,KELP,SEASHELLS,2060,2
767500,,,SQUID_INK,SEASHELLS,1866,7
767500,,,KELP,SEASHELLS,2060,7
767600,,,KELP,SEASHELLS,2059,6
767600,,,SQUID_INK,SEASHELLS,1868,1
767600,,,KELP,SEASHELLS,2059,1
767600,,,SQUID_INK,SEASHELLS,1868,6
767600,,,RAINFOREST_RESIN,SEASHELLS,10003,5
767700,,,SQUID_INK,SEASHELLS,1869,1
767700,,,KELP,SEASHELLS,2061,1
767800,,,SQUID_INK,SEASHELLS,1865,1
767800,,,KELP,SEASHELLS,2057,1
768200,,,RAINFOREST_RESIN,SEASHELLS,10001,1
768300,SUBMISSION,,RAINFOREST_RESIN,SEASHELLS,10001,1
768300,,,RAINFOREST_RESIN,SEASHELLS,9999,1
768800,,,SQUID_INK,SEASHELLS,1871,2
768800,,,KELP,SEASHELLS,2060,2
768900,,,KELP,SEASHELLS,2059,1
768900,,,SQUID_INK,SEASHELLS,1869,1
769100,,,RAINFOREST_RESIN,SEASHELLS,9998,5
769100,,SUBMISSION,RAINFOREST_RESIN,SEASHELLS,9997,1
769400,,,SQUID_INK,SEASHELLS,1868,1
769400,,,KELP,SEASHELLS,2059,1
769600,,,RAINFOREST_RESIN,SEASHELLS,10008,2
769700,,,RAINFOREST_RESIN,SEASHELLS,9999,1
769800,,,KELP,SEASHELLS,2057,1
769800,,,SQUID_INK,SEASHELLS,1865,1
770000,,,SQUID_INK,SEASHELLS,1864,1
770000,,,KELP,SEASHELLS,2057,1
770100,,,SQUID_INK,SEASHELLS,1864,2
770100,SUBMISSION,,KELP,SEASHELLS,2058,1
770100,,,KELP,SEASHELLS,2057,2
770100,SUBMISSION,,SQUID_INK,SEASHELLS,1865,1
770200,,,SQUID_INK,SEASHELLS,1867,1
770200,,,KELP,SEASHELLS,2059,1
770200,SUBMISSION,,RAINFOREST_RESIN,SEASHELLS,9997,4
770500,,,KELP,SEASHELLS,2060,2
770500,,,SQUID_INK,SEASHELLS,1868,2
770800,,,SQUID_INK,SEASHELLS,1866,4
770800,,SUBMISSION,RAINFOREST_RESIN,SEASHELLS,10002,4
770800,,,KELP,SEASHELLS,2057,1
770900,,SUBMISSION,KELP,SEASHELLS,2059,1
770900,,SUBMISSION,SQUID_INK,SEASHELLS,1870,1
771800,,,SQUID_INK,SEASHELLS,1866,1
771800,,,KELP,SEASHELLS,2058,1
771900,,,KELP,SEASHELLS,2059,1
771900,,,RAINFOREST_RESIN,SEASHELLS,9999,1
771900,,,SQUID_INK,SEASHELLS,1867,1
772000,SUBMISSION,,RAINFOREST_RESIN,SEASHELLS,10002,1
772300,,,SQUID_INK,SEASHELLS,1865,1
772300,,,KELP,SEASHELLS,2058,1
772600,,,KELP,SEASHELLS,2056,7
772600,,,SQUID_INK,SEASHELLS,1862,7
772700,,SUBMISSION,RAINFOREST_RESIN,SEASHELLS,9997,1
772700,,,RAINFOREST_RESIN,SEASHELLS,9992,6
772700,,,RAINFOREST_RESIN,SEASHELLS,9998,3
773000,SUBMISSION,,KELP,SEASHELLS,2057,10
773000,,,SQUID_INK,SEASHELLS,1864,10
773100,,,SQUID_INK,SEASHELLS,1866,10
773100,,,KELP,SEASHELLS,2057,10
774200,,,RAINFOREST_RESIN,SEASHELLS,9998,4
774400,,,SQUID_INK,SEASHELLS,1869,7
774400,,,KELP,SEASHELLS,2056,2
774400,,,SQUID_INK,SEASHELLS,1868,2
774400,,,SQUID_INK,SEASHELLS,1869,2
774400,,,KELP,SEASHELLS,2056,9
774600,,,SQUID_INK,SEASHELLS,1869,3
774600,,,KELP,SEASHELLS,2056,3
774600,SUBMISSION,,RAINFOREST_RESIN,SEASHELLS,10002,1
774700,,,KELP,SEASHELLS,2056,2
774700,,SUBMISSION,KELP,SEASHELLS,2058,1
774700,,,SQUID_INK,SEASHELLS,1871,1
775200,,,SQUID_INK,SEASHELLS,1871,1
775200,,,KELP,SEASHELLS,2058,1
775400,,,SQUID_INK,SEASHELLS,1873,2
775400,,,SQUID_INK,SEASHELLS,1870,1
775400,,,KELP,SEASHELLS,2056,1
775500,,,KELP,SEASHELLS,2057,5
775500,,,SQUID_INK,SEASHELLS,1872,5
775500,SUBMISSION,,RAINFOREST_RESIN,SEASHELLS,9997,1
775800,,SUBMISSION,RAINFOREST_RESIN,SEASHELLS,10002,2
775800,,,RAINFOREST_RESIN,SEASHELLS,10002,6
775900,,,RAINFOREST_RESIN,SEASHELLS,9999,1
777000,,,RAINFOREST_RESIN,SEASHELLS,10008,10
777000,SUBMISSION,,RAINFOREST_RESIN,SEASHELLS,9997,2
777100,,SUBMISSION,KELP,SEASHELLS,2058,1
777100,,,SQUID_INK,SEASHELLS,1872,1
777200,,,SQUID_INK,SEASHELLS,1870,3
777200,,,KELP,SEASHELLS,2056,3
777200,,,SQUID_INK,SEASHELLS,1870,1
777200,,,KELP,SEASHELLS,2056,1
777500,,,KELP,SEASHELLS,2056,1
777500,,,SQUID_INK,SEASHELLS,1867,1
777600,,SUBMISSION,KELP,SEASHELLS,2058,1
778400,,,SQUID_INK,SEASHELLS,1867,2
778400,,,KELP,SEASHELLS,2059,2
779000,,,SQUID_INK,SEASHELLS,1863,7
779000,,,KELP,SEASHELLS,2056,7
779100,,SUBMISSION,RAINFOREST_RESIN,SEASHELLS,10002,2
779400,,,SQUID_INK,SEASHELLS,1863,6
779800,,,SQUID_INK,SEASHELLS,1863,5
779800,,,KELP,SEASHELLS,2057,1
779800,,,KELP,SEASHELLS,2057,5
779800,,,SQUID_INK,SEASHELLS,1863,1
780200,,,RAINFOREST_RESIN,SEASHELLS,10008,2
780200,,SUBMISSION,KELP,SEASHELLS,2058,7
780300,,,RAINFOREST_RESIN,SEASHELLS,10002,1
780700,,,KELP,SEASHELLS,2059,4
780700,,,SQUID_INK,SEASHELLS,1866,4
780700,,,RAINFOREST_RESIN,SEASHELLS,10008,2
780800,,,SQUID_INK,SEASHELLS,1865,2
780800,,,KELP,SEASHELLS,2057,2
781000,,,SQUID_INK,SEASHELLS,1865,1
781000,,,RAINFOREST_RESIN,SEASHELLS,10008,2
781000,,,KELP,SEASHELLS,2057,1
781200,,,KELP,SEASHELLS,2060,1
781200,,,SQUID_INK,SEASHELLS,1870,1
781600,SUBMISSION,,RAINFOREST_RESIN,SEASHELLS,9997,10
781800,SUBMISSION,,RAINFOREST_RESIN,SEASHELLS,10002,4
781900,,SUBMISSION,RAINFOREST_RESIN,SEASHELLS,9997,14
782600,,,SQUID_INK,SEASHELLS,1870,1
782600,,,KELP,SEASHELLS,2056,1
782600,,,SQUID_INK,SEASHELLS,1872,6
783100,,,KELP,SEASHELLS,2059,1
783100,,,SQUID_INK,SEASHELLS,1871,1
783300,,,KELP,SEASHELLS,2058,1
783300,,,SQUID_INK,SEASHELLS,1870,1
783400,,,SQUID_INK,SEASHELLS,1870,1
783400,,,KELP,SEASHELLS,2058,1
783700,,,KELP,SEASHELLS,2056,1
783700,,,SQUID_INK,SEASHELLS,1868,1
783800,,,SQUID_INK,SEASHELLS,1869,1
783800,,,KELP,SEASHELLS,2056,1
784100,,,KELP,SEASHELLS,2058,1
784100,,,SQUID_INK,SEASHELLS,1871,1
784200,,,SQUID_INK,SEASHELLS,1868,1
784400,,,KELP,SEASHELLS,2059,1
784400,SUBMISSION,,KELP,SEASHELLS,2057,2
784400,,,SQUID_INK,SEASHELLS,1869,1
784400,SUBMISSION,,SQUID_INK,SEASHELLS,1868,2
784500,,,SQUID_INK,SEASHELLS,1868,1
784500,,,KELP,SEASHELLS,2056,1
784600,,SUBMISSION,KELP,SEASHELLS,2059,1
784600,,,RAINFOREST_RESIN,SEASHELLS,9998,4
784800,,,SQUID_INK,SEASHELLS,1870,1
784800,,SUBMISSION,KELP,SEASHELLS,2058,1
784900,,,SQUID_INK,SEASHELLS,1869,1
784900,,,KELP,SEASHELLS,2059,1
785100,,,KELP,SEASHELLS,2057,1
785100,,,SQUID_INK,SEASHELLS,1866,1
785200,,,KELP,SEASHELLS,2058,3
785200,,,KELP,SEASHELLS,2058,2
785200,,,SQUID_INK,SEASHELLS,1868,2
785200,,,RAINFOREST_RESIN,SEASHELLS,9997,7
785300,,,SQUID_INK,SEASHELLS,1867,5
785300,,,KELP,SEASHELLS,2057,5
785300,,,KELP,SEASHELLS,2057,3
785300,,,SQUID_INK,SEASHELLS,1867,3
785600,SUBMISSION,,RAINFOREST_RESIN,SEASHELLS,9997,4
785800,,,KELP,SEASHELLS,2059,4
785800,,,KELP,SEASHELLS,2060,1
785800,,,SQUID_INK,SEASHELLS,1871,1
785900,,,KELP,SEASHELLS,2059,1
786100,,,SQUID_INK,SEASHELLS,1869,1
786100,,,KELP,SEASHELLS,2057,1
786100,,,SQUID_INK,SEASHELLS,1870,5
786400,,,KELP,SEASHELLS,2057,2
786400,,,SQUID_INK,SEASHELLS,1870,2
786500,,,KELP,SEASHELLS,2059,1
786500,,SUBMISSION,SQUID_INK,SEASHELLS,1871,1
786800,,,SQUID_INK,SEASHELLS,1869,7
786800,,,SQUID_INK,SEASHELLS,1869,1
786800,,,SQUID_INK,SEASHELLS,1872,2
786800,,,KELP,SEASHELLS,2057,1
786800,,,KELP,SEASHELLS,2060,2
786800,,,KELP,SEASHELLS,2057,7
786900,,,SQUID_INK,SEASHELLS,1870,4
786900,,,KELP,SEASHELLS,2057,4
787400,,,KELP,SEASHELLS,2060,1
787400,,SUBMISSION,RAINFOREST_RESIN,SEASHELLS,9997,4
787400,,,SQUID_INK,SEASHELLS,1874,1
787600,,,RAINFOREST_RESIN,SEASHELLS,9999,1
787600,SUBMISSION,,RAINFOREST_RESIN,SEASHELLS,9993,4
787700,,SUBMISSION,RAINFOREST_RESIN,SEASHELLS,9997,4
788000,,,RAINFOREST_RESIN,SEASHELLS,10002,4
788000,SUBMISSION,,RAINFOREST_RESIN,SEASHELLS,10002,4
788600,,,KELP,SEASHELLS,2059,1
788600,,,SQUID_INK,SEASHELLS,1873,1
788800,,,SQUID_INK,SEASHELLS,1871,1
788800,,,KELP,SEASHELLS,2058,1
789300,,,KELP,SEASHELLS,2056,1
789300,SUBMISSION,,RAINFOREST_RESIN,SEASHELLS,10000,6
789300,,,SQUID_INK,SEASHELLS,1868,1
789400,,,KELP,SEASHELLS,2058,2
789400,,,SQUID_INK,SEASHELLS,1869,2
789400,,,SQUID_INK,SEASHELLS,1869,1
789400,,,KELP,SEASHELLS,2058,1
789500,,,RAINFOREST_RESIN,SEASHELLS,9998,3
789700,SUBMISSION,,RAINFOREST_RESIN,SEASHELLS,10002,1
789700,,,KELP,SEASHELLS,2056,1
789700,,,SQUID_INK,SEASHELLS,1867,1
790000,SUBMISSION,,RAINFOREST_RESIN,SEASHELLS,10002,1
790000,,,SQUID_INK,SEASHELLS,1868,1
790000,,,KELP,SEASHELLS,2058,1
790300,SUBMISSION,,RAINFOREST_RESIN,SEASHELLS,10000,5
790300,,,SQUID_INK,SEASHELLS,1865,1
790300,,,KELP,SEASHELLS,2056,1
790600,,,SQUID_INK,SEASHELLS,1864,4
790600,,,KELP,SEASHELLS,2056,4
790800,SUBMISSION,,RAINFOREST_RESIN,SEASHELLS,9997,2
791200,,,KELP,SEASHELLS,2056,5
791200,,SUBMISSION,RAINFOREST_RESIN,SEASHELLS,10002,1
791200,SUBMISSION,,RAINFOREST_RESIN,SEASHELLS,9997,6
791400,,,SQUID_INK,SEASHELLS,1865,1
791400,,,KELP,SEASHELLS,2056,1
791600,,SUBMISSION,RAINFOREST_RESIN,SEASHELLS,10002,1
791600,,,SQUID_INK,SEASHELLS,1865,2
791600,,,KELP,SEASHELLS,2056,2
792200,,SUBMISSION,RAINFOREST_RESIN,SEASHELLS,9997,6
792300,,SUBMISSION,RAINFOREST_RESIN,SEASHELLS,10002,5
792400,,,KELP,SEASHELLS,2056,1
792600,,,KELP,SEASHELLS,2057,2
792600,,,SQUID_INK,SEASHELLS,1864,2
792600,,,SQUID_INK,SEASHELLS,1862,4
792900,,,KELP,SEASHELLS,2056,1
792900,,,SQUID_INK,SEASHELLS,1861,1
793400,,,KELP,SEASHELLS,2056,1
793400,,,SQUID_INK,SEASHELLS,1860,1
793700,SUBMISSION,,RAINFOREST_RESIN,SEASHELLS,9997,1
794000,SUBMISSION,,SQUID_INK,SEASHELLS,1857,1
794000,,,KELP,SEASHELLS,2056,1
794200,SUBMISSION,,SQUID_INK,SEASHELLS,1856,2
794200,,,KELP,SEASHELLS,2056,2
794300,,SUBMISSION,RAINFOREST_RESIN,SEASHELLS,9998,1
794300,,,KELP,SEASHELLS,2056,2
794300,,,SQUID_INK,SEASHELLS,1855,2
795100,SUBMISSION,,RAINFOREST_RESIN,SEASHELLS,9997,4
795300,,,KELP,SEASHELLS,2058,6
795300,,,SQUID_INK,SEASHELLS,1860,6
795500,,SUBMISSION,RAINFOREST_RESIN,SEASHELLS,9998,1
795500,,SUBMISSION,SQUID_INK,SEASHELLS,1861,3
795700,,,SQUID_INK,SEASHELLS,1861,2
795700,,,KELP,SEASHELLS,2057,2
796000,,,KELP,SEASHELLS,2060,1
796000,,,SQUID_INK,SEASHELLS,1865,1
796200,,,SQUID_INK,SEASHELLS,1862,4
796200,,,KELP,SEASHELLS,2057,4
796300,SUBMISSION,,RAINFOREST_RESIN,SEASHELLS,9997,1
796700,,SUBMISSION,RAINFOREST_RESIN,SEASHELLS,10002,5
796800,,SUBMISSION,RAINFOREST_RESIN,SEASHELLS,10002,2
796900,SUBMISSION,,RAINFOREST_RESIN,SEASHELLS,10002,1
797100,,,KELP,SEASHELLS,2057,14
797100,,,SQUID_INK,SEASHELLS,1862,14
797300,,SUBMISSION,RAINFOREST_RESIN,SEASHELLS,10002,8
797300,,,KELP,SEASHELLS,2057,1
797300,,,SQUID_INK,SEASHELLS,1861,1
797400,,,KELP,SEASHELLS,2059,1
797800,,,RAINFOREST_RESIN,SEASHELLS,10005,4
797800,,SUBMISSION,RAINFOREST_RESIN,SEASHELLS,10005,3
797900,,,RAINFOREST_RESIN,SEASHELLS,9998,5
798500,SUBMISSION,,RAINFOREST_RESIN,SEASHELLS,9995,7
799000,,,KELP,SEASHELLS,2060,1
799000,,,SQUID_INK,SEASHELLS,1860,1
799200,,,KELP,SEASHELLS,2060,1
799200,,,SQUID_INK,SEASHELLS,1860,1
799400,,,KELP,SEASHELLS,2058,1
799400,,,SQUID_INK,SEASHELLS,1861,1
799400,,,SQUID_INK,SEASHELLS,1862,2
799500,SUBMISSION,,RAINFOREST_RESIN,SEASHELLS,9997,1
800400,,,SQUID_INK,SEASHELLS,1859,7
800400,,,KELP,SEASHELLS,2058,7
800400,,,SQUID_INK,SEASHELLS,1862,10
800400,,,KELP,SEASHELLS,2061,10
800500,,,SQUID_INK,SEASHELLS,1861,1
800500,,,KELP,SEASHELLS,2060,1
800600,,SUBMISSION,RAINFOREST_RESIN,SEASHELLS,9998,8
800700,,,RAINFOREST_RESIN,SEASHELLS,9997,10
800800,,,SQUID_INK,SEASHELLS,1861,10
800800,,,KELP,SEASHELLS,2061,10
800800,SUBMISSION,,RAINFOREST_RESIN,SEASHELLS,9997,2
800800,,,RAINFOREST_RESIN,SEASHELLS,10008,5
801700,,,SQUID_INK,SEASHELLS,1855,1
801700,,,KELP,SEASHELLS,2057,1
802000,,SUBMISSION,RAINFOREST_RESIN,SEASHELLS,10002,2
802300,SUBMISSION,,RAINFOREST_RESIN,SEASHELLS,10002,1
802300,,,RAINFOREST_RESIN,SEASHELLS,10008,9
802400,,,SQUID_INK,SEASHELLS,1855,1
802800,,SUBMISSION,RAINFOREST_RESIN,SEASHELLS,10000,1
803100,,,KELP,SEASHELLS,2061,12
803100,,,SQUID_INK,SEASHELLS,1852,12
803400,,,KELP,SEASHELLS,2060,1
803400,,,KELP,SEASHELLS,2059,7
803400,,,KELP,SEASHELLS,2058,2
803400,,,SQUID_INK,SEASHELLS,1851,1
803400,,,SQUID_INK,SEASHELLS,1849,7
803400,,,SQUID_INK,SEASHELLS,1849,2
803500,,,KELP,SEASHELLS,2061,1
803600,,,KELP,SEASHELLS,2058,8
803600,,,SQUID_INK,SEASHELLS,1851,8
803800,,,KELP,SEASHELLS,2062,2
803800,,,SQUID_INK,SEASHELLS,1853,2
803900,,,SQUID_INK,SEASHELLS,1850,3
803900,,,KELP,SEASHELLS,2059,3
804000,,,KELP,SEASHELLS,2058,10
804000,,,SQUID_INK,SEASHELLS,1851,10
804300,,,SQUID_INK,SEASHELLS,1856,2
804300,SUBMISSION,,RAINFOREST_RESIN,SEASHELLS,9997,5
804300,,,KELP,SEASHELLS,2061,2
804400,SUBMISSION,,RAINFOREST_RESIN,SEASHELLS,9997,2
804500,,,SQUID_INK,SEASHELLS,1854,1
804500,,,KELP,SEASHELLS,2058,1
804800,SUBMISSION,,RAINFOREST_RESIN,SEASHELLS,9997,6
804900,,,SQUID_INK,SEASHELLS,1855,1
804900,,,KELP,SEASHELLS,2058,1
805000,,,KELP,SEASHELLS,2060,1
805000,,,SQUID_INK,SEASHELLS,1857,1
805300,SUBMISSION,,KELP,SEASHELLS,2059,1
805300,,,SQUID_INK,SEASHELLS,1858,1
805600,,,KELP,SEASHELLS,2057,1
805600,,,SQUID_INK,SEASHELLS,1858,1
805700,,,SQUID_INK,SEASHELLS,1860,4
805700,SUBMISSION,,RAINFOREST_RESIN,SEASHELLS,9997,5
805800,SUBMISSION,,RAINFOREST_RESIN,SEASHELLS,10002,1
806300,,,SQUID_INK,SEASHELLS,1863,2
806300,,SUBMISSION,RAINFOREST_RESIN,SEASHELLS,9998,1
806400,,,SQUID_INK,SEASHELLS,1863,1
806400,,,KELP,SEASHELLS,2057,1
806800,,,RAINFOREST_RESIN,SEASHELLS,10003,5
806800,,SUBMISSION,KELP,SEASHELLS,2059,1
806900,,,SQUID_INK,SEASHELLS,1865,1
806900,,,KELP,SEASHELLS,2057,1
807000,SUBMISSION,,RAINFOREST_RESIN,SEASHELLS,10002,1
807000,SUBMISSION,,RAINFOREST_RESIN,SEASHELLS,10002,2
807100,,,KELP,SEASHELLS,2059,1
807100,,,SQUID_INK,SEASHELLS,1868,1
807400,,,KELP,SEASHELLS,2057,2
807400,,SUBMISSION,RAINFOREST_RESIN,SEASHELLS,10002,9
807400,,,SQUID_INK,SEASHELLS,1866,3
807400,,,KELP,SEASHELLS,2057,1
807500,,,KELP,SEASHELLS,2060,1
807500,,,SQUID_INK,SEASHELLS,1868,1
808000,,,KELP,SEASHELLS,2059,1
808000,,,SQUID_INK,SEASHELLS,1866,1
808100,,,KELP,SEASHELLS,2060,9
808100,,,SQUID_INK,SEASHELLS,1865,9
808600,,,SQUID_INK,SEASHELLS,1861,2
808600,,,KELP,SEASHELLS,2058,2
808700,,,KELP,SEASHELLS,2060,2
808700,,,SQUID_INK,SEASHELLS,1864,2
808800,,,KELP,SEASHELLS,2057,1
808800,,,KELP,SEASHELLS,2059,1
808800,,,SQUID_INK,SEASHELLS,1863,1
808800,,,SQUID_INK,SEASHELLS,1861,1
809100,SUBMISSION,,RAINFOREST_RESIN,SEASHELLS,10001,6
809300,,,SQUID_INK,SEASHELLS,1859,1
809300,SUBMISSION,,KELP,SEASHELLS,2058,1
809400,,SUBMISSION,KELP,SEASHELLS,2059,1
809800,,,KELP,SEASHELLS,2057,1
809800,,,SQUID_INK,SEASHELLS,1856,1
809900,,SUBMISSION,RAINFOREST_RESIN,SEASHELLS,10000,1
810000,SUBMISSION,,RAINFOREST_RESIN,SEASHELLS,9993,6
810200,,,KELP,SEASHELLS,2056,1
810200,,,SQUID_INK,SEASHELLS,1856,1
810300,,,KELP,SEASHELLS,2056,1
810300,,,SQUID_INK,SEASHELLS,1857,1
810400,,,KELP,SEASHELLS,2059,1
810400,,,SQUID_INK,SEASHELLS,1859,1
810500,,,SQUID_INK,SEASHELLS,1857,1
810500,,,KELP,SEASHELLS,2056,1
810600,,,SQUID_INK,SEASHELLS,1858,1
810600,SUBMISSION,,KELP,SEASHELLS,2057,1
811100,,,KELP,SEASHELLS,2056,1
811100,,,SQUID_INK,SEASHELLS,1866,1
811200,,,SQUID_INK,SEASHELLS,1868,1
811200,,,SQUID_INK,SEASHELLS,1867,1
811200,,SUBMISSION,KELP,SEASHELLS,2059,1
811400,,,KELP,SEASHELLS,2056,1
811400,,,SQUID_INK,SEASHELLS,1866,1
811500,,,SQUID_INK,SEASHELLS,1869,1
811700,,,KELP,SEASHELLS,2057,1
811700,,,SQUID_INK,SEASHELLS,1867,1
811800,,SUBMISSION,RAINFOREST_RESIN,SEASHELLS,9997,6
812000,,,SQUID_INK,SEASHELLS,1866,2
812000,,,KELP,SEASHELLS,2057,2
812400,,SUBMISSION,RAINFOREST_RESIN,SEASHELLS,9997,4
812600,,SUBMISSION,RAINFOREST_RESIN,SEASHELLS,10002,2
813000,,,KELP,SEASHELLS,2056,1
813000,,,SQUID_INK,SEASHELLS,1866,1
813100,,,SQUID_INK,SEASHELLS,1868,4
813100,,,KELP,SEASHELLS,2058,4
813400,,,RAINFOREST_RESIN,SEASHELLS,10002,1
813800,,,KELP,SEASHELLS,2057,1
813800,,,SQUID_INK,SEASHELLS,1866,2
813800,,,SQUID_INK,SEASHELLS,1863,1
814100,,,KELP,SEASHELLS,2057,13
814100,SUBMISSION,,SQUID_INK,SEASHELLS,1864,13
814200,,,SQUID_INK,SEASHELLS,1863,1
814200,,,KELP,SEASHELLS,2057,1
814300,,,KELP,SEASHELLS,2057,1
814300,,,SQUID_INK,SEASHELLS,1862,1
814700,,,SQUID_INK,SEASHELLS,1865,2
814700,,,KELP,SEASHELLS,2059,2
814700,,,KELP,SEASHELLS,2059,3
815000,,,SQUID_INK,SEASHELLS,1865,8
815000,,,KELP,SEASHELLS,2060,8
815100,,,KELP,SEASHELLS,2059,5
815100,,,SQUID_INK,SEASHELLS,1863,1
815100,,,SQUID_INK,SEASHELLS,1865,5
815100,,,KELP,SEASHELLS,2057,1
815600,,,RAINFOREST_RESIN,SEASHELLS,10001,1
815800,,SUBMISSION,RAINFOREST_RESIN,SEASHELLS,10002,5
815900,,,KELP,SEASHELLS,2059,1
815900,,,SQUID_INK,SEASHELLS,1865,1
815900,,,SQUID_INK,SEASHELLS,1866,2
815900,,,KELP,SEASHELLS,2060,2
816000,,,SQUID_INK,SEASHELLS,1865,1
816200,,,KELP,SEASHELLS,2057,1
816200,,,SQUID_INK,SEASHELLS,1862,1
816400,,,KELP,SEASHELLS,2057,1
816400,SUBMISSION,,SQUID_INK,SEASHELLS,1862,1
816600,,,KELP,SEASHELLS,2059,4
816800,,,KELP,SEASHELLS,2058,2
816800,,,SQUID_INK,SEASHELLS,1863,2
816900,,,SQUID_INK,SEASHELLS,1863,3
817100,,,SQUID_INK,SEASHELLS,1863,1
817100,,,KELP,SEASHELLS,2057,1
817300,SUBMISSION,,RAINFOREST_RESIN,SEASHELLS,9997,2
817500,,,SQUID_INK,SEASHELLS,1864,1
817500,,,KELP,SEASHELLS,2057,1
817600,,,KELP,SEASHELLS,2059,1
817600,,SUBMISSION,SQUID_INK,SEASHELLS,1867,1
817700,SUBMISSION,,RAINFOREST_RESIN,SEASHELLS,10000,8
817700,,SUBMISSION,SQUID_INK,SEASHELLS,1867,1
818000,,,KELP,SEASHELLS,2057,1
818000,,,SQUID_INK,SEASHELLS,1863,1
818000,,SUBMISSION,RAINFOREST_RESIN,SEASHELLS,10002,2
818100,,,KELP,SEASHELLS,2057,7
818100,,,SQUID_INK,SEASHELLS,1863,7
818300,,,KELP,SEASHELLS,2059,1
818300,,,SQUID_INK,SEASHELLS,1865,1
818900,,SUBMISSION,RAINFOREST_RESIN,SEASHELLS,10002,6
819100,,,SQUID_INK,SEASHELLS,1864,6
819100,,,KELP,SEASHELLS,2058,6
819100,,,KELP,SEASHELLS,2057,2
819100,,,SQUID_INK,SEASHELLS,1863,2
819200,,,KELP,SEASHELLS,2057,1
819200,SUBMISSION,,SQUID_INK,SEASHELLS,1862,1
819300,,,SQUID_INK,SEASHELLS,1863,1
819300,,,KELP,SEASHELLS,2059,1
819400,,SUBMISSION,RAINFOREST_RESIN,SEASHELLS,10005,2
819700,,SUBMISSION,RAINFOREST_RESIN,SEASHELLS,9996,6
819900,,,RAINFOREST_RESIN,SEASHELLS,9999,1
820000,,,KELP,SEASHELLS,2057,12
820000,,,SQUID_INK,SEASHELLS,1860,12
820400,,,KELP,SEASHELLS,2059,1
820400,,,SQUID_INK,SEASHELLS,1861,1
820500,,,KELP,SEASHELLS,2057,5
820500,,,SQUID_INK,SEASHELLS,1859,5
820700,,,KELP,SEASHELLS,2059,1
820700,,,SQUID_INK,SEASHELLS,1861,1
820800,,,KELP,SEASHELLS,2058,5
820800,,,SQUID_INK,SEASHELLS,1861,5
821000,,,KELP,SEASHELLS,2059,1
821000,,,SQUID_INK,SEASHELLS,1862,1
821100,,,SQUID_INK,SEASHELLS,1862,1
821100,,,KELP,SEASHELLS,2059,1
821800,,,RAINFOREST_RESIN,SEASHELLS,9998,4
821800,,,KELP,SEASHELLS,2058,1
821800,,,KELP,SEASHELLS,2059,1
821800,,,SQUID_INK,SEASHELLS,1861,1
822100,,,SQUID_INK,SEASHELLS,1860,3
822200,,,KELP,SEASHELLS,2059,1
822200,,,SQUID_INK,SEASHELLS,1860,1
822300,SUBMISSION,,RAINFOREST_RESIN,SEASHELLS,9997,2
822400,,,KELP,SEASHELLS,2056,1
822400,,,SQUID_INK,SEASHELLS,1858,1
822800,,SUBMISSION,RAINFOREST_RESIN,SEASHELLS,9998,2
822800,,,RAINFOREST_RESIN,SEASHELLS,9999,1
823000,,,RAINFOREST_RESIN,SEASHELLS,10008,2
823200,,,SQUID_INK,SEASHELLS,1858,1
823200,,,KELP,SEASHELLS,2057,1
823600,,,SQUID_INK,SEASHELLS,1859,1
823600,,,KELP,SEASHELLS,2059,1
824200,,,KELP,SEASHELLS,2057,1
824200,,,SQUID_INK,SEASHELLS,1859,2
824200,,,KELP,SEASHELLS,2057,2
824200,,,SQUID_INK,SEASHELLS,1859,1
824300,,,RAINFOREST_RESIN,SEASHELLS,9999,1
824400,,,RAINFOREST_RESIN,SEASHELLS,9998,4
824600,,,KELP,SEASHELLS,2057,1
824600,,,SQUID_INK,SEASHELLS,1859,4
824600,,,SQUID_INK,SEASHELLS,1859,2
824600,,,KELP,SEASHELLS,2057,4
824600,,,SQUID_INK,SEASHELLS,1859,0
824600,,,SQUID_INK,SEASHELLS,1859,1
824600,,,KELP,SEASHELLS,2057,0
824700,,,KELP,SEASHELLS,2057,1
824700,,,SQUID_INK,SEASHELLS,1860,1
824800,SUBMISSION,,RAINFOREST_RESIN,SEASHELLS,10002,1
824900,,SUBMISSION,SQUID_INK,SEASHELLS,1861,2
824900,,,KELP,SEASHELLS,2060,2
825000,,SUBMISSION,SQUID_INK,SEASHELLS,1861,11
825100,,,SQUID_INK,SEASHELLS,1860,1
825100,SUBMISSION,,RAINFOREST_RESIN,SEASHELLS,9997,6
825400,,SUBMISSION,RAINFOREST_RESIN,SEASHELLS,9997,6
825400,,SUBMISSION,RAINFOREST_RESIN,SEASHELLS,9997,1
825500,SUBMISSION,,RAINFOREST_RESIN,SEASHELLS,10001,2
825800,,,SQUID_INK,SEASHELLS,1861,1
825800,,,KELP,SEASHELLS,2056,1
825900,,,SQUID_INK,SEASHELLS,1864,1
825900,,,KELP,SEASHELLS,2059,1
826000,,,SQUID_INK,SEASHELLS,1863,9
826000,,,KELP,SEASHELLS,2057,9
826100,,SUBMISSION,RAINFOREST_RESIN,SEASHELLS,9998,2
826700,,,KELP,SEASHELLS,2060,6
826700,,,SQUID_INK,SEASHELLS,1865,6
826800,,,KELP,SEASHELLS,2058,1
827200,,,SQUID_INK,SEASHELLS,1860,1
827200,,,KELP,SEASHELLS,2057,1
827400,,,KELP,SEASHELLS,2058,1
827500,SUBMISSION,,RAINFOREST_RESIN,SEASHELLS,9997,7
827500,,,SQUID_INK,SEASHELLS,1862,2
827500,,,KELP,SEASHELLS,2060,2
827800,,,SQUID_INK,SEASHELLS,1860,1
827800,SUBMISSION,,RAINFOREST_RESIN,SEASHELLS,9997,6
827800,,,KELP,SEASHELLS,2057,1
828000,,,SQUID_INK,SEASHELLS,1860,2
828000,,,KELP,SEASHELLS,2059,1
828000,,,SQUID_INK,SEASHELLS,1861,1
828500,,,SQUID_INK,SEASHELLS,1859,1
828500,,,KELP,SEASHELLS,2057,1
828700,,SUBMISSION,RAINFOREST_RESIN,SEASHELLS,10002,1
828800,SUBMISSION,,RAINFOREST_RESIN,SEASHELLS,9997,1
829000,,SUBMISSION,RAINFOREST_RESIN,SEASHELLS,10005,4
829200,,,KELP,SEASHELLS,2057,1
829200,,,SQUID_INK,SEASHELLS,1858,1
829200,SUBMISSION,,RAINFOREST_RESIN,SEASHELLS,10002,1
829600,,,SQUID_INK,SEASHELLS,1860,1
829600,,,KELP,SEASHELLS,2058,2
829600,,,KELP,SEASHELLS,2060,1
829800,,SUBMISSION,RAINFOREST_RESIN,SEASHELLS,10002,5
829900,,,SQUID_INK,SEASHELLS,1860,1
829900,,,KELP,SEASHELLS,2058,1
830400,SUBMISSION,,RAINFOREST_RESIN,SEASHELLS,9997,4
830400,,,SQUID_INK,SEASHELLS,1861,13
830400,,,KELP,SEASHELLS,2057,13
830600,,,KELP,SEASHELLS,2057,9
830600,,,SQUID_INK,SEASHELLS,1857,9
830600,,SUBMISSION,RAINFOREST_RESIN,SEASHELLS,10002,2
830700,,,SQUID_INK,SEASHELLS,1858,5
830700,,,KELP,SEASHELLS,2058,5
831000,,,KELP,SEASHELLS,2059,1
831000,,SUBMISSION,RAINFOREST_RESIN,SEASHELLS,10007,2
831000,SUBMISSION,,RAINFOREST_RESIN,SEASHELLS,10002,1
831000,,,SQUID_INK,SEASHELLS,1860,1
831600,,,SQUID_INK,SEASHELLS,1858,2
831600,,,KELP,SEASHELLS,2057,2
831600,,SUBMISSION,RAINFOREST_RESIN,SEASHELLS,10002,2
832400,,,KELP,SEASHELLS,2058,5
832400,,,SQUID_INK,SEASHELLS,1855,5
832500,,,SQUID_INK,SEASHELLS,1857,1
832500,,,KELP,SEASHELLS,2058,1
832600,,,KELP,SEASHELLS,2058,1
832600,,,SQUID_INK,SEASHELLS,1855,1
832900,SUBMISSION,,RAINFOREST_RESIN,SEASHELLS,9997,1
833100,,,KELP,SEASHELLS,2057,2
833100,,,SQUID_INK,SEASHELLS,1857,2
833500,,,SQUID_INK,SEASHELLS,1859,8
833500,,,KELP,SEASHELLS,2061,8
833900,,,SQUID_INK,SEASHELLS,1863,1
833900,,,KELP,SEASHELLS,2060,1
834100,,,KELP,SEASHELLS,2058,6
834100,,SUBMISSION,RAINFOREST_RESIN,SEASHELLS,10007,4
834500,,,KELP,SEASHELLS,2057,1
834600,,,SQUID_INK,SEASHELLS,1857,10
834600,,,KELP,SEASHELLS,2057,10
834600,,,SQUID_INK,SEASHELLS,1857,4
834700,,,KELP,SEASHELLS,2057,1
834700,,,SQUID_INK,SEASHELLS,1857,1
834900,,,RAINFOREST_RESIN,SEASHELLS,10002,1
835200,,,KELP,SEASHELLS,2057,1
835200,,,SQUID_INK,SEASHELLS,1860,1
835300,,SUBMISSION,RAINFOREST_RESIN,SEASHELLS,9997,1
835800,,,KELP,SEASHELLS,2057,1
835800,,,SQUID_INK,SEASHELLS,1860,1
835900,,,KELP,SEASHELLS,2057,1
835900,,,SQUID_INK,SEASHELLS,1859,1
836000,,,RAINFOREST_RESIN,SEASHELLS,9999,1
836000,SUBMISSION,,RAINFOREST_RESIN,SEASHELLS,9993,2
836400,,SUBMISSION,RAINFOREST_RESIN,SEASHELLS,9998,2
836900,,,RAINFOREST_RESIN,SEASHELLS,10008,2
837000,SUBMISSION,,RAINFOREST_RESIN,SEASHELLS,10002,1
837000,,,RAINFOREST_RESIN,SEASHELLS,10008,1
837100,,SUBMISSION,RAINFOREST_RESIN,SEASHELLS,10002,1
837200,SUBMISSION,,RAINFOREST_RESIN,SEASHELLS,9995,2
837200,SUBMISSION,,RAINFOREST_RESIN,SEASHELLS,9995,4
837300,,,KELP,SEASHELLS,2058,2
837300,,,SQUID_INK,SEASHELLS,1854,2
837300,SUBMISSION,,RAINFOREST_RESIN,SEASHELLS,9997,1
837400,,SUBMISSION,RAINFOREST_RESIN,SEASHELLS,10002,5
837500,,,SQUID_INK,SEASHELLS,1854,1
837500,,,KELP,SEASHELLS,2058,1
837600,,,KELP,SEASHELLS,2058,1
837600,,,SQUID_INK,SEASHELLS,1854,1
838200,,,SQUID_INK,SEASHELLS,1858,1
838200,,,KELP,SEASHELLS,2060,1
838400,,,RAINFOREST_RESIN,SEASHELLS,9999,1
838500,SUBMISSION,,RAINFOREST_RESIN,SEASHELLS,9997,1
838500,,,KELP,SEASHELLS,2059,5
838500,,,SQUID_INK,SEASHELLS,1859,5
838700,,,RAINFOREST_RESIN,SEASHELLS,10002,5
838700,,SUBMISSION,RAINFOREST_RESIN,SEASHELLS,10002,3
839400,,,RAINFOREST_RESIN,SEASHELLS,10008,7
839500,,,SQUID_INK,SEASHELLS,1863,5
839500,,,KELP,SEASHELLS,2059,5
839600,,,RAINFOREST_RESIN,SEASHELLS,10008,5
840000,,,SQUID_INK,SEASHELLS,1861,2
840000,,,KELP,SEASHELLS,2059,2
840500,,,SQUID_INK,SEASHELLS,1861,1
840500,,,RAINFOREST_RESIN,SEASHELLS,10008,7
840500,,,KELP,SEASHELLS,2058,1
840500,,,SQUID_INK,SEASHELLS,1862,3
840500,,,KELP,SEASHELLS,2058,2
840600,,,SQUID_INK,SEASHELLS,1863,12
840600,,,SQUID_INK,SEASHELLS,1863,1
840600,,,KELP,SEASHELLS,2061,13
841000,SUBMISSION,,RAINFOREST_RESIN,SEASHELLS,9997,2
841500,,,SQUID_INK,SEASHELLS,1863,1
841500,,,KELP,SEASHELLS,2058,1
841500,,SUBMISSION,RAINFOREST_RESIN,SEASHELLS,9998,2
841500,,,RAINFOREST_RESIN,SEASHELLS,9999,1
842100,SUBMISSION,,RAINFOREST_RESIN,SEASHELLS,10000,6
842400,,,SQUID_INK,SEASHELLS,1863,1
842400,,,KELP,SEASHELLS,2060,1
842500,,,KELP,SEASHELLS,2058,8
842500,,,SQUID_INK,SEASHELLS,1864,8
842600,,,SQUID_INK,SEASHELLS,1864,8
842600,,,KELP,SEASHELLS,2060,8
842800,,,KELP,SEASHELLS,2058,2
842800,,,SQUID_INK,SEASHELLS,1863,2
842900,,,KELP,SEASHELLS,2058,4
842900,,,SQUID_INK,SEASHELLS,1863,4
843000,,,KELP,SEASHELLS,2058,1
843000,,,SQUID_INK,SEASHELLS,1864,1
843600,,,KELP,SEASHELLS,2058,1
843600,,,SQUID_INK,SEASHELLS,1861,1
843700,,,KELP,SEASHELLS,2058,1
843700,,,SQUID_INK,SEASHELLS,1862,1
843800,,,SQUID_INK,SEASHELLS,1863,14
843800,SUBMISSION,,KELP,SEASHELLS,2058,14
844100,,,SQUID_INK,SEASHELLS,1865,1
844100,,,KELP,SEASHELLS,2058,1
844300,,,SQUID_INK,SEASHELLS,1868,1
844300,,,KELP,SEASHELLS,2059,1
844800,,,SQUID_INK,SEASHELLS,1866,3
844800,,,KELP,SEASHELLS,2060,3
844800,,SUBMISSION,RAINFOREST_RESIN,SEASHELLS,10007,6
845200,SUBMISSION,,RAINFOREST_RESIN,SEASHELLS,9997,1
845400,SUBMISSION,,KELP,SEASHELLS,2059,10
845400,,,SQUID_INK,SEASHELLS,1869,10
845900,,,KELP,SEASHELLS,2058,1
845900,,,SQUID_INK,SEASHELLS,1872,2
845900,,,SQUID_INK,SEASHELLS,1871,1
846000,,SUBMISSION,RAINFOREST_RESIN,SEASHELLS,10002,1
846200,,,KELP,SEASHELLS,2058,3
846300,,SUBMISSION,KELP,SEASHELLS,2060,1
846300,,,KELP,SEASHELLS,2058,2
846300,,,SQUID_INK,SEASHELLS,1876,1
846400,,,SQUID_INK,SEASHELLS,1874,1
846400,,,KELP,SEASHELLS,2058,1
846500,,,RAINFOREST_RESIN,SEASHELLS,9998,5
847000,,,SQUID_INK,SEASHELLS,1875,4
847000,,SUBMISSION,KELP,SEASHELLS,2060,4
847000,,,SQUID_INK,SEASHELLS,1873,2
847000,,,KELP,SEASHELLS,2059,2
847100,,SUBMISSION,KELP,SEASHELLS,2061,1
847200,,,SQUID_INK,SEASHELLS,1874,9
847200,,,KELP,SEASHELLS,2062,9
847300,SUBMISSION,,RAINFOREST_RESIN,SEASHELLS,9997,5
847400,,,SQUID_INK,SEASHELLS,1870,1
847400,,,KELP,SEASHELLS,2058,1
847500,,,SQUID_INK,SEASHELLS,1869,1
847500,SUBMISSION,,KELP,SEASHELLS,2059,2
847500,,,KELP,SEASHELLS,2058,1
847500,,,SQUID_INK,SEASHELLS,1868,2
847600,,,SQUID_INK,SEASHELLS,1869,2
847600,SUBMISSION,,KELP,SEASHELLS,2059,2
847700,,,SQUID_INK,SEASHELLS,1868,11
847700,,,KELP,SEASHELLS,2058,11
847800,,,SQUID_INK,SEASHELLS,1869,2
847800,SUBMISSION,,KELP,SEASHELLS,2059,2
847900,,,KELP,SEASHELLS,2060,1
847900,,,SQUID_INK,SEASHELLS,1872,1
848000,,,KELP,SEASHELLS,2058,1
848000,,,SQUID_INK,SEASHELLS,1869,1
848000,SUBMISSION,,KELP,SEASHELLS,2059,1
848100,,,SQUID_INK,SEASHELLS,1870,1
848100,,,KELP,SEASHELLS,2060,1
848200,,SUBMISSION,RAINFOREST_RESIN,SEASHELLS,10002,2
848600,,,SQUID_INK,SEASHELLS,1869,2
848600,,,KELP,SEASHELLS,2058,2
848700,,,RAINFOREST_RESIN,SEASHELLS,9997,4
848700,,SUBMISSION,RAINFOREST_RESIN,SEASHELLS,9997,3
848800,,,RAINFOREST_RESIN,SEASHELLS,10008,10
849000,,,SQUID_INK,SEASHELLS,1871,1
849000,,,KELP,SEASHELLS,2058,1
849000,,,SQUID_INK,SEASHELLS,1872,2
849400,,,RAINFOREST_RESIN,SEASHELLS,10008,7
849500,,,RAINFOREST_RESIN,SEASHELLS,10008,6
849800,,,SQUID_INK,SEASHELLS,1876,1
849800,,,KELP,SEASHELLS,2058,1
849900,,,SQUID_INK,SEASHELLS,1878,5
849900,,,KELP,SEASHELLS,2059,5
850300,SUBMISSION,,RAINFOREST_RESIN,SEASHELLS,10002,1
850600,,,KELP,SEASHELLS,2060,1
850600,,,SQUID_INK,SEASHELLS,1877,1
850700,,SUBMISSION,KELP,SEASHELLS,2060,1
850800,,,SQUID_INK,SEASHELLS,1878,1
850800,,,KELP,SEASHELLS,2058,1
850900,,,KELP,SEASHELLS,2060,1
850900,,,SQUID_INK,SEASHELLS,1878,1
851900,,,SQUID_INK,SEASHELLS,1879,2
851900,SUBMISSION,,KELP,SEASHELLS,2059,2
852000,,,RAINFOREST_RESIN,SEASHELLS,9997,5
852100,SUBMISSION,,RAINFOREST_RESIN,SEASHELLS,9997,2
852600,,SUBMISSION,KELP,SEASHELLS,2060,1
852700,,,SQUID_INK,SEASHELLS,1878,1
852700,,SUBMISSION,KELP,SEASHELLS,2060,1
852800,,,KELP,SEASHELLS,2060,1
852800,,,SQUID_INK,SEASHELLS,1884,1
853000,SUBMISSION,,RAINFOREST_RESIN,SEASHELLS,10002,1
853000,,,KELP,SEASHELLS,2058,6
853000,,,SQUID_INK,SEASHELLS,1884,1
853000,,,KELP,SEASHELLS,2058,2
853000,,,KELP,SEASHELLS,2058,1
853000,,,SQUID_INK,SEASHELLS,1884,6
853000,,,SQUID_INK,SEASHELLS,1884,2
853200,,,KELP,SEASHELLS,2060,3
853200,,,KELP,SEASHELLS,2059,1
853200,,,SQUID_INK,SEASHELLS,1887,1
853300,SUBMISSION,,RAINFOREST_RESIN,SEASHELLS,9995,6
853600,,,SQUID_INK,SEASHELLS,1895,1
853700,,,KELP,SEASHELLS,2059,4
853700,,,KELP,SEASHELLS,2058,1
853700,,,SQUID_INK,SEASHELLS,1891,4
853700,,,SQUID_INK,SEASHELLS,1890,1
854000,,,SQUID_INK,SEASHELLS,1891,1
854000,,,KELP,SEASHELLS,2060,2
854000,,,SQUID_INK,SEASHELLS,1891,2
854000,,,KELP,SEASHELLS,2060,1
854100,,,SQUID_INK,SEASHELLS,1891,1
854100,,,KELP,SEASHELLS,2060,1
854200,,SUBMISSION,KELP,SEASHELLS,2062,1
854600,,,RAINFOREST_RESIN,SEASHELLS,10001,1
855200,,,SQUID_INK,SEASHELLS,1895,1
855300,,,SQUID_INK,SEASHELLS,1889,1
855300,,,KELP,SEASHELLS,2059,1
855500,,,KELP,SEASHELLS,2059,1
855500,,,SQUID_INK,SEASHELLS,1888,1
855500,,SUBMISSION,RAINFOREST_RESIN,SEASHELLS,9997,5
855700,,SUBMISSION,KELP,SEASHELLS,2062,1
856800,,,SQUID_INK,SEASHELLS,1889,1
856800,,,KELP,SEASHELLS,2059,1
857200,,,SQUID_INK,SEASHELLS,1889,1
857200,,,KELP,SEASHELLS,2059,1
857400,,,SQUID_INK,SEASHELLS,1891,3
857400,,,KELP,SEASHELLS,2061,3
857400,,SUBMISSION,RAINFOREST_RESIN,SEASHELLS,9998,6
857400,,,SQUID_INK,SEASHELLS,1891,1
857400,,,KELP,SEASHELLS,2061,1
857600,SUBMISSION,,KELP,SEASHELLS,2060,2
857600,,,SQUID_INK,SEASHELLS,1891,2
857600,SUBMISSION,,RAINFOREST_RESIN,SEASHELLS,9997,1
857800,,,SQUID_INK,SEASHELLS,1892,1
857800,,,KELP,SEASHELLS,2061,1
857900,,,RAINFOREST_RESIN,SEASHELLS,9999,1
857900,,SUBMISSION,RAINFOREST_RESIN,SEASHELLS,9998,1
858000,,,SQUID_INK,SEASHELLS,1895,1
858000,,SUBMISSION,KELP,SEASHELLS,2061,1
858200,,,SQUID_INK,SEASHELLS,1898,12
858200,,,KELP,SEASHELLS,2062,12
858300,,,RAINFOREST_RESIN,SEASHELLS,10008,2
858300,,,SQUID_INK,SEASHELLS,1900,1
858300,,,KELP,SEASHELLS,2059,1
858500,SUBMISSION,,RAINFOREST_RESIN,SEASHELLS,9997,5
858800,,SUBMISSION,KELP,SEASHELLS,2061,1
858800,,,SQUID_INK,SEASHELLS,1907,1
858900,,SUBMISSION,KELP,SEASHELLS,2061,1
858900,,,SQUID_INK,SEASHELLS,1907,1
858900,,SUBMISSION,KELP,SEASHELLS,2061,7
859200,SUBMISSION,,RAINFOREST_RESIN,SEASHELLS,9997,1
859400,SUBMISSION,,RAINFOREST_RESIN,SEASHELLS,9997,6
859600,SUBMISSION,,RAINFOREST_RESIN,SEASHELLS,9997,2
859800,,SUBMISSION,RAINFOREST_RESIN,SEASHELLS,10002,4
859800,,,KELP,SEASHELLS,2060,2
859800,,,SQUID_INK,SEASHELLS,1909,2
860900,SUBMISSION,,RAINFOREST_RESIN,SEASHELLS,10002,1
861300,SUBMISSION,,RAINFOREST_RESIN,SEASHELLS,9997,2
861400,,,SQUID_INK,SEASHELLS,1903,1
861400,,,KELP,SEASHELLS,2061,1
862000,SUBMISSION,,RAINFOREST_RESIN,SEASHELLS,10002,1
862100,,,SQUID_INK,SEASHELLS,1897,1
862100,,,KELP,SEASHELLS,2061,1
862600,,,KELP,SEASHELLS,2062,1
862600,,,SQUID_INK,SEASHELLS,1898,1
862800,SUBMISSION,,RAINFOREST_RESIN,SEASHELLS,9995,8
862900,,SUBMISSION,RAINFOREST_RESIN,SEASHELLS,10002,2
863100,,,KELP,SEASHELLS,2061,10
863200,,,SQUID_INK,SEASHELLS,1902,9
863200,,,KELP,SEASHELLS,2064,9
863600,,,KELP,SEASHELLS,2061,1
863600,,,SQUID_INK,SEASHELLS,1897,1
863600,,,SQUID_INK,SEASHELLS,1896,1
864200,,SUBMISSION,KELP,SEASHELLS,2063,1
864700,,,KELP,SEASHELLS,2061,1
864700,,,SQUID_INK,SEASHELLS,1897,1
864800,,,KELP,SEASHELLS,2061,1
864800,,,SQUID_INK,SEASHELLS,1897,1
864800,,SUBMISSION,RAINFOREST_RESIN,SEASHELLS,9996,6
865000,,SUBMISSION,KELP,SEASHELLS,2063,1
865200,,,SQUID_INK,SEASHELLS,1898,4
865200,,,KELP,SEASHELLS,2062,4
865400,,SUBMISSION,KELP,SEASHELLS,2063,1
865500,,SUBMISSION,RAINFOREST_RESIN,SEASHELLS,9997,4
865800,,,KELP,SEASHELLS,2063,4
865800,,,SQUID_INK,SEASHELLS,1899,4
865900,,SUBMISSION,RAINFOREST_RESIN,SEASHELLS,9997,10
866000,,,RAINFOREST_RESIN,SEASHELLS,10008,5
866000,,,KELP,SEASHELLS,2062,4
866000,,,SQUID_INK,SEASHELLS,1898,4
866200,SUBMISSION,,RAINFOREST_RESIN,SEASHELLS,9997,1
866200,,,SQUID_INK,SEASHELLS,1897,1
866200,,,KELP,SEASHELLS,2064,1
866400,,,KELP,SEASHELLS,2064,2
866400,,,SQUID_INK,SEASHELLS,1896,2
866600,,,SQUID_INK,SEASHELLS,1895,1
866600,,,KELP,SEASHELLS,2064,1
866700,,SUBMISSION,KELP,SEASHELLS,2064,1
867100,,SUBMISSION,KELP,SEASHELLS,2064,1
867400,SUBMISSION,,RAINFOREST_RESIN,SEASHELLS,9997,1
867600,,,KELP,SEASHELLS,2062,2
867600,,,SQUID_INK,SEASHELLS,1895,1
867600,,,KELP,SEASHELLS,2062,1
867800,SUBMISSION,,RAINFOREST_RESIN,SEASHELLS,9997,4
867900,SUBMISSION,,RAINFOREST_RESIN,SEASHELLS,9997,2
868000,,,RAINFOREST_RESIN,SEASHELLS,10002,1
868100,SUBMISSION,,SQUID_INK,SEASHELLS,1893,1
868100,,,KELP,SEASHELLS,2062,1
868200,,,KELP,SEASHELLS,2062,1
868200,,,SQUID_INK,SEASHELLS,1892,1
868500,,,SQUID_INK,SEASHELLS,1893,1
868500,,,KELP,SEASHELLS,2062,1
868800,,,SQUID_INK,SEASHELLS,1893,2
868800,,,SQUID_INK,SEASHELLS,1893,3
868800,,,KELP,SEASHELLS,2063,5
869000,,SUBMISSION,KELP,SEASHELLS,2064,1
869200,SUBMISSION,,RAINFOREST_RESIN,SEASHELLS,9997,4
869600,,SUBMISSION,RAINFOREST_RESIN,SEASHELLS,10000,2
869700,SUBMISSION,,RAINFOREST_RESIN,SEASHELLS,9997,1
869900,,SUBMISSION,SQUID_INK,SEASHELLS,1896,1
870100,,,SQUID_INK,SEASHELLS,1896,8
870100,,,KELP,SEASHELLS,2063,8
870100,,,SQUID_INK,SEASHELLS,1896,5
870100,,,KELP,SEASHELLS,2063,5
870300,,,SQUID_INK,SEASHELLS,1901,2
870300,,,KELP,SEASHELLS,2065,1
871700,SUBMISSION,,RAINFOREST_RESIN,SEASHELLS,9997,4
871700,,,KELP,SEASHELLS,2063,1
871700,,,SQUID_INK,SEASHELLS,1895,1
871900,,,SQUID_INK,SEASHELLS,1895,1
871900,,,KELP,SEASHELLS,2062,1
872100,,SUBMISSION,RAINFOREST_RESIN,SEASHELLS,9997,8
872200,,,SQUID_INK,SEASHELLS,1897,1
872200,,SUBMISSION,KELP,SEASHELLS,2065,1
872400,,,KELP,SEASHELLS,2063,3
872400,,,SQUID_INK,SEASHELLS,1894,1
872400,,,KELP,SEASHELLS,2063,1
872500,SUBMISSION,,RAINFOREST_RESIN,SEASHELLS,10002,1
872500,,SUBMISSION,KELP,SEASHELLS,2065,1
872900,,,SQUID_INK,SEASHELLS,1894,1
872900,,,KELP,SEASHELLS,2063,1
873000,,,KELP,SEASHELLS,2066,1
873000,,,SQUID_INK,SEASHELLS,1898,1
873500,,SUBMISSION,RAINFOREST_RESIN,SEASHELLS,9997,7
873700,,,KELP,SEASHELLS,2063,5
873700,,SUBMISSION,RAINFOREST_RESIN,SEASHELLS,10007,1
873700,,,KELP,SEASHELLS,2063,2
873700,,,SQUID_INK,SEASHELLS,1899,5
873700,,,SQUID_INK,SEASHELLS,1899,2
873900,,,SQUID_INK,SEASHELLS,1898,2
873900,,,KELP,SEASHELLS,2063,2
874300,,SUBMISSION,KELP,SEASHELLS,2065,4
874300,,,KELP,SEASHELLS,2065,1
874300,,,SQUID_INK,SEASHELLS,1905,1
874400,,,SQUID_INK,SEASHELLS,1901,14
874400,,,KELP,SEASHELLS,2063,14
874500,,,KELP,SEASHELLS,2063,8
874500,,,SQUID_INK,SEASHELLS,1899,8
874600,,,SQUID_INK,SEASHELLS,1902,1
874600,,,KELP,SEASHELLS,2063,7
874800,,,RAINFOREST_RESIN,SEASHELLS,10008,5
874900,,,SQUID_INK,SEASHELLS,1900,1
874900,,,KELP,SEASHELLS,2063,1
874900,,,SQUID_INK,SEASHELLS,1900,0
874900,,,SQUID_INK,SEASHELLS,1900,7
874900,,,SQUID_INK,SEASHELLS,1900,3
874900,,,KELP,SEASHELLS,2063,0
874900,,,KELP,SEASHELLS,2063,7
874900,,,KELP,SEASHELLS,2063,3
875300,,,KELP,SEASHELLS,2062,1
875300,,,SQUID_INK,SEASHELLS,1900,2
875300,,,KELP,SEASHELLS,2066,2
875300,,,SQUID_INK,SEASHELLS,1897,1
875900,,,RAINFOREST_RESIN,SEASHELLS,10002,2
876200,,,KELP,SEASHELLS,2064,1
876200,,,SQUID_INK,SEASHELLS,1897,1
876300,,,KELP,SEASHELLS,2063,1
876300,SUBMISSION,,SQUID_INK,SEASHELLS,1895,1
876300,,SUBMISSION,KELP,SEASHELLS,2064,2
876400,,,KELP,SEASHELLS,2063,2
876800,,,KELP,SEASHELLS,2063,1
876800,,,SQUID_INK,SEASHELLS,1895,1
876900,,,SQUID_INK,SEASHELLS,1895,1
876900,,,KELP,SEASHELLS,2063,1
877400,,,RAINFOREST_RESIN,SEASHELLS,9997,5
877400,,,RAINFOREST_RESIN,SEASHELLS,9998,1
877600,SUBMISSION,,RAINFOREST_RESIN,SEASHELLS,9997,2
877900,,,KELP,SEASHELLS,2063,1
877900,,,SQUID_INK,SEASHELLS,1894,1
878000,,,SQUID_INK,SEASHELLS,1895,10
878000,,,KELP,SEASHELLS,2065,10
878100,,,SQUID_INK,SEASHELLS,1894,1
878100,,,KELP,SEASHELLS,2065,1
878300,,,KELP,SEASHELLS,2063,1
878300,,,SQUID_INK,SEASHELLS,1894,1
878300,,SUBMISSION,RAINFOREST_RESIN,SEASHELLS,10002,2
878400,,,SQUID_INK,SEASHELLS,1896,1
878400,,,KELP,SEASHELLS,2065,1
878600,,,KELP,SEASHELLS,2063,1
878600,,,SQUID_INK,SEASHELLS,1894,1
878900,,,SQUID_INK,SEASHELLS,1891,1
878900,,,KELP,SEASHELLS,2065,1
879200,,,KELP,SEASHELLS,2063,2
879200,SUBMISSION,,SQUID_INK,SEASHELLS,1888,2
879300,,,SQUID_INK,SEASHELLS,1888,1
879300,,,KELP,SEASHELLS,2063,1
879300,,,RAINFOREST_RESIN,SEASHELLS,9999,1
879700,,,KELP,SEASHELLS,2064,1
879700,,,SQUID_INK,SEASHELLS,1893,1
879800,,,KELP,SEASHELLS,2065,1
879800,,,SQUID_INK,SEASHELLS,1893,1
879900,,,RAINFOREST_RESIN,SEASHELLS,9999,1
880000,,,SQUID_INK,SEASHELLS,1894,2
880000,,,KELP,SEASHELLS,2066,2
880400,,,SQUID_INK,SEASHELLS,1896,2
880400,SUBMISSION,,RAINFOREST_RESIN,SEASHELLS,9997,1
880400,,,SQUID_INK,SEASHELLS,1893,1
880400,,,KELP,SEASHELLS,2066,2
880400,,,KELP,SEASHELLS,2063,1
880500,,,SQUID_INK,SEASHELLS,1892,1
880500,,,KELP,SEASHELLS,2063,1
880800,,,KELP,SEASHELLS,2063,4
880800,,,SQUID_INK,SEASHELLS,1890,4
880800,,,SQUID_INK,SEASHELLS,1890,1
880800,,,KELP,SEASHELLS,2063,1
881200,SUBMISSION,,RAINFOREST_RESIN,SEASHELLS,9993,1
881300,SUBMISSION,,RAINFOREST_RESIN,SEASHELLS,9993,7
881300,,,SQUID_INK,SEASHELLS,1889,1
881300,,,KELP,SEASHELLS,2063,1
881500,,,KELP,SEASHELLS,2066,8
881500,,,SQUID_INK,SEASHELLS,1890,8
882200,,SUBMISSION,RAINFOREST_RESIN,SEASHELLS,10002,5
882500,SUBMISSION,,RAINFOREST_RESIN,SEASHELLS,9997,5
882700,,,SQUID_INK,SEASHELLS,1891,2
882700,,,KELP,SEASHELLS,2066,2
883000,,,SQUID_INK,SEASHELLS,1889,14
883000,,,KELP,SEASHELLS,2063,14
883000,,SUBMISSION,RAINFOREST_RESIN,SEASHELLS,10002,1
883100,,SUBMISSION,RAINFOREST_RESIN,SEASHELLS,10002,2
883200,SUBMISSION,,RAINFOREST_RESIN,SEASHELLS,9997,10
883400,,,SQUID_INK,SEASHELLS,1889,3
883400,,,KELP,SEASHELLS,2063,3
883400,,SUBMISSION,RAINFOREST_RESIN,SEASHELLS,9998,1
883500,,,KELP,SEASHELLS,2064,8
883500,,,SQUID_INK,SEASHELLS,1887,8
883500,,SUBMISSION,RAINFOREST_RESIN,SEASHELLS,9997,4
883600,,SUBMISSION,RAINFOREST_RESIN,SEASHELLS,10002,8
883600,SUBMISSION,,KELP,SEASHELLS,2064,15
883800,,,SQUID_INK,SEASHELLS,1889,9
883800,,,KELP,SEASHELLS,2063,9
883900,,SUBMISSION,SQUID_INK,SEASHELLS,1891,1
883900,,SUBMISSION,KELP,SEASHELLS,2065,1
884000,,,SQUID_INK,SEASHELLS,1890,6
884100,,SUBMISSION,KELP,SEASHELLS,2065,1
884300,,,KELP,SEASHELLS,2065,1
884300,,,SQUID_INK,SEASHELLS,1890,1
884600,,SUBMISSION,RAINFOREST_RESIN,SEASHELLS,10002,1
884600,,SUBMISSION,KELP,SEASHELLS,2065,2
884600,,,SQUID_INK,SEASHELLS,1890,2
884600,,SUBMISSION,KELP,SEASHELLS,2065,1
885100,,,SQUID_INK,SEASHELLS,1889,1
885100,,,KELP,SEASHELLS,2064,1
885500,,SUBMISSION,RAINFOREST_RESIN,SEASHELLS,9998,2
886100,,,SQUID_INK,SEASHELLS,1889,6
886100,,,KELP,SEASHELLS,2064,6
886700,,,RAINFOREST_RESIN,SEASHELLS,10008,6
886800,,,SQUID_INK,SEASHELLS,1890,1
886800,,SUBMISSION,KELP,SEASHELLS,2064,1
886900,SUBMISSION,,RAINFOREST_RESIN,SEASHELLS,9997,2
887000,,,SQUID_INK,SEASHELLS,1889,5
887000,,,KELP,SEASHELLS,2065,5
887000,,,KELP,SEASHELLS,2062,5
887200,SUBMISSION,,RAINFOREST_RESIN,SEASHELLS,10002,1
887200,,,SQUID_INK,SEASHELLS,1889,6
887200,,,KELP,SEASHELLS,2063,6
887300,,,KELP,SEASHELLS,2064,1
887300,,,SQUID_INK,SEASHELLS,1891,1
887600,,,SQUID_INK,SEASHELLS,1889,7
887600,,,KELP,SEASHELLS,2062,7
887600,,,KELP,SEASHELLS,2061,1
887600,,,SQUID_INK,SEASHELLS,1889,3
887600,,,SQUID_INK,SEASHELLS,1889,1
887600,,,SQUID_INK,SEASHELLS,1889,0
887700,,,KELP,SEASHELLS,2061,4
887800,,SUBMISSION,RAINFOREST_RESIN,SEASHELLS,10005,2
888100,SUBMISSION,,RAINFOREST_RESIN,SEASHELLS,9997,2
888300,,,SQUID_INK,SEASHELLS,1886,3
888900,,,SQUID_INK,SEASHELLS,1886,1
888900,,SUBMISSION,KELP,SEASHELLS,2063,9
888900,,,KELP,SEASHELLS,2062,1
889100,,SUBMISSION,RAINFOREST_RESIN,SEASHELLS,10002,3
889200,,,RAINFOREST_RESIN,SEASHELLS,10008,1
889400,,,SQUID_INK,SEASHELLS,1891,1
889400,,,KELP,SEASHELLS,2065,4
889500,,,RAINFOREST_RESIN,SEASHELLS,10008,5
889800,,,RAINFOREST_RESIN,SEASHELLS,10008,1
889900,,,SQUID_INK,SEASHELLS,1891,1
889900,,,KELP,SEASHELLS,2064,1
889900,SUBMISSION,,RAINFOREST_RESIN,SEASHELLS,10002,1
889900,SUBMISSION,,RAINFOREST_RESIN,SEASHELLS,10002,4
890000,,SUBMISSION,RAINFOREST_RESIN,SEASHELLS,10007,5
890200,,,RAINFOREST_RESIN,SEASHELLS,10008,1
890300,,,KELP,SEASHELLS,2062,1
890300,,,SQUID_INK,SEASHELLS,1886,1
890400,,,SQUID_INK,SEASHELLS,1889,1
890400,,,KELP,SEASHELLS,2064,1
890500,,,KELP,SEASHELLS,2063,1
890500,SUBMISSION,,RAINFOREST_RESIN,SEASHELLS,9997,6
890500,,,SQUID_INK,SEASHELLS,1889,3
890500,,,KELP,SEASHELLS,2064,3
890500,,,SQUID_INK,SEASHELLS,1888,1
890700,,,SQUID_INK,SEASHELLS,1887,1
890700,,,KELP,SEASHELLS,2062,1
890800,,SUBMISSION,RAINFOREST_RESIN,SEASHELLS,10000,6
891300,,,RAINFOREST_RESIN,SEASHELLS,10008,6
891400,SUBMISSION,,RAINFOREST_RESIN,SEASHELLS,10002,7
891400,SUBMISSION,,RAINFOREST_RESIN,SEASHELLS,10002,1
891700,,SUBMISSION,SQUID_INK,SEASHELLS,1892,2
891800,,,KELP,SEASHELLS,2062,11
891800,,,SQUID_INK,SEASHELLS,1892,11
892800,,,KELP,SEASHELLS,2063,1
892800,,,SQUID_INK,SEASHELLS,1894,1
892900,,,KELP,SEASHELLS,2064,1
892900,,,SQUID_INK,SEASHELLS,1895,2
893000,,,KELP,SEASHELLS,2061,2
893000,,,SQUID_INK,SEASHELLS,1892,2
893400,,,RAINFOREST_RESIN,SEASHELLS,10002,1
893400,,,KELP,SEASHELLS,2061,1
893400,,,SQUID_INK,SEASHELLS,1891,1
893500,,,SQUID_INK,SEASHELLS,1893,8
893500,,,KELP,SEASHELLS,2064,8
893700,,SUBMISSION,RAINFOREST_RESIN,SEASHELLS,9998,1
893700,,,SQUID_INK,SEASHELLS,1891,7
893700,,,KELP,SEASHELLS,2061,7
893700,,,KELP,SEASHELLS,2061,1
893700,,,SQUID_INK,SEASHELLS,1891,1
893900,,,SQUID_INK,SEASHELLS,1891,1
893900,,,KELP,SEASHELLS,2061,1
894000,,,SQUID_INK,SEASHELLS,1891,1
894000,,SUBMISSION,RAINFOREST_RESIN,SEASHELLS,10002,2
894000,,,KELP,SEASHELLS,2061,1
894200,,,SQUID_INK,SEASHELLS,1893,1
894200,,,KELP,SEASHELLS,2061,1
894300,,,SQUID_INK,SEASHELLS,1892,1
894300,,,KELP,SEASHELLS,2061,1
894400,,,KELP,SEASHELLS,2061,2
894400,,,SQUID_INK,SEASHELLS,1892,2
894500,,,KELP,SEASHELLS,2061,1
894500,,,SQUID_INK,SEASHELLS,1892,1
894600,,,SQUID_INK,SEASHELLS,1893,11
894600,,,KELP,SEASHELLS,2064,2
895000,SUBMISSION,,RAINFOREST_RESIN,SEASHELLS,9997,1
895200,,,SQUID_INK,SEASHELLS,1885,6
895200,,,KELP,SEASHELLS,2061,6
895600,,SUBMISSION,RAINFOREST_RESIN,SEASHELLS,9997,6
895700,,,KELP,SEASHELLS,2062,1
895700,,,SQUID_INK,SEASHELLS,1883,1
896000,,,SQUID_INK,SEASHELLS,1881,1
896000,,,KELP,SEASHELLS,2061,1
896100,,,KELP,SEASHELLS,2063,1
896300,,,KELP,SEASHELLS,2060,1
896300,,,SQUID_INK,SEASHELLS,1871,1
896600,,,KELP,SEASHELLS,2060,1
896600,,,SQUID_INK,SEASHELLS,1874,1
896800,,,KELP,SEASHELLS,2060,1
896800,,,SQUID_INK,SEASHELLS,1875,1
897200,SUBMISSION,,RAINFOREST_RESIN,SEASHELLS,9993,1
897400,,,RAINFOREST_RESIN,SEASHELLS,9999,1
897400,,SUBMISSION,RAINFOREST_RESIN,SEASHELLS,9998,1
897500,,,SQUID_INK,SEASHELLS,1877,1
897500,,,KELP,SEASHELLS,2060,1
898100,,,KELP,SEASHELLS,2062,1
898100,,,SQUID_INK,SEASHELLS,1884,1
898300,,,RAINFOREST_RESIN,SEASHELLS,10003,5
898400,,,SQUID_INK,SEASHELLS,1883,1
898400,,,KELP,SEASHELLS,2060,1
898500,,,KELP,SEASHELLS,2063,1
898500,,,SQUID_INK,SEASHELLS,1886,1
898700,,,SQUID_INK,SEASHELLS,1886,1
898700,,,KELP,SEASHELLS,2062,1
898900,,,SQUID_INK,SEASHELLS,1887,1
898900,,,KELP,SEASHELLS,2061,1
899100,,,SQUID_INK,SEASHELLS,1887,1
899100,,,KELP,SEASHELLS,2062,1
899400,,,SQUID_INK,SEASHELLS,1883,2
899400,SUBMISSION,,KELP,SEASHELLS,2060,2
899400,,,RAINFOREST_RESIN,SEASHELLS,9998,4
899500,,,KELP,SEASHELLS,2060,1
899500,,,SQUID_INK,SEASHELLS,1885,1
899800,,,SQUID_INK,SEASHELLS,1882,1
899800,,,KELP,SEASHELLS,2058,1
900000,SUBMISSION,,RAINFOREST_RESIN,SEASHELLS,10002,1
900100,,SUBMISSION,RAINFOREST_RESIN,SEASHELLS,9997,1
901300,,SUBMISSION,KELP,SEASHELLS,2060,2
901600,,,SQUID_INK,SEASHELLS,1877,1
901600,,,KELP,SEASHELLS,2059,1
901800,,,KELP,SEASHELLS,2062,1
901800,,,SQUID_INK,SEASHELLS,1879,1
902200,,,SQUID_INK,SEASHELLS,1877,1
902200,,,KELP,SEASHELLS,2059,6
902500,,,RAINFOREST_RESIN,SEASHELLS,9997,6
902900,SUBMISSION,,RAINFOREST_RESIN,SEASHELLS,9997,4
903500,SUBMISSION,,RAINFOREST_RESIN,SEASHELLS,9993,7
903500,,SUBMISSION,RAINFOREST_RESIN,SEASHELLS,9998,4
904000,SUBMISSION,,RAINFOREST_RESIN,SEASHELLS,9997,4
904100,,,SQUID_INK,SEASHELLS,1870,1
904100,,,KELP,SEASHELLS,2059,1
904500,,,SQUID_INK,SEASHELLS,1872,1
904600,,,KELP,SEASHELLS,2059,1
904600,,,SQUID_INK,SEASHELLS,1872,1
905000,,,KELP,SEASHELLS,2061,1
905000,,,SQUID_INK,SEASHELLS,1876,1
905100,,,SQUID_INK,SEASHELLS,1877,3
905100,,,KELP,SEASHELLS,2060,3
905300,,,KELP,SEASHELLS,2059,1
905300,,,SQUID_INK,SEASHELLS,1875,1
905400,,,SQUID_INK,SEASHELLS,1878,1
905400,,SUBMISSION,RAINFOREST_RESIN,SEASHELLS,9997,3
905400,,,KELP,SEASHELLS,2061,1
905600,,,SQUID_INK,SEASHELLS,1879,2
905700,,,KELP,SEASHELLS,2062,2
905700,,,SQUID_INK,SEASHELLS,1880,2
906300,,,KELP,SEASHELLS,2059,1
906300,,,SQUID_INK,SEASHELLS,1879,1
906700,,,KELP,SEASHELLS,2061,2
906700,,,SQUID_INK,SEASHELLS,1881,1
906700,,,KELP,SEASHELLS,2061,1
906700,,,SQUID_INK,SEASHELLS,1881,2
906800,,,SQUID_INK,SEASHELLS,1878,1
906800,SUBMISSION,,RAINFOREST_RESIN,SEASHELLS,10002,1
906800,,,KELP,SEASHELLS,2059,1
907100,SUBMISSION,,KELP,SEASHELLS,2060,2
907100,,,SQUID_INK,SEASHELLS,1876,2
907200,,SUBMISSION,RAINFOREST_RESIN,SEASHELLS,10002,2
907300,SUBMISSION,,SQUID_INK,SEASHELLS,1875,9
907300,,,KELP,SEASHELLS,2059,9
907400,,,KELP,SEASHELLS,2059,1
907400,,,SQUID_INK,SEASHELLS,1875,1
907700,,SUBMISSION,RAINFOREST_RESIN,SEASHELLS,10002,2
908100,,,KELP,SEASHELLS,2061,1
908100,,,SQUID_INK,SEASHELLS,1879,1
908700,SUBMISSION,,KELP,SEASHELLS,2057,2
908700,,,SQUID_INK,SEASHELLS,1876,2
908900,,,KELP,SEASHELLS,2057,1
908900,,,SQUID_INK,SEASHELLS,1876,1
909100,,,SQUID_INK,SEASHELLS,1875,1
909100,,,KELP,SEASHELLS,2057,1
909500,,SUBMISSION,RAINFOREST_RESIN,SEASHELLS,9997,5
909500,,,RAINFOREST_RESIN,SEASHELLS,9998,5
909600,,SUBMISSION,SQUID_INK,SEASHELLS,1879,9
909600,SUBMISSION,,RAINFOREST_RESIN,SEASHELLS,10002,1
910200,,,SQUID_INK,SEASHELLS,1879,1
910200,,,KELP,SEASHELLS,2056,1
910500,,SUBMISSION,KELP,SEASHELLS,2058,2
910500,,,SQUID_INK,SEASHELLS,1880,2
910500,,SUBMISSION,KELP,SEASHELLS,2058,1
910600,SUBMISSION,,RAINFOREST_RESIN,SEASHELLS,10002,1
910700,,,SQUID_INK,SEASHELLS,1881,3
910700,,,SQUID_INK,SEASHELLS,1881,6
910700,,SUBMISSION,KELP,SEASHELLS,2058,1
910700,,,KELP,SEASHELLS,2058,6
910700,,,KELP,SEASHELLS,2058,2
910800,,,SQUID_INK,SEASHELLS,1878,1
910900,,,KELP,SEASHELLS,2059,1
910900,,,SQUID_INK,SEASHELLS,1881,1
911000,,,SQUID_INK,SEASHELLS,1880,1
911000,,,KELP,SEASHELLS,2058,1
911100,,,SQUID_INK,SEASHELLS,1878,1
911100,,,KELP,SEASHELLS,2056,1
911200,,,SQUID_INK,SEASHELLS,1878,1
911200,,,KELP,SEASHELLS,2056,1
911200,,SUBMISSION,RAINFOREST_RESIN,SEASHELLS,9998,2
911500,,,RAINFOREST_RESIN,SEASHELLS,9998,5
912000,,,KELP,SEASHELLS,2056,8
912100,,,KELP,SEASHELLS,2058,1
912100,,,SQUID_INK,SEASHELLS,1884,1
912300,,,KELP,SEASHELLS,2056,1
912300,,,SQUID_INK,SEASHELLS,1882,1
912300,SUBMISSION,,RAINFOREST_RESIN,SEASHELLS,9997,1
912600,SUBMISSION,,RAINFOREST_RESIN,SEASHELLS,10002,1
912800,,,KELP,SEASHELLS,2057,1
912800,,,SQUID_INK,SEASHELLS,1885,1
913000,,,SQUID_INK,SEASHELLS,1884,1
913000,,,KELP,SEASHELLS,2057,1
913200,,,SQUID_INK,SEASHELLS,1887,3
913500,,,RAINFOREST_RESIN,SEASHELLS,9997,6
913500,,SUBMISSION,RAINFOREST_RESIN,SEASHELLS,9996,2
913700,,,KELP,SEASHELLS,2058,2
913700,,,SQUID_INK,SEASHELLS,1887,2
913900,,,SQUID_INK,SEASHELLS,1892,2
913900,,,KELP,SEASHELLS,2060,2
914500,,,SQUID_INK,SEASHELLS,1888,1
915000,SUBMISSION,,RAINFOREST_RESIN,SEASHELLS,9997,1
915200,,SUBMISSION,RAINFOREST_RESIN,SEASHELLS,10002,1
915600,SUBMISSION,,RAINFOREST_RESIN,SEASHELLS,9997,1
916300,,,SQUID_INK,SEASHELLS,1882,1
916400,,,KELP,SEASHELLS,2057,2
916600,,SUBMISSION,RAINFOREST_RESIN,SEASHELLS,10002,1
916600,,,KELP,SEASHELLS,2059,2
916600,,,SQUID_INK,SEASHELLS,1882,2
916800,,,SQUID_INK,SEASHELLS,1882,1
916800,,,KELP,SEASHELLS,2059,1
917200,SUBMISSION,,RAINFOREST_RESIN,SEASHELLS,9997,1
917200,,,RAINFOREST_RESIN,SEASHELLS,10008,7
917400,,SUBMISSION,RAINFOREST_RESIN,SEASHELLS,10002,1
917800,,,KELP,SEASHELLS,2057,1
917800,,,SQUID_INK,SEASHELLS,1880,1
917900,SUBMISSION,,KELP,SEASHELLS,2056,1
917900,SUBMISSION,,SQUID_INK,SEASHELLS,1879,1
918000,SUBMISSION,,RAINFOREST_RESIN,SEASHELLS,9997,1
918500,,,SQUID_INK,SEASHELLS,1877,1
918500,,,KELP,SEASHELLS,2054,1
918600,SUBMISSION,,KELP,SEASHELLS,2055,6
918600,SUBMISSION,,SQUID_INK,SEASHELLS,1876,6
918900,,SUBMISSION,KELP,SEASHELLS,2056,7
919000,,SUBMISSION,RAINFOREST_RESIN,SEASHELLS,10002,1
919000,,,RAINFOREST_RESIN,SEASHELLS,10002,1
919100,,,SQUID_INK,SEASHELLS,1877,1
919100,,,KELP,SEASHELLS,2055,1
919200,,,KELP,SEASHELLS,2058,12
919200,,,SQUID_INK,SEASHELLS,1879,12
919300,,,SQUID_INK,SEASHELLS,1877,14
919300,,,KELP,SEASHELLS,2055,14
919500,,,RAINFOREST_RESIN,SEASHELLS,9998,4
919700,,,RAINFOREST_RESIN,SEASHELLS,10008,7
920400,SUBMISSION,,RAINFOREST_RESIN,SEASHELLS,10002,1
920500,,,KELP,SEASHELLS,2056,2
920500,,,SQUID_INK,SEASHELLS,1877,2
920800,,SUBMISSION,RAINFOREST_RESIN,SEASHELLS,10002,1
920900,,SUBMISSION,SQUID_INK,SEASHELLS,1881,7
921100,,,SQUID_INK,SEASHELLS,1878,10
921100,,,KELP,SEASHELLS,2055,10
921500,,,RAINFOREST_RESIN,SEASHELLS,10008,6
921700,,,SQUID_INK,SEASHELLS,1877,2
921700,,,KELP,SEASHELLS,2054,2
921900,,,SQUID_INK,SEASHELLS,1878,1
921900,,,KELP,SEASHELLS,2055,1
922400,,,RAINFOREST_RESIN,SEASHELLS,10008,8
922600,,,SQUID_INK,SEASHELLS,1878,1
922600,,,KELP,SEASHELLS,2057,1
922900,,,SQUID_INK,SEASHELLS,1876,4
922900,,,KELP,SEASHELLS,2057,4
923200,,,KELP,SEASHELLS,2055,1
923200,,,KELP,SEASHELLS,2056,1
923200,,,SQUID_INK,SEASHELLS,1876,1
923300,,,SQUID_INK,SEASHELLS,1876,1
923300,,,KELP,SEASHELLS,2055,1
923600,,,RAINFOREST_RESIN,SEASHELLS,9998,3
923700,,,SQUID_INK,SEASHELLS,1878,1
923700,,,KELP,SEASHELLS,2058,1
924000,SUBMISSION,,RAINFOREST_RESIN,SEASHELLS,10000,5
924200,,,SQUID_INK,SEASHELLS,1878,9
924200,,,KELP,SEASHELLS,2057,9
924300,,SUBMISSION,RAINFOREST_RESIN,SEASHELLS,10002,2
924500,,,RAINFOREST_RESIN,SEASHELLS,10003,4
925000,,,KELP,SEASHELLS,2054,1
925000,,,SQUID_INK,SEASHELLS,1877,1
925300,,,SQUID_INK,SEASHELLS,1879,1
925300,,,KELP,SEASHELLS,2054,1
925600,,SUBMISSION,RAINFOREST_RESIN,SEASHELLS,9997,3
925800,,,SQUID_INK,SEASHELLS,1883,2
925800,,,KELP,SEASHELLS,2057,2
925900,SUBMISSION,,RAINFOREST_RESIN,SEASHELLS,9997,4
926100,SUBMISSION,,RAINFOREST_RESIN,SEASHELLS,10002,1
926100,,,RAINFOREST_RESIN,SEASHELLS,10002,3
926300,,,SQUID_INK,SEASHELLS,1880,1
926300,,,KELP,SEASHELLS,2054,1
926300,,,SQUID_INK,SEASHELLS,1883,10
926500,,,SQUID_INK,SEASHELLS,1883,1
926500,,,KELP,SEASHELLS,2056,1
926800,,SUBMISSION,RAINFOREST_RESIN,SEASHELLS,10002,1
927000,,,KELP,SEASHELLS,2054,5
927000,,,SQUID_INK,SEASHELLS,1880,5
927300,,,SQUID_INK,SEASHELLS,1880,1
927900,,,SQUID_INK,SEASHELLS,1882,15
927900,SUBMISSION,,KELP,SEASHELLS,2053,15
928200,,SUBMISSION,RAINFOREST_RESIN,SEASHELLS,9998,4
928200,,,KELP,SEASHELLS,2054,3
928200,,,SQUID_INK,SEASHELLS,1883,3
928400,,,RAINFOREST_RESIN,SEASHELLS,10008,4
928700,,,KELP,SEASHELLS,2054,1
928700,,,SQUID_INK,SEASHELLS,1883,1
928900,SUBMISSION,,RAINFOREST_RESIN,SEASHELLS,9997,2
929100,,SUBMISSION,KELP,SEASHELLS,2054,6
929100,,,SQUID_INK,SEASHELLS,1882,6
929300,,SUBMISSION,RAINFOREST_RESIN,SEASHELLS,9997,2
929400,,,SQUID_INK,SEASHELLS,1880,1
929400,,,KELP,SEASHELLS,2052,1
929700,,SUBMISSION,KELP,SEASHELLS,2053,9
929700,SUBMISSION,,RAINFOREST_RESIN,SEASHELLS,9997,1
929800,,,KELP,SEASHELLS,2052,14
929800,,,KELP,SEASHELLS,2055,1
929800,,,SQUID_INK,SEASHELLS,1885,1
929800,,,SQUID_INK,SEASHELLS,1882,14
930100,,,KELP,SEASHELLS,2054,1
930100,,SUBMISSION,RAINFOREST_RESIN,SEASHELLS,10007,1
930100,,,SQUID_INK,SEASHELLS,1885,1
930400,,,SQUID_INK,SEASHELLS,1882,4
930400,,,KELP,SEASHELLS,2052,4
931000,,,SQUID_INK,SEASHELLS,1882,3
931300,SUBMISSION,,KELP,SEASHELLS,2053,1
931300,,,SQUID_INK,SEASHELLS,1880,1
931300,,,SQUID_INK,SEASHELLS,1882,1
931300,,,SQUID_INK,SEASHELLS,1881,2
931300,,,KELP,SEASHELLS,2054,1
931500,,,KELP,SEASHELLS,2052,1
931500,,,SQUID_INK,SEASHELLS,1879,1
931500,SUBMISSION,,RAINFOREST_RESIN,SEASHELLS,10002,1
931600,,SUBMISSION,RAINFOREST_RESIN,SEASHELLS,10002,1
931600,,,KELP,SEASHELLS,2052,1
931600,,,SQUID_INK,SEASHELLS,1880,1
931900,SUBMISSION,,RAINFOREST_RESIN,SEASHELLS,9997,2
932000,,,KELP,SEASHELLS,2052,1
932000,,,SQUID_INK,SEASHELLS,1880,1
932100,,SUBMISSION,KELP,SEASHELLS,2054,1
932400,,,SQUID_INK,SEASHELLS,1880,1
932400,,,KELP,SEASHELLS,2054,1
932800,,,SQUID_INK,SEASHELLS,1880,1
932800,,,KELP,SEASHELLS,2054,1
933400,,,KELP,SEASHELLS,2053,1
933400,,,SQUID_INK,SEASHELLS,1879,1
933700,SUBMISSION,,RAINFOREST_RESIN,SEASHELLS,9997,4
933900,,,SQUID_INK,SEASHELLS,1877,9
933900,,,KELP,SEASHELLS,2052,9
934200,SUBMISSION,,RAINFOREST_RESIN,SEASHELLS,10002,1
934300,,,KELP,SEASHELLS,2056,1
934300,,,SQUID_INK,SEASHELLS,1880,1
935100,,,SQUID_INK,SEASHELLS,1878,1
935100,,,KELP,SEASHELLS,2052,1
935100,,SUBMISSION,RAINFOREST_RESIN,SEASHELLS,10007,7
935100,,,KELP,SEASHELLS,2054,4
935100,,,SQUID_INK,SEASHELLS,1880,4
935200,,,KELP,SEASHELLS,2052,1
935200,,,SQUID_INK,SEASHELLS,1878,1
935500,,,RAINFOREST_RESIN,SEASHELLS,10008,1
936300,,,KELP,SEASHELLS,2056,1
936300,,,SQUID_INK,SEASHELLS,1884,1
936700,,,KELP,SEASHELLS,2054,1
936700,,,SQUID_INK,SEASHELLS,1884,1
936800,,,RAINFOREST_RESIN,SEASHELLS,10008,1
936900,,,RAINFOREST_RESIN,SEASHELLS,10008,2
937200,SUBMISSION,,RAINFOREST_RESIN,SEASHELLS,9997,4
937300,,SUBMISSION,RAINFOREST_RESIN,SEASHELLS,10002,2
938300,,,KELP,SEASHELLS,2052,2
938300,SUBMISSION,,SQUID_INK,SEASHELLS,1876,2
938400,,SUBMISSION,RAINFOREST_RESIN,SEASHELLS,10002,2
938600,SUBMISSION,,RAINFOREST_RESIN,SEASHELLS,9997,7
939100,,SUBMISSION,RAINFOREST_RESIN,SEASHELLS,10002,7
939500,SUBMISSION,,RAINFOREST_RESIN,SEASHELLS,9997,5
939500,,,KELP,SEASHELLS,2054,6
940000,,,SQUID_INK,SEASHELLS,1877,2
940000,,,KELP,SEASHELLS,2055,2
940500,,,KELP,SEASHELLS,2056,1
940500,SUBMISSION,,RAINFOREST_RESIN,SEASHELLS,10002,1
940500,,SUBMISSION,SQUID_INK,SEASHELLS,1879,1
940600,,,RAINFOREST_RESIN,SEASHELLS,10002,1
940600,,SUBMISSION,RAINFOREST_RESIN,SEASHELLS,10007,2
940600,,SUBMISSION,SQUID_INK,SEASHELLS,1879,1
940700,,,KELP,SEASHELLS,2054,3
940700,,,SQUID_INK,SEASHELLS,1879,3
940800,,,SQUID_INK,SEASHELLS,1879,5
940800,,,KELP,SEASHELLS,2053,5
941000,SUBMISSION,,RAINFOREST_RESIN,SEASHELLS,9997,4
941300,,SUBMISSION,RAINFOREST_RESIN,SEASHELLS,9998,7
941300,,SUBMISSION,RAINFOREST_RESIN,SEASHELLS,9998,1
941400,SUBMISSION,,RAINFOREST_RESIN,SEASHELLS,10002,1
941500,,,KELP,SEASHELLS,2054,8
941500,,,KELP,SEASHELLS,2053,1
941500,,,SQUID_INK,SEASHELLS,1881,8
941500,,,SQUID_INK,SEASHELLS,1880,1
942200,,,KELP,SEASHELLS,2053,8
942200,,,SQUID_INK,SEASHELLS,1883,8
942300,,SUBMISSION,RAINFOREST_RESIN,SEASHELLS,10002,1
942400,,,KELP,SEASHELLS,2055,1
942400,,,SQUID_INK,SEASHELLS,1884,1
942800,,,KELP,SEASHELLS,2053,1
942800,,,SQUID_INK,SEASHELLS,1882,1
942900,,,KELP,SEASHELLS,2053,5
942900,,,SQUID_INK,SEASHELLS,1883,5
943100,,,SQUID_INK,SEASHELLS,1883,1
943100,,,RAINFOREST_RESIN,SEASHELLS,9998,5
943100,,,KELP,SEASHELLS,2055,1
943700,,,KELP,SEASHELLS,2053,1
943700,,,SQUID_INK,SEASHELLS,1882,1
943800,SUBMISSION,,RAINFOREST_RESIN,SEASHELLS,10002,4
943800,,,RAINFOREST_RESIN,SEASHELLS,10002,3
943800,,,RAINFOREST_RESIN,SEASHELLS,10008,6
944600,,,SQUID_INK,SEASHELLS,1883,1
944600,SUBMISSION,,KELP,SEASHELLS,2053,1
944600,,,KELP,SEASHELLS,2052,1
945700,,SUBMISSION,RAINFOREST_RESIN,SEASHELLS,9997,4
946000,,,RAINFOREST_RESIN,SEASHELLS,9997,6
946100,,,KELP,SEASHELLS,2051,1
946100,,,SQUID_INK,SEASHELLS,1883,1
946300,,,RAINFOREST_RESIN,SEASHELLS,9999,1
946900,,SUBMISSION,KELP,SEASHELLS,2054,1
947000,,,KELP,SEASHELLS,2052,1
947000,,,SQUID_INK,SEASHELLS,1877,1
947300,,,SQUID_INK,SEASHELLS,1879,7
947300,,,KELP,SEASHELLS,2053,7
947500,,,KELP,SEASHELLS,2052,3
948200,,,SQUID_INK,SEASHELLS,1879,4
948200,SUBMISSION,,KELP,SEASHELLS,2051,4
948700,,,SQUID_INK,SEASHELLS,1883,1
948700,,,KELP,SEASHELLS,2050,1
948900,,SUBMISSION,KELP,SEASHELLS,2053,1
948900,,,SQUID_INK,SEASHELLS,1886,1
949700,,,SQUID_INK,SEASHELLS,1882,1
949700,,,KELP,SEASHELLS,2050,1
949900,,,RAINFOREST_RESIN,SEASHELLS,9998,3
950000,,,SQUID_INK,SEASHELLS,1884,1
950000,,SUBMISSION,KELP,SEASHELLS,2053,1
950000,,,SQUID_INK,SEASHELLS,1885,1
950200,,,KELP,SEASHELLS,2051,1
950200,,,SQUID_INK,SEASHELLS,1883,1
950500,,SUBMISSION,KELP,SEASHELLS,2053,1
950500,,,SQUID_INK,SEASHELLS,1886,1
951000,,,KELP,SEASHELLS,2051,1
951000,,,SQUID_INK,SEASHELLS,1886,1
951200,,,RAINFOREST_RESIN,SEASHELLS,9998,4
951300,,,KELP,SEASHELLS,2055,9
951300,,,SQUID_INK,SEASHELLS,1888,9
951500,,,SQUID_INK,SEASHELLS,1887,1
951500,,,KELP,SEASHELLS,2054,1
951600,,,SQUID_INK,SEASHELLS,1890,7
951600,,,KELP,SEASHELLS,2055,7
951700,,,SQUID_INK,SEASHELLS,1887,7
951700,,,KELP,SEASHELLS,2052,7
952400,,,KELP,SEASHELLS,2053,1
952400,,,SQUID_INK,SEASHELLS,1889,1
952500,,,KELP,SEASHELLS,2053,1
952500,,,SQUID_INK,SEASHELLS,1889,1
952600,,,SQUID_INK,SEASHELLS,1887,2
952600,,,KELP,SEASHELLS,2053,2
952700,,,KELP,SEASHELLS,2054,1
952700,,,SQUID_INK,SEASHELLS,1889,1
952800,SUBMISSION,,RAINFOREST_RESIN,SEASHELLS,10002,1
953100,,,KELP,SEASHELLS,2053,4
953200,SUBMISSION,,RAINFOREST_RESIN,SEASHELLS,9995,7
953400,,,SQUID_INK,SEASHELLS,1888,1
953400,,,KELP,SEASHELLS,2053,1
953600,,,SQUID_INK,SEASHELLS,1886,1
953600,,,KELP,SEASHELLS,2053,1
953700,,,KELP,SEASHELLS,2053,1
953700,,,SQUID_INK,SEASHELLS,1887,1
953800,,,KELP,SEASHELLS,2051,2
953800,,,SQUID_INK,SEASHELLS,1884,2
954000,,,SQUID_INK,SEASHELLS,1884,1
954000,SUBMISSION,,KELP,SEASHELLS,2052,2
954000,,,SQUID_INK,SEASHELLS,1884,2
954000,,,KELP,SEASHELLS,2051,1
954600,,,KELP,SEASHELLS,2055,5
954600,,,SQUID_INK,SEASHELLS,1887,5
954800,,,SQUID_INK,SEASHELLS,1884,8
954800,,,KELP,SEASHELLS,2052,8
954900,,SUBMISSION,RAINFOREST_RESIN,SEASHELLS,10002,2
955000,,SUBMISSION,KELP,SEASHELLS,2053,2
955100,,SUBMISSION,RAINFOREST_RESIN,SEASHELLS,10002,5
955300,,,KELP,SEASHELLS,2053,1
955500,,,KELP,SEASHELLS,2053,1
955500,,,SQUID_INK,SEASHELLS,1887,1
956000,SUBMISSION,,RAINFOREST_RESIN,SEASHELLS,9995,8
956500,,,KELP,SEASHELLS,2053,1
956500,,,SQUID_INK,SEASHELLS,1885,3
956500,,,KELP,SEASHELLS,2052,3
956500,,,SQUID_INK,SEASHELLS,1886,1
956600,,,KELP,SEASHELLS,2053,1
956600,,,SQUID_INK,SEASHELLS,1888,1
956800,,,SQUID_INK,SEASHELLS,1888,10
956800,,,KELP,SEASHELLS,2054,10
956900,SUBMISSION,,RAINFOREST_RESIN,SEASHELLS,10002,1
957000,,,KELP,SEASHELLS,2051,1
957000,,,SQUID_INK,SEASHELLS,1886,1
957300,,SUBMISSION,RAINFOREST_RESIN,SEASHELLS,9997,11
957800,,,KELP,SEASHELLS,2052,4
957800,,,SQUID_INK,SEASHELLS,1887,4
958100,,,KELP,SEASHELLS,2052,2
958100,,,SQUID_INK,SEASHELLS,1888,2
958300,,,SQUID_INK,SEASHELLS,1887,1
958300,,,RAINFOREST_RESIN,SEASHELLS,9999,1
958300,,,KELP,SEASHELLS,2051,1
958400,,,SQUID_INK,SEASHELLS,1892,2
958400,,,KELP,SEASHELLS,2054,2
958500,,,RAINFOREST_RESIN,SEASHELLS,9999,1
958700,SUBMISSION,,RAINFOREST_RESIN,SEASHELLS,9997,7
958800,,,KELP,SEASHELLS,2054,1
958900,,,KELP,SEASHELLS,2052,12
958900,,,KELP,SEASHELLS,2052,1
958900,,,SQUID_INK,SEASHELLS,1890,1
958900,,,SQUID_INK,SEASHELLS,1890,12
959100,,,SQUID_INK,SEASHELLS,1891,2
959200,,,SQUID_INK,SEASHELLS,1888,2
959200,,,KELP,SEASHELLS,2051,2
959600,,,SQUID_INK,SEASHELLS,1887,2
959600,SUBMISSION,,KELP,SEASHELLS,2052,2
959900,,,SQUID_INK,SEASHELLS,1886,2
959900,,,KELP,SEASHELLS,2051,2
960300,,,SQUID_INK,SEASHELLS,1886,1
960300,,,KELP,SEASHELLS,2051,1
960600,,,KELP,SEASHELLS,2054,1
960600,,,KELP,SEASHELLS,2054,8
960600,,,SQUID_INK,SEASHELLS,1889,9
961000,,SUBMISSION,KELP,SEASHELLS,2053,1
961100,,SUBMISSION,KELP,SEASHELLS,2053,1
961200,,,KELP,SEASHELLS,2052,1
961200,,,SQUID_INK,SEASHELLS,1890,1
961900,,,SQUID_INK,SEASHELLS,1891,2
961900,,,KELP,SEASHELLS,2052,2
961900,,,SQUID_INK,SEASHELLS,1889,1
961900,,,KELP,SEASHELLS,2050,1
962000,,,SQUID_INK,SEASHELLS,1888,1
962000,,,KELP,SEASHELLS,2050,1
962300,,,SQUID_INK,SEASHELLS,1887,1
962300,SUBMISSION,,KELP,SEASHELLS,2051,1
962400,,SUBMISSION,RAINFOREST_RESIN,SEASHELLS,9998,6
962400,,SUBMISSION,RAINFOREST_RESIN,SEASHELLS,9998,1
962500,,,SQUID_INK,SEASHELLS,1887,5
962500,SUBMISSION,,KELP,SEASHELLS,2051,13
962500,,,SQUID_INK,SEASHELLS,1887,8
962700,,,SQUID_INK,SEASHELLS,1887,2
962700,SUBMISSION,,KELP,SEASHELLS,2051,2
962800,SUBMISSION,,RAINFOREST_RESIN,SEASHELLS,9997,7
962900,,,SQUID_INK,SEASHELLS,1889,1
962900,,SUBMISSION,KELP,SEASHELLS,2053,1
963000,,SUBMISSION,RAINFOREST_RESIN,SEASHELLS,9998,7
963100,,,KELP,SEASHELLS,2052,5
963100,,,RAINFOREST_RESIN,SEASHELLS,9998,4
963100,,,SQUID_INK,SEASHELLS,1891,5
963300,,,SQUID_INK,SEASHELLS,1892,1
963300,,SUBMISSION,KELP,SEASHELLS,2053,1
963400,,,SQUID_INK,SEASHELLS,1890,10
963400,SUBMISSION,,KELP,SEASHELLS,2051,10
963500,,SUBMISSION,KELP,SEASHELLS,2053,1
963600,SUBMISSION,,RAINFOREST_RESIN,SEASHELLS,9997,1
963800,,,SQUID_INK,SEASHELLS,1892,1
963800,,SUBMISSION,KELP,SEASHELLS,2053,1
964100,,,SQUID_INK,SEASHELLS,1891,1
964100,,SUBMISSION,KELP,SEASHELLS,2053,1
964900,,SUBMISSION,KELP,SEASHELLS,2053,1
965100,,,KELP,SEASHELLS,2051,1
965100,,,SQUID_INK,SEASHELLS,1895,1
965300,,SUBMISSION,KELP,SEASHELLS,2054,1
965300,,,SQUID_INK,SEASHELLS,1897,1
965400,,,KELP,SEASHELLS,2052,1
965400,,,SQUID_INK,SEASHELLS,1896,1
965500,,SUBMISSION,RAINFOREST_RESIN,SEASHELLS,9998,1
965500,,,SQUID_INK,SEASHELLS,1899,1
965500,,SUBMISSION,KELP,SEASHELLS,2053,1
965600,SUBMISSION,,RAINFOREST_RESIN,SEASHELLS,9997,2
965900,,,RAINFOREST_RESIN,SEASHELLS,10002,2
965900,,SUBMISSION,RAINFOREST_RESIN,SEASHELLS,10002,2
966200,SUBMISSION,,RAINFOREST_RESIN,SEASHELLS,9997,1
966200,,,SQUID_INK,SEASHELLS,1902,1
966200,,,KELP,SEASHELLS,2054,1
966300,,SUBMISSION,KELP,SEASHELLS,2054,1
966500,,,SQUID_INK,SEASHELLS,1900,1
966500,,SUBMISSION,KELP,SEASHELLS,2054,1
967100,,SUBMISSION,KELP,SEASHELLS,2054,2
967100,,,SQUID_INK,SEASHELLS,1900,2
967600,,SUBMISSION,RAINFOREST_RESIN,SEASHELLS,10006,1
967800,SUBMISSION,,RAINFOREST_RESIN,SEASHELLS,9997,1
967900,,SUBMISSION,RAINFOREST_RESIN,SEASHELLS,9998,1
967900,,,RAINFOREST_RESIN,SEASHELLS,9999,1
968000,,,SQUID_INK,SEASHELLS,1898,1
968000,,,KELP,SEASHELLS,2056,1
968300,,,RAINFOREST_RESIN,SEASHELLS,10008,1
968400,,,SQUID_INK,SEASHELLS,1895,1
968400,,,KELP,SEASHELLS,2052,1
968400,,,KELP,SEASHELLS,2052,9
968400,,SUBMISSION,KELP,SEASHELLS,2054,1
968400,SUBMISSION,,SQUID_INK,SEASHELLS,1895,9
968600,SUBMISSION,,RAINFOREST_RESIN,SEASHELLS,10002,1
968900,SUBMISSION,,RAINFOREST_RESIN,SEASHELLS,10002,1
969100,,,KELP,SEASHELLS,2053,2
969100,,,SQUID_INK,SEASHELLS,1894,2
969200,,,KELP,SEASHELLS,2053,1
969200,,,SQUID_INK,SEASHELLS,1893,1
969400,,SUBMISSION,KELP,SEASHELLS,2055,1
969400,,,KELP,SEASHELLS,2055,1
969400,,,SQUID_INK,SEASHELLS,1895,1
969400,,,KELP,SEASHELLS,2055,3
969400,,,SQUID_INK,SEASHELLS,1895,3
969600,SUBMISSION,,RAINFOREST_RESIN,SEASHELLS,10002,1
969700,SUBMISSION,,RAINFOREST_RESIN,SEASHELLS,9997,6
969900,,,KELP,SEASHELLS,2053,2
969900,,,SQUID_INK,SEASHELLS,1892,1
969900,SUBMISSION,,SQUID_INK,SEASHELLS,1892,1
970000,,SUBMISSION,RAINFOREST_RESIN,SEASHELLS,9998,1
970400,,,KELP,SEASHELLS,2053,2
970400,,SUBMISSION,KELP,SEASHELLS,2055,11
970400,SUBMISSION,,SQUID_INK,SEASHELLS,1891,2
970400,,,SQUID_INK,SEASHELLS,1893,11
971000,,,SQUID_INK,SEASHELLS,1883,1
971000,,,KELP,SEASHELLS,2054,1
971300,,SUBMISSION,RAINFOREST_RESIN,SEASHELLS,9997,9
971900,,,SQUID_INK,SEASHELLS,1888,1
971900,,,KELP,SEASHELLS,2054,1
972400,,,SQUID_INK,SEASHELLS,1890,1
972400,,,KELP,SEASHELLS,2056,1
972500,,,KELP,SEASHELLS,2056,1
972700,SUBMISSION,,RAINFOREST_RESIN,SEASHELLS,9997,2
972900,,,SQUID_INK,SEASHELLS,1889,1
972900,,,KELP,SEASHELLS,2053,1
973200,,,SQUID_INK,SEASHELLS,1891,4
973200,,,KELP,SEASHELLS,2054,2
973400,,SUBMISSION,RAINFOREST_RESIN,SEASHELLS,10002,2
973400,,,RAINFOREST_RESIN,SEASHELLS,10002,3
973500,,SUBMISSION,SQUID_INK,SEASHELLS,1891,1
973800,,,KELP,SEASHELLS,2056,1
973900,,,SQUID_INK,SEASHELLS,1889,2
973900,,,KELP,SEASHELLS,2053,2
974000,,,KELP,SEASHELLS,2053,1
974000,,,SQUID_INK,SEASHELLS,1890,1
974200,SUBMISSION,,RAINFOREST_RESIN,SEASHELLS,9993,1
974200,,,RAINFOREST_RESIN,SEASHELLS,9999,1
974400,,SUBMISSION,SQUID_INK,SEASHELLS,1891,4
974500,,SUBMISSION,SQUID_INK,SEASHELLS,1892,1
974500,,,KELP,SEASHELLS,2057,1
974600,,SUBMISSION,SQUID_INK,SEASHELLS,1893,1
974600,,,KELP,SEASHELLS,2057,1
974900,,SUBMISSION,SQUID_INK,SEASHELLS,1893,1
974900,,,KELP,SEASHELLS,2056,1
975000,,,RAINFOREST_RESIN,SEASHELLS,9998,3
975200,,,KELP,SEASHELLS,2056,2
975200,,,SQUID_INK,SEASHELLS,1894,2
975300,,,KELP,SEASHELLS,2056,1
975300,SUBMISSION,,RAINFOREST_RESIN,SEASHELLS,9997,1
975500,,,KELP,SEASHELLS,2054,1
975500,,,KELP,SEASHELLS,2054,2
975500,,,SQUID_INK,SEASHELLS,1892,1
976000,,,SQUID_INK,SEASHELLS,1893,8
976000,,,KELP,SEASHELLS,2054,8
976000,,,KELP,SEASHELLS,2054,3
976000,,,SQUID_INK,SEASHELLS,1893,3
976200,,,KELP,SEASHELLS,2054,1
976200,,,SQUID_INK,SEASHELLS,1893,1
976500,,,SQUID_INK,SEASHELLS,1893,1
976600,,,SQUID_INK,SEASHELLS,1894,1
976800,,,KELP,SEASHELLS,2054,2
976800,,,SQUID_INK,SEASHELLS,1894,2
976800,,SUBMISSION,RAINFOREST_RESIN,SEASHELLS,10002,2
976900,,SUBMISSION,SQUID_INK,SEASHELLS,1896,2
976900,,,KELP,SEASHELLS,2057,2
976900,SUBMISSION,,RAINFOREST_RESIN,SEASHELLS,9995,4
977100,,,RAINFOREST_RESIN,SEASHELLS,9999,1
977100,,SUBMISSION,RAINFOREST_RESIN,SEASHELLS,9998,4
977200,,,KELP,SEASHELLS,2053,1
977200,,,SQUID_INK,SEASHELLS,1891,1
977400,,,KELP,SEASHELLS,2053,1
977400,,,SQUID_INK,SEASHELLS,1890,1
977600,,,KELP,SEASHELLS,2053,1
977600,,,SQUID_INK,SEASHELLS,1889,1
978200,SUBMISSION,,RAINFOREST_RESIN,SEASHELLS,10002,1
978300,,,KELP,SEASHELLS,2056,1
978300,,,SQUID_INK,SEASHELLS,1888,1
979100,,,KELP,SEASHELLS,2057,1
979100,,,SQUID_INK,SEASHELLS,1879,1
979800,,,KELP,SEASHELLS,2054,13
979800,SUBMISSION,,SQUID_INK,SEASHELLS,1869,13
979900,SUBMISSION,,RAINFOREST_RESIN,SEASHELLS,9997,5
980800,SUBMISSION,,RAINFOREST_RESIN,SEASHELLS,10002,1
981500,,,SQUID_INK,SEASHELLS,1869,3
981500,,,KELP,SEASHELLS,2056,3
981500,SUBMISSION,,RAINFOREST_RESIN,SEASHELLS,10002,1
981700,,,KELP,SEASHELLS,2054,1
981700,SUBMISSION,,SQUID_INK,SEASHELLS,1862,1
981900,SUBMISSION,,RAINFOREST_RESIN,SEASHELLS,10002,6
981900,SUBMISSION,,RAINFOREST_RESIN,SEASHELLS,10002,1
982800,SUBMISSION,,RAINFOREST_RESIN,SEASHELLS,9995,1
982900,SUBMISSION,,RAINFOREST_RESIN,SEASHELLS,9997,2
984000,,,KELP,SEASHELLS,2054,2
984000,,,SQUID_INK,SEASHELLS,1858,2
984100,,SUBMISSION,RAINFOREST_RESIN,SEASHELLS,9998,1
984300,,,KELP,SEASHELLS,2054,0
984300,,,KELP,SEASHELLS,2054,1
984300,,,SQUID_INK,SEASHELLS,1864,1
984300,,,KELP,SEASHELLS,2054,3
984300,,,SQUID_INK,SEASHELLS,1864,0
984300,,,KELP,SEASHELLS,2054,7
984300,,,SQUID_INK,SEASHELLS,1864,3
984300,,,SQUID_INK,SEASHELLS,1864,7
985000,,SUBMISSION,SQUID_INK,SEASHELLS,1868,16
985000,,SUBMISSION,RAINFOREST_RESIN,SEASHELLS,10002,10
985000,,,KELP,SEASHELLS,2054,1
985000,,,SQUID_INK,SEASHELLS,1867,1
985500,,,KELP,SEASHELLS,2057,13
985500,,,SQUID_INK,SEASHELLS,1869,13
985700,,,KELP,SEASHELLS,2057,2
985700,,,SQUID_INK,SEASHELLS,1870,2
985800,SUBMISSION,,KELP,SEASHELLS,2054,1
985800,,,SQUID_INK,SEASHELLS,1867,1
985800,,,RAINFOREST_RESIN,SEASHELLS,10002,5
986000,,,SQUID_INK,SEASHELLS,1868,1
986100,,,RAINFOREST_RESIN,SEASHELLS,9992,10
986100,,,RAINFOREST_RESIN,SEASHELLS,9998,1
986500,,,KELP,SEASHELLS,2055,2
986500,,,SQUID_INK,SEASHELLS,1871,2
986700,,,SQUID_INK,SEASHELLS,1870,1
986700,,SUBMISSION,KELP,SEASHELLS,2055,1
986700,SUBMISSION,,RAINFOREST_RESIN,SEASHELLS,9997,1
986800,,,KELP,SEASHELLS,2053,1
986800,,,SQUID_INK,SEASHELLS,1866,1
987000,,,SQUID_INK,SEASHELLS,1869,1
987000,,,KELP,SEASHELLS,2055,1
987000,,SUBMISSION,RAINFOREST_RESIN,SEASHELLS,10002,1
987700,,,KELP,SEASHELLS,2053,4
987700,,,SQUID_INK,SEASHELLS,1874,4
987700,SUBMISSION,,RAINFOREST_RESIN,SEASHELLS,10002,1
988200,SUBMISSION,,RAINFOREST_RESIN,SEASHELLS,9997,2
988500,,,KELP,SEASHELLS,2054,3
988500,,,SQUID_INK,SEASHELLS,1877,3
988800,,SUBMISSION,RAINFOREST_RESIN,SEASHELLS,10002,4
989000,,,SQUID_INK,SEASHELLS,1868,1
989000,,,KELP,SEASHELLS,2053,1
989900,,,RAINFOREST_RESIN,SEASHELLS,9998,3
989900,,SUBMISSION,RAINFOREST_RESIN,SEASHELLS,9997,8
990300,,,KELP,SEASHELLS,2056,1
990300,,,SQUID_INK,SEASHELLS,1871,14
991400,,,SQUID_INK,SEASHELLS,1866,1
991400,,,KELP,SEASHELLS,2053,1
991600,,,SQUID_INK,SEASHELLS,1866,4
991600,SUBMISSION,,RAINFOREST_RESIN,SEASHELLS,10002,1
991600,,,KELP,SEASHELLS,2054,5
991600,,,SQUID_INK,SEASHELLS,1866,1
991800,,,RAINFOREST_RESIN,SEASHELLS,10002,3
991800,,SUBMISSION,RAINFOREST_RESIN,SEASHELLS,10002,1
991900,,,SQUID_INK,SEASHELLS,1865,4
991900,,,KELP,SEASHELLS,2054,4
992200,,,KELP,SEASHELLS,2055,1
992200,,,SQUID_INK,SEASHELLS,1866,1
992400,,,SQUID_INK,SEASHELLS,1865,1
992600,,,KELP,SEASHELLS,2053,1
992600,,,SQUID_INK,SEASHELLS,1864,1
992700,,,SQUID_INK,SEASHELLS,1866,4
993200,,,SQUID_INK,SEASHELLS,1865,4
993200,,,SQUID_INK,SEASHELLS,1865,1
993200,,,RAINFOREST_RESIN,SEASHELLS,9997,10
993200,,,KELP,SEASHELLS,2054,4
993200,,,KELP,SEASHELLS,2054,1
993600,,,KELP,SEASHELLS,2057,1
993600,,,SQUID_INK,SEASHELLS,1867,1
993900,,,SQUID_INK,SEASHELLS,1865,1
993900,,,KELP,SEASHELLS,2054,1
995000,,,SQUID_INK,SEASHELLS,1868,1
995000,,,KELP,SEASHELLS,2057,1
995300,,,KELP,SEASHELLS,2054,2
995300,,,SQUID_INK,SEASHELLS,1868,2
995400,,,RAINFOREST_RESIN,SEASHELLS,10008,5
995700,SUBMISSION,,RAINFOREST_RESIN,SEASHELLS,9997,2
995700,,,RAINFOREST_RESIN,SEASHELLS,10008,7
995900,,,SQUID_INK,SEASHELLS,1878,13
995900,,,KELP,SEASHELLS,2056,13
996000,,,KELP,SEASHELLS,2053,4
996000,,SUBMISSION,RAINFOREST_RESIN,SEASHELLS,9998,2
996200,,,KELP,SEASHELLS,2053,1
996200,,,KELP,SEASHELLS,2053,5
996200,,,SQUID_INK,SEASHELLS,1876,5
996200,,,SQUID_INK,SEASHELLS,1876,1
996300,,,SQUID_INK,SEASHELLS,1879,1
996300,,,KELP,SEASHELLS,2055,1
996400,SUBMISSION,,RAINFOREST_RESIN,SEASHELLS,9993,1
996500,,,SQUID_INK,SEASHELLS,1879,5
996500,,,KELP,SEASHELLS,2054,5
996600,,,KELP,SEASHELLS,2054,5
996600,,,SQUID_INK,SEASHELLS,1878,5
996700,,,SQUID_INK,SEASHELLS,1879,3
996700,,,KELP,SEASHELLS,2054,3
997000,,SUBMISSION,RAINFOREST_RESIN,SEASHELLS,9998,1
997000,,,RAINFOREST_RESIN,SEASHELLS,10001,1
997100,SUBMISSION,,RAINFOREST_RESIN,SEASHELLS,9997,6
997200,,,KELP,SEASHELLS,2053,1
997200,,,SQUID_INK,SEASHELLS,1877,1
997700,,SUBMISSION,RAINFOREST_RESIN,SEASHELLS,9998,6
997800,,,SQUID_INK,SEASHELLS,1879,1
997800,SUBMISSION,,RAINFOREST_RESIN,SEASHELLS,9993,6
997800,,,KELP,SEASHELLS,2057,1
998000,,,KELP,SEASHELLS,2057,2
998000,,,SQUID_INK,SEASHELLS,1877,2
998500,,,RAINFOREST_RESIN,SEASHELLS,10002,4
999100,,,KELP,SEASHELLS,2057,2
999100,,,SQUID_INK,SEASHELLS,1881,2
999400,,SUBMISSION,RAINFOREST_RESIN,SEASHELLS,10002,1
999400,,,KELP,SEASHELLS,2056,1
999400,,,SQUID_INK,SEASHELLS,1880,1
999500,,,KELP,SEASHELLS,2055,1
999500,,,SQUID_INK,SEASHELLS,1878,1
999700,,,SQUID_INK,SEASHELLS,1879,1
999700,,,KELP,SEASHELLS,2054,1
999800,SUBMISSION,,RAINFOREST_RESIN,SEASHELLS,9997,5
